enzyme_id,pollutant,ph,temperature,salinity,reference_score,has_sequence
ENZ001,PET,6,25,0.0,0.6725000000000001,True
ENZ001,PET,6,25,0.5,0.6725000000000001,True
ENZ001,PET,6,25,1.0,0.6725000000000001,True
ENZ001,PET,6,35,0.0,0.6725000000000001,True
ENZ001,PET,6,35,0.5,0.6725000000000001,True
ENZ001,PET,6,35,1.0,0.6725000000000001,True
ENZ001,PET,6,45,0.0,0.6100000000000001,True
ENZ001,PET,6,45,0.5,0.6100000000000001,True
ENZ001,PET,6,45,1.0,0.6100000000000001,True
ENZ001,PET,6,55,0.0,0.485,True
ENZ001,PET,6,55,0.5,0.485,True
ENZ001,PET,6,55,1.0,0.485,True
ENZ001,PET,6,65,0.0,0.4225,True
ENZ001,PET,6,65,0.5,0.4225,True
ENZ001,PET,6,65,1.0,0.4225,True
ENZ001,PET,7,25,0.0,0.7975000000000001,True
ENZ001,PET,7,25,0.5,0.7975000000000001,True
ENZ001,PET,7,25,1.0,0.7975000000000001,True
ENZ001,PET,7,35,0.0,0.7975000000000001,True
ENZ001,PET,7,35,0.5,0.7975000000000001,True
ENZ001,PET,7,35,1.0,0.7975000000000001,True
ENZ001,PET,7,45,0.0,0.7350000000000001,True
ENZ001,PET,7,45,0.5,0.7350000000000001,True
ENZ001,PET,7,45,1.0,0.7350000000000001,True
ENZ001,PET,7,55,0.0,0.6100000000000001,True
ENZ001,PET,7,55,0.5,0.6100000000000001,True
ENZ001,PET,7,55,1.0,0.6100000000000001,True
ENZ001,PET,7,65,0.0,0.5475,True
ENZ001,PET,7,65,0.5,0.5475,True
ENZ001,PET,7,65,1.0,0.5475,True
ENZ001,PET,8,25,0.0,0.8600000000000001,True
ENZ001,PET,8,25,0.5,0.8600000000000001,True
ENZ001,PET,8,25,1.0,0.8600000000000001,True
ENZ001,PET,8,35,0.0,0.8600000000000001,True
ENZ001,PET,8,35,0.5,0.8600000000000001,True
ENZ001,PET,8,35,1.0,0.8600000000000001,True
ENZ001,PET,8,45,0.0,0.7975000000000001,True
ENZ001,PET,8,45,0.5,0.7975000000000001,True
ENZ001,PET,8,45,1.0,0.7975000000000001,True
ENZ001,PET,8,55,0.0,0.6725000000000001,True
ENZ001,PET,8,55,0.5,0.6725000000000001,True
ENZ001,PET,8,55,1.0,0.6725000000000001,True
ENZ001,PET,8,65,0.0,0.6100000000000001,True
ENZ001,PET,8,65,0.5,0.6100000000000001,True
ENZ001,PET,8,65,1.0,0.6100000000000001,True
ENZ001,PET,9,25,0.0,0.8600000000000001,True
ENZ001,PET,9,25,0.5,0.8600000000000001,True
ENZ001,PET,9,25,1.0,0.8600000000000001,True
ENZ001,PET,9,35,0.0,0.8600000000000001,True
ENZ001,PET,9,35,0.5,0.8600000000000001,True
ENZ001,PET,9,35,1.0,0.8600000000000001,True
ENZ001,PET,9,45,0.0,0.7975000000000001,True
ENZ001,PET,9,45,0.5,0.7975000000000001,True
ENZ001,PET,9,45,1.0,0.7975000000000001,True
ENZ001,PET,9,55,0.0,0.6725000000000001,True
ENZ001,PET,9,55,0.5,0.6725000000000001,True
ENZ001,PET,9,55,1.0,0.6725000000000001,True
ENZ001,PET,9,65,0.0,0.6100000000000001,True
ENZ001,PET,9,65,0.5,0.6100000000000001,True
ENZ001,PET,9,65,1.0,0.6100000000000001,True
ENZ001,PET,10,25,0.0,0.8600000000000001,True
ENZ001,PET,10,25,0.5,0.8600000000000001,True
ENZ001,PET,10,25,1.0,0.8600000000000001,True
ENZ001,PET,10,35,0.0,0.8600000000000001,True
ENZ001,PET,10,35,0.5,0.8600000000000001,True
ENZ001,PET,10,35,1.0,0.8600000000000001,True
ENZ001,PET,10,45,0.0,0.7975000000000001,True
ENZ001,PET,10,45,0.5,0.7975000000000001,True
ENZ001,PET,10,45,1.0,0.7975000000000001,True
ENZ001,PET,10,55,0.0,0.6725000000000001,True
ENZ001,PET,10,55,0.5,0.6725000000000001,True
ENZ001,PET,10,55,1.0,0.6725000000000001,True
ENZ001,PET,10,65,0.0,0.6100000000000001,True
ENZ001,PET,10,65,0.5,0.6100000000000001,True
ENZ001,PET,10,65,1.0,0.6100000000000001,True
ENZ002,PET,6,25,0.0,0.8600000000000001,True
ENZ002,PET,6,25,0.5,0.8600000000000001,True
ENZ002,PET,6,25,1.0,0.8600000000000001,True
ENZ002,PET,6,35,0.0,0.8600000000000001,True
ENZ002,PET,6,35,0.5,0.8600000000000001,True
ENZ002,PET,6,35,1.0,0.8600000000000001,True
ENZ002,PET,6,45,0.0,0.7975000000000001,True
ENZ002,PET,6,45,0.5,0.7975000000000001,True
ENZ002,PET,6,45,1.0,0.7975000000000001,True
ENZ002,PET,6,55,0.0,0.6725000000000001,True
ENZ002,PET,6,55,0.5,0.6725000000000001,True
ENZ002,PET,6,55,1.0,0.6725000000000001,True
ENZ002,PET,6,65,0.0,0.6100000000000001,True
ENZ002,PET,6,65,0.5,0.6100000000000001,True
ENZ002,PET,6,65,1.0,0.6100000000000001,True
ENZ002,PET,7,25,0.0,0.8600000000000001,True
ENZ002,PET,7,25,0.5,0.8600000000000001,True
ENZ002,PET,7,25,1.0,0.8600000000000001,True
ENZ002,PET,7,35,0.0,0.8600000000000001,True
ENZ002,PET,7,35,0.5,0.8600000000000001,True
ENZ002,PET,7,35,1.0,0.8600000000000001,True
ENZ002,PET,7,45,0.0,0.7975000000000001,True
ENZ002,PET,7,45,0.5,0.7975000000000001,True
ENZ002,PET,7,45,1.0,0.7975000000000001,True
ENZ002,PET,7,55,0.0,0.6725000000000001,True
ENZ002,PET,7,55,0.5,0.6725000000000001,True
ENZ002,PET,7,55,1.0,0.6725000000000001,True
ENZ002,PET,7,65,0.0,0.6100000000000001,True
ENZ002,PET,7,65,0.5,0.6100000000000001,True
ENZ002,PET,7,65,1.0,0.6100000000000001,True
ENZ002,PET,8,25,0.0,0.8600000000000001,True
ENZ002,PET,8,25,0.5,0.8600000000000001,True
ENZ002,PET,8,25,1.0,0.8600000000000001,True
ENZ002,PET,8,35,0.0,0.8600000000000001,True
ENZ002,PET,8,35,0.5,0.8600000000000001,True
ENZ002,PET,8,35,1.0,0.8600000000000001,True
ENZ002,PET,8,45,0.0,0.7975000000000001,True
ENZ002,PET,8,45,0.5,0.7975000000000001,True
ENZ002,PET,8,45,1.0,0.7975000000000001,True
ENZ002,PET,8,55,0.0,0.6725000000000001,True
ENZ002,PET,8,55,0.5,0.6725000000000001,True
ENZ002,PET,8,55,1.0,0.6725000000000001,True
ENZ002,PET,8,65,0.0,0.6100000000000001,True
ENZ002,PET,8,65,0.5,0.6100000000000001,True
ENZ002,PET,8,65,1.0,0.6100000000000001,True
ENZ002,PET,9,25,0.0,0.8600000000000001,True
ENZ002,PET,9,25,0.5,0.8600000000000001,True
ENZ002,PET,9,25,1.0,0.8600000000000001,True
ENZ002,PET,9,35,0.0,0.8600000000000001,True
ENZ002,PET,9,35,0.5,0.8600000000000001,True
ENZ002,PET,9,35,1.0,0.8600000000000001,True
ENZ002,PET,9,45,0.0,0.7975000000000001,True
ENZ002,PET,9,45,0.5,0.7975000000000001,True
ENZ002,PET,9,45,1.0,0.7975000000000001,True
ENZ002,PET,9,55,0.0,0.6725000000000001,True
ENZ002,PET,9,55,0.5,0.6725000000000001,True
ENZ002,PET,9,55,1.0,0.6725000000000001,True
ENZ002,PET,9,65,0.0,0.6100000000000001,True
ENZ002,PET,9,65,0.5,0.6100000000000001,True
ENZ002,PET,9,65,1.0,0.6100000000000001,True
ENZ002,PET,10,25,0.0,0.7350000000000001,True
ENZ002,PET,10,25,0.5,0.7350000000000001,True
ENZ002,PET,10,25,1.0,0.7350000000000001,True
ENZ002,PET,10,35,0.0,0.7350000000000001,True
ENZ002,PET,10,35,0.5,0.7350000000000001,True
ENZ002,PET,10,35,1.0,0.7350000000000001,True
ENZ002,PET,10,45,0.0,0.6725000000000001,True
ENZ002,PET,10,45,0.5,0.6725000000000001,True
ENZ002,PET,10,45,1.0,0.6725000000000001,True
ENZ002,PET,10,55,0.0,0.5475,True
ENZ002,PET,10,55,0.5,0.5475,True
ENZ002,PET,10,55,1.0,0.5475,True
ENZ002,PET,10,65,0.0,0.485,True
ENZ002,PET,10,65,0.5,0.485,True
ENZ002,PET,10,65,1.0,0.485,True
ENZ003,PET,6,25,0.0,0.5475,True
ENZ003,PET,6,25,0.5,0.5475,True
ENZ003,PET,6,25,1.0,0.5475,True
ENZ003,PET,6,35,0.0,0.5475,True
ENZ003,PET,6,35,0.5,0.5475,True
ENZ003,PET,6,35,1.0,0.5475,True
ENZ003,PET,6,45,0.0,0.585,True
ENZ003,PET,6,45,0.5,0.585,True
ENZ003,PET,6,45,1.0,0.585,True
ENZ003,PET,6,55,0.0,0.71,True
ENZ003,PET,6,55,0.5,0.71,True
ENZ003,PET,6,55,1.0,0.71,True
ENZ003,PET,6,65,0.0,0.7975000000000001,True
ENZ003,PET,6,65,0.5,0.7975000000000001,True
ENZ003,PET,6,65,1.0,0.7975000000000001,True
ENZ003,PET,7,25,0.0,0.6100000000000001,True
ENZ003,PET,7,25,0.5,0.6100000000000001,True
ENZ003,PET,7,25,1.0,0.6100000000000001,True
ENZ003,PET,7,35,0.0,0.6100000000000001,True
ENZ003,PET,7,35,0.5,0.6100000000000001,True
ENZ003,PET,7,35,1.0,0.6100000000000001,True
ENZ003,PET,7,45,0.0,0.6475,True
ENZ003,PET,7,45,0.5,0.6475,True
ENZ003,PET,7,45,1.0,0.6475,True
ENZ003,PET,7,55,0.0,0.7725,True
ENZ003,PET,7,55,0.5,0.7725,True
ENZ003,PET,7,55,1.0,0.7725,True
ENZ003,PET,7,65,0.0,0.8600000000000001,True
ENZ003,PET,7,65,0.5,0.8600000000000001,True
ENZ003,PET,7,65,1.0,0.8600000000000001,True
ENZ003,PET,8,25,0.0,0.6100000000000001,True
ENZ003,PET,8,25,0.5,0.6100000000000001,True
ENZ003,PET,8,25,1.0,0.6100000000000001,True
ENZ003,PET,8,35,0.0,0.6100000000000001,True
ENZ003,PET,8,35,0.5,0.6100000000000001,True
ENZ003,PET,8,35,1.0,0.6100000000000001,True
ENZ003,PET,8,45,0.0,0.6475,True
ENZ003,PET,8,45,0.5,0.6475,True
ENZ003,PET,8,45,1.0,0.6475,True
ENZ003,PET,8,55,0.0,0.7725,True
ENZ003,PET,8,55,0.5,0.7725,True
ENZ003,PET,8,55,1.0,0.7725,True
ENZ003,PET,8,65,0.0,0.8600000000000001,True
ENZ003,PET,8,65,0.5,0.8600000000000001,True
ENZ003,PET,8,65,1.0,0.8600000000000001,True
ENZ003,PET,9,25,0.0,0.6100000000000001,True
ENZ003,PET,9,25,0.5,0.6100000000000001,True
ENZ003,PET,9,25,1.0,0.6100000000000001,True
ENZ003,PET,9,35,0.0,0.6100000000000001,True
ENZ003,PET,9,35,0.5,0.6100000000000001,True
ENZ003,PET,9,35,1.0,0.6100000000000001,True
ENZ003,PET,9,45,0.0,0.6475,True
ENZ003,PET,9,45,0.5,0.6475,True
ENZ003,PET,9,45,1.0,0.6475,True
ENZ003,PET,9,55,0.0,0.7725,True
ENZ003,PET,9,55,0.5,0.7725,True
ENZ003,PET,9,55,1.0,0.7725,True
ENZ003,PET,9,65,0.0,0.8600000000000001,True
ENZ003,PET,9,65,0.5,0.8600000000000001,True
ENZ003,PET,9,65,1.0,0.8600000000000001,True
ENZ003,PET,10,25,0.0,0.5475,True
ENZ003,PET,10,25,0.5,0.5475,True
ENZ003,PET,10,25,1.0,0.5475,True
ENZ003,PET,10,35,0.0,0.5475,True
ENZ003,PET,10,35,0.5,0.5475,True
ENZ003,PET,10,35,1.0,0.5475,True
ENZ003,PET,10,45,0.0,0.585,True
ENZ003,PET,10,45,0.5,0.585,True
ENZ003,PET,10,45,1.0,0.585,True
ENZ003,PET,10,55,0.0,0.71,True
ENZ003,PET,10,55,0.5,0.71,True
ENZ003,PET,10,55,1.0,0.71,True
ENZ003,PET,10,65,0.0,0.7975000000000001,True
ENZ003,PET,10,65,0.5,0.7975000000000001,True
ENZ003,PET,10,65,1.0,0.7975000000000001,True
ENZ004,PET,6,25,0.0,0.485,False
ENZ004,PET,6,25,0.5,0.485,False
ENZ004,PET,6,25,1.0,0.485,False
ENZ004,PET,6,35,0.0,0.485,False
ENZ004,PET,6,35,0.5,0.485,False
ENZ004,PET,6,35,1.0,0.485,False
ENZ004,PET,6,45,0.0,0.6100000000000001,False
ENZ004,PET,6,45,0.5,0.6100000000000001,False
ENZ004,PET,6,45,1.0,0.6100000000000001,False
ENZ004,PET,6,55,0.0,0.7350000000000001,False
ENZ004,PET,6,55,0.5,0.7350000000000001,False
ENZ004,PET,6,55,1.0,0.7350000000000001,False
ENZ004,PET,6,65,0.0,0.7350000000000001,False
ENZ004,PET,6,65,0.5,0.7350000000000001,False
ENZ004,PET,6,65,1.0,0.7350000000000001,False
ENZ004,PET,7,25,0.0,0.6100000000000001,False
ENZ004,PET,7,25,0.5,0.6100000000000001,False
ENZ004,PET,7,25,1.0,0.6100000000000001,False
ENZ004,PET,7,35,0.0,0.6100000000000001,False
ENZ004,PET,7,35,0.5,0.6100000000000001,False
ENZ004,PET,7,35,1.0,0.6100000000000001,False
ENZ004,PET,7,45,0.0,0.7350000000000001,False
ENZ004,PET,7,45,0.5,0.7350000000000001,False
ENZ004,PET,7,45,1.0,0.7350000000000001,False
ENZ004,PET,7,55,0.0,0.8600000000000001,False
ENZ004,PET,7,55,0.5,0.8600000000000001,False
ENZ004,PET,7,55,1.0,0.8600000000000001,False
ENZ004,PET,7,65,0.0,0.8600000000000001,False
ENZ004,PET,7,65,0.5,0.8600000000000001,False
ENZ004,PET,7,65,1.0,0.8600000000000001,False
ENZ004,PET,8,25,0.0,0.6100000000000001,False
ENZ004,PET,8,25,0.5,0.6100000000000001,False
ENZ004,PET,8,25,1.0,0.6100000000000001,False
ENZ004,PET,8,35,0.0,0.6100000000000001,False
ENZ004,PET,8,35,0.5,0.6100000000000001,False
ENZ004,PET,8,35,1.0,0.6100000000000001,False
ENZ004,PET,8,45,0.0,0.7350000000000001,False
ENZ004,PET,8,45,0.5,0.7350000000000001,False
ENZ004,PET,8,45,1.0,0.7350000000000001,False
ENZ004,PET,8,55,0.0,0.8600000000000001,False
ENZ004,PET,8,55,0.5,0.8600000000000001,False
ENZ004,PET,8,55,1.0,0.8600000000000001,False
ENZ004,PET,8,65,0.0,0.8600000000000001,False
ENZ004,PET,8,65,0.5,0.8600000000000001,False
ENZ004,PET,8,65,1.0,0.8600000000000001,False
ENZ004,PET,9,25,0.0,0.6100000000000001,False
ENZ004,PET,9,25,0.5,0.6100000000000001,False
ENZ004,PET,9,25,1.0,0.6100000000000001,False
ENZ004,PET,9,35,0.0,0.6100000000000001,False
ENZ004,PET,9,35,0.5,0.6100000000000001,False
ENZ004,PET,9,35,1.0,0.6100000000000001,False
ENZ004,PET,9,45,0.0,0.7350000000000001,False
ENZ004,PET,9,45,0.5,0.7350000000000001,False
ENZ004,PET,9,45,1.0,0.7350000000000001,False
ENZ004,PET,9,55,0.0,0.8600000000000001,False
ENZ004,PET,9,55,0.5,0.8600000000000001,False
ENZ004,PET,9,55,1.0,0.8600000000000001,False
ENZ004,PET,9,65,0.0,0.8600000000000001,False
ENZ004,PET,9,65,0.5,0.8600000000000001,False
ENZ004,PET,9,65,1.0,0.8600000000000001,False
ENZ004,PET,10,25,0.0,0.6100000000000001,False
ENZ004,PET,10,25,0.5,0.6100000000000001,False
ENZ004,PET,10,25,1.0,0.6100000000000001,False
ENZ004,PET,10,35,0.0,0.6100000000000001,False
ENZ004,PET,10,35,0.5,0.6100000000000001,False
ENZ004,PET,10,35,1.0,0.6100000000000001,False
ENZ004,PET,10,45,0.0,0.7350000000000001,False
ENZ004,PET,10,45,0.5,0.7350000000000001,False
ENZ004,PET,10,45,1.0,0.7350000000000001,False
ENZ004,PET,10,55,0.0,0.8600000000000001,False
ENZ004,PET,10,55,0.5,0.8600000000000001,False
ENZ004,PET,10,55,1.0,0.8600000000000001,False
ENZ004,PET,10,65,0.0,0.8600000000000001,False
ENZ004,PET,10,65,0.5,0.8600000000000001,False
ENZ004,PET,10,65,1.0,0.8600000000000001,False
ENZ005,PET,6,25,0.0,0.6725000000000001,False
ENZ005,PET,6,25,0.5,0.6725000000000001,False
ENZ005,PET,6,25,1.0,0.6725000000000001,False
ENZ005,PET,6,35,0.0,0.7975000000000001,False
ENZ005,PET,6,35,0.5,0.7975000000000001,False
ENZ005,PET,6,35,1.0,0.7975000000000001,False
ENZ005,PET,6,45,0.0,0.7975000000000001,False
ENZ005,PET,6,45,0.5,0.7975000000000001,False
ENZ005,PET,6,45,1.0,0.7975000000000001,False
ENZ005,PET,6,55,0.0,0.7975000000000001,False
ENZ005,PET,6,55,0.5,0.7975000000000001,False
ENZ005,PET,6,55,1.0,0.7975000000000001,False
ENZ005,PET,6,65,0.0,0.6725000000000001,False
ENZ005,PET,6,65,0.5,0.6725000000000001,False
ENZ005,PET,6,65,1.0,0.6725000000000001,False
ENZ005,PET,7,25,0.0,0.7350000000000001,False
ENZ005,PET,7,25,0.5,0.7350000000000001,False
ENZ005,PET,7,25,1.0,0.7350000000000001,False
ENZ005,PET,7,35,0.0,0.8600000000000001,False
ENZ005,PET,7,35,0.5,0.8600000000000001,False
ENZ005,PET,7,35,1.0,0.8600000000000001,False
ENZ005,PET,7,45,0.0,0.8600000000000001,False
ENZ005,PET,7,45,0.5,0.8600000000000001,False
ENZ005,PET,7,45,1.0,0.8600000000000001,False
ENZ005,PET,7,55,0.0,0.8600000000000001,False
ENZ005,PET,7,55,0.5,0.8600000000000001,False
ENZ005,PET,7,55,1.0,0.8600000000000001,False
ENZ005,PET,7,65,0.0,0.7350000000000001,False
ENZ005,PET,7,65,0.5,0.7350000000000001,False
ENZ005,PET,7,65,1.0,0.7350000000000001,False
ENZ005,PET,8,25,0.0,0.7350000000000001,False
ENZ005,PET,8,25,0.5,0.7350000000000001,False
ENZ005,PET,8,25,1.0,0.7350000000000001,False
ENZ005,PET,8,35,0.0,0.8600000000000001,False
ENZ005,PET,8,35,0.5,0.8600000000000001,False
ENZ005,PET,8,35,1.0,0.8600000000000001,False
ENZ005,PET,8,45,0.0,0.8600000000000001,False
ENZ005,PET,8,45,0.5,0.8600000000000001,False
ENZ005,PET,8,45,1.0,0.8600000000000001,False
ENZ005,PET,8,55,0.0,0.8600000000000001,False
ENZ005,PET,8,55,0.5,0.8600000000000001,False
ENZ005,PET,8,55,1.0,0.8600000000000001,False
ENZ005,PET,8,65,0.0,0.7350000000000001,False
ENZ005,PET,8,65,0.5,0.7350000000000001,False
ENZ005,PET,8,65,1.0,0.7350000000000001,False
ENZ005,PET,9,25,0.0,0.7350000000000001,False
ENZ005,PET,9,25,0.5,0.7350000000000001,False
ENZ005,PET,9,25,1.0,0.7350000000000001,False
ENZ005,PET,9,35,0.0,0.8600000000000001,False
ENZ005,PET,9,35,0.5,0.8600000000000001,False
ENZ005,PET,9,35,1.0,0.8600000000000001,False
ENZ005,PET,9,45,0.0,0.8600000000000001,False
ENZ005,PET,9,45,0.5,0.8600000000000001,False
ENZ005,PET,9,45,1.0,0.8600000000000001,False
ENZ005,PET,9,55,0.0,0.8600000000000001,False
ENZ005,PET,9,55,0.5,0.8600000000000001,False
ENZ005,PET,9,55,1.0,0.8600000000000001,False
ENZ005,PET,9,65,0.0,0.7350000000000001,False
ENZ005,PET,9,65,0.5,0.7350000000000001,False
ENZ005,PET,9,65,1.0,0.7350000000000001,False
ENZ005,PET,10,25,0.0,0.6725000000000001,False
ENZ005,PET,10,25,0.5,0.6725000000000001,False
ENZ005,PET,10,25,1.0,0.6725000000000001,False
ENZ005,PET,10,35,0.0,0.7975000000000001,False
ENZ005,PET,10,35,0.5,0.7975000000000001,False
ENZ005,PET,10,35,1.0,0.7975000000000001,False
ENZ005,PET,10,45,0.0,0.7975000000000001,False
ENZ005,PET,10,45,0.5,0.7975000000000001,False
ENZ005,PET,10,45,1.0,0.7975000000000001,False
ENZ005,PET,10,55,0.0,0.7975000000000001,False
ENZ005,PET,10,55,0.5,0.7975000000000001,False
ENZ005,PET,10,55,1.0,0.7975000000000001,False
ENZ005,PET,10,65,0.0,0.6725000000000001,False
ENZ005,PET,10,65,0.5,0.6725000000000001,False
ENZ005,PET,10,65,1.0,0.6725000000000001,False
ENZ006,PA,6,25,0.0,0.8600000000000001,True
ENZ006,PA,6,25,0.5,0.8600000000000001,True
ENZ006,PA,6,25,1.0,0.8600000000000001,True
ENZ006,PA,6,35,0.0,0.8600000000000001,True
ENZ006,PA,6,35,0.5,0.8600000000000001,True
ENZ006,PA,6,35,1.0,0.8600000000000001,True
ENZ006,PA,6,45,0.0,0.7975000000000001,True
ENZ006,PA,6,45,0.5,0.7975000000000001,True
ENZ006,PA,6,45,1.0,0.7975000000000001,True
ENZ006,PA,6,55,0.0,0.6725000000000001,True
ENZ006,PA,6,55,0.5,0.6725000000000001,True
ENZ006,PA,6,55,1.0,0.6725000000000001,True
ENZ006,PA,6,65,0.0,0.6100000000000001,True
ENZ006,PA,6,65,0.5,0.6100000000000001,True
ENZ006,PA,6,65,1.0,0.6100000000000001,True
ENZ006,PA,7,25,0.0,0.8600000000000001,True
ENZ006,PA,7,25,0.5,0.8600000000000001,True
ENZ006,PA,7,25,1.0,0.8600000000000001,True
ENZ006,PA,7,35,0.0,0.8600000000000001,True
ENZ006,PA,7,35,0.5,0.8600000000000001,True
ENZ006,PA,7,35,1.0,0.8600000000000001,True
ENZ006,PA,7,45,0.0,0.7975000000000001,True
ENZ006,PA,7,45,0.5,0.7975000000000001,True
ENZ006,PA,7,45,1.0,0.7975000000000001,True
ENZ006,PA,7,55,0.0,0.6725000000000001,True
ENZ006,PA,7,55,0.5,0.6725000000000001,True
ENZ006,PA,7,55,1.0,0.6725000000000001,True
ENZ006,PA,7,65,0.0,0.6100000000000001,True
ENZ006,PA,7,65,0.5,0.6100000000000001,True
ENZ006,PA,7,65,1.0,0.6100000000000001,True
ENZ006,PA,8,25,0.0,0.8600000000000001,True
ENZ006,PA,8,25,0.5,0.8600000000000001,True
ENZ006,PA,8,25,1.0,0.8600000000000001,True
ENZ006,PA,8,35,0.0,0.8600000000000001,True
ENZ006,PA,8,35,0.5,0.8600000000000001,True
ENZ006,PA,8,35,1.0,0.8600000000000001,True
ENZ006,PA,8,45,0.0,0.7975000000000001,True
ENZ006,PA,8,45,0.5,0.7975000000000001,True
ENZ006,PA,8,45,1.0,0.7975000000000001,True
ENZ006,PA,8,55,0.0,0.6725000000000001,True
ENZ006,PA,8,55,0.5,0.6725000000000001,True
ENZ006,PA,8,55,1.0,0.6725000000000001,True
ENZ006,PA,8,65,0.0,0.6100000000000001,True
ENZ006,PA,8,65,0.5,0.6100000000000001,True
ENZ006,PA,8,65,1.0,0.6100000000000001,True
ENZ006,PA,9,25,0.0,0.7975000000000001,True
ENZ006,PA,9,25,0.5,0.7975000000000001,True
ENZ006,PA,9,25,1.0,0.7975000000000001,True
ENZ006,PA,9,35,0.0,0.7975000000000001,True
ENZ006,PA,9,35,0.5,0.7975000000000001,True
ENZ006,PA,9,35,1.0,0.7975000000000001,True
ENZ006,PA,9,45,0.0,0.7350000000000001,True
ENZ006,PA,9,45,0.5,0.7350000000000001,True
ENZ006,PA,9,45,1.0,0.7350000000000001,True
ENZ006,PA,9,55,0.0,0.6100000000000001,True
ENZ006,PA,9,55,0.5,0.6100000000000001,True
ENZ006,PA,9,55,1.0,0.6100000000000001,True
ENZ006,PA,9,65,0.0,0.5475,True
ENZ006,PA,9,65,0.5,0.5475,True
ENZ006,PA,9,65,1.0,0.5475,True
ENZ006,PA,10,25,0.0,0.6725000000000001,True
ENZ006,PA,10,25,0.5,0.6725000000000001,True
ENZ006,PA,10,25,1.0,0.6725000000000001,True
ENZ006,PA,10,35,0.0,0.6725000000000001,True
ENZ006,PA,10,35,0.5,0.6725000000000001,True
ENZ006,PA,10,35,1.0,0.6725000000000001,True
ENZ006,PA,10,45,0.0,0.6100000000000001,True
ENZ006,PA,10,45,0.5,0.6100000000000001,True
ENZ006,PA,10,45,1.0,0.6100000000000001,True
ENZ006,PA,10,55,0.0,0.485,True
ENZ006,PA,10,55,0.5,0.485,True
ENZ006,PA,10,55,1.0,0.485,True
ENZ006,PA,10,65,0.0,0.4225,True
ENZ006,PA,10,65,0.5,0.4225,True
ENZ006,PA,10,65,1.0,0.4225,True
ENZ007,PA,6,25,0.0,0.7975000000000001,False
ENZ007,PA,6,25,0.5,0.7975000000000001,False
ENZ007,PA,6,25,1.0,0.7975000000000001,False
ENZ007,PA,6,35,0.0,0.8600000000000001,False
ENZ007,PA,6,35,0.5,0.8600000000000001,False
ENZ007,PA,6,35,1.0,0.8600000000000001,False
ENZ007,PA,6,45,0.0,0.8600000000000001,False
ENZ007,PA,6,45,0.5,0.8600000000000001,False
ENZ007,PA,6,45,1.0,0.8600000000000001,False
ENZ007,PA,6,55,0.0,0.7975000000000001,False
ENZ007,PA,6,55,0.5,0.7975000000000001,False
ENZ007,PA,6,55,1.0,0.7975000000000001,False
ENZ007,PA,6,65,0.0,0.6725000000000001,False
ENZ007,PA,6,65,0.5,0.6725000000000001,False
ENZ007,PA,6,65,1.0,0.6725000000000001,False
ENZ007,PA,7,25,0.0,0.7975000000000001,False
ENZ007,PA,7,25,0.5,0.7975000000000001,False
ENZ007,PA,7,25,1.0,0.7975000000000001,False
ENZ007,PA,7,35,0.0,0.8600000000000001,False
ENZ007,PA,7,35,0.5,0.8600000000000001,False
ENZ007,PA,7,35,1.0,0.8600000000000001,False
ENZ007,PA,7,45,0.0,0.8600000000000001,False
ENZ007,PA,7,45,0.5,0.8600000000000001,False
ENZ007,PA,7,45,1.0,0.8600000000000001,False
ENZ007,PA,7,55,0.0,0.7975000000000001,False
ENZ007,PA,7,55,0.5,0.7975000000000001,False
ENZ007,PA,7,55,1.0,0.7975000000000001,False
ENZ007,PA,7,65,0.0,0.6725000000000001,False
ENZ007,PA,7,65,0.5,0.6725000000000001,False
ENZ007,PA,7,65,1.0,0.6725000000000001,False
ENZ007,PA,8,25,0.0,0.7975000000000001,False
ENZ007,PA,8,25,0.5,0.7975000000000001,False
ENZ007,PA,8,25,1.0,0.7975000000000001,False
ENZ007,PA,8,35,0.0,0.8600000000000001,False
ENZ007,PA,8,35,0.5,0.8600000000000001,False
ENZ007,PA,8,35,1.0,0.8600000000000001,False
ENZ007,PA,8,45,0.0,0.8600000000000001,False
ENZ007,PA,8,45,0.5,0.8600000000000001,False
ENZ007,PA,8,45,1.0,0.8600000000000001,False
ENZ007,PA,8,55,0.0,0.7975000000000001,False
ENZ007,PA,8,55,0.5,0.7975000000000001,False
ENZ007,PA,8,55,1.0,0.7975000000000001,False
ENZ007,PA,8,65,0.0,0.6725000000000001,False
ENZ007,PA,8,65,0.5,0.6725000000000001,False
ENZ007,PA,8,65,1.0,0.6725000000000001,False
ENZ007,PA,9,25,0.0,0.7975000000000001,False
ENZ007,PA,9,25,0.5,0.7975000000000001,False
ENZ007,PA,9,25,1.0,0.7975000000000001,False
ENZ007,PA,9,35,0.0,0.8600000000000001,False
ENZ007,PA,9,35,0.5,0.8600000000000001,False
ENZ007,PA,9,35,1.0,0.8600000000000001,False
ENZ007,PA,9,45,0.0,0.8600000000000001,False
ENZ007,PA,9,45,0.5,0.8600000000000001,False
ENZ007,PA,9,45,1.0,0.8600000000000001,False
ENZ007,PA,9,55,0.0,0.7975000000000001,False
ENZ007,PA,9,55,0.5,0.7975000000000001,False
ENZ007,PA,9,55,1.0,0.7975000000000001,False
ENZ007,PA,9,65,0.0,0.6725000000000001,False
ENZ007,PA,9,65,0.5,0.6725000000000001,False
ENZ007,PA,9,65,1.0,0.6725000000000001,False
ENZ007,PA,10,25,0.0,0.6725000000000001,False
ENZ007,PA,10,25,0.5,0.6725000000000001,False
ENZ007,PA,10,25,1.0,0.6725000000000001,False
ENZ007,PA,10,35,0.0,0.7350000000000001,False
ENZ007,PA,10,35,0.5,0.7350000000000001,False
ENZ007,PA,10,35,1.0,0.7350000000000001,False
ENZ007,PA,10,45,0.0,0.7350000000000001,False
ENZ007,PA,10,45,0.5,0.7350000000000001,False
ENZ007,PA,10,45,1.0,0.7350000000000001,False
ENZ007,PA,10,55,0.0,0.6725000000000001,False
ENZ007,PA,10,55,0.5,0.6725000000000001,False
ENZ007,PA,10,55,1.0,0.6725000000000001,False
ENZ007,PA,10,65,0.0,0.5475,False
ENZ007,PA,10,65,0.5,0.5475,False
ENZ007,PA,10,65,1.0,0.5475,False
ENZ008,PUR,6,25,0.0,0.8600000000000001,False
ENZ008,PUR,6,25,0.5,0.8600000000000001,False
ENZ008,PUR,6,25,1.0,0.8600000000000001,False
ENZ008,PUR,6,35,0.0,0.8600000000000001,False
ENZ008,PUR,6,35,0.5,0.8600000000000001,False
ENZ008,PUR,6,35,1.0,0.8600000000000001,False
ENZ008,PUR,6,45,0.0,0.7975000000000001,False
ENZ008,PUR,6,45,0.5,0.7975000000000001,False
ENZ008,PUR,6,45,1.0,0.7975000000000001,False
ENZ008,PUR,6,55,0.0,0.6725000000000001,False
ENZ008,PUR,6,55,0.5,0.6725000000000001,False
ENZ008,PUR,6,55,1.0,0.6725000000000001,False
ENZ008,PUR,6,65,0.0,0.6100000000000001,False
ENZ008,PUR,6,65,0.5,0.6100000000000001,False
ENZ008,PUR,6,65,1.0,0.6100000000000001,False
ENZ008,PUR,7,25,0.0,0.8600000000000001,False
ENZ008,PUR,7,25,0.5,0.8600000000000001,False
ENZ008,PUR,7,25,1.0,0.8600000000000001,False
ENZ008,PUR,7,35,0.0,0.8600000000000001,False
ENZ008,PUR,7,35,0.5,0.8600000000000001,False
ENZ008,PUR,7,35,1.0,0.8600000000000001,False
ENZ008,PUR,7,45,0.0,0.7975000000000001,False
ENZ008,PUR,7,45,0.5,0.7975000000000001,False
ENZ008,PUR,7,45,1.0,0.7975000000000001,False
ENZ008,PUR,7,55,0.0,0.6725000000000001,False
ENZ008,PUR,7,55,0.5,0.6725000000000001,False
ENZ008,PUR,7,55,1.0,0.6725000000000001,False
ENZ008,PUR,7,65,0.0,0.6100000000000001,False
ENZ008,PUR,7,65,0.5,0.6100000000000001,False
ENZ008,PUR,7,65,1.0,0.6100000000000001,False
ENZ008,PUR,8,25,0.0,0.8600000000000001,False
ENZ008,PUR,8,25,0.5,0.8600000000000001,False
ENZ008,PUR,8,25,1.0,0.8600000000000001,False
ENZ008,PUR,8,35,0.0,0.8600000000000001,False
ENZ008,PUR,8,35,0.5,0.8600000000000001,False
ENZ008,PUR,8,35,1.0,0.8600000000000001,False
ENZ008,PUR,8,45,0.0,0.7975000000000001,False
ENZ008,PUR,8,45,0.5,0.7975000000000001,False
ENZ008,PUR,8,45,1.0,0.7975000000000001,False
ENZ008,PUR,8,55,0.0,0.6725000000000001,False
ENZ008,PUR,8,55,0.5,0.6725000000000001,False
ENZ008,PUR,8,55,1.0,0.6725000000000001,False
ENZ008,PUR,8,65,0.0,0.6100000000000001,False
ENZ008,PUR,8,65,0.5,0.6100000000000001,False
ENZ008,PUR,8,65,1.0,0.6100000000000001,False
ENZ008,PUR,9,25,0.0,0.8600000000000001,False
ENZ008,PUR,9,25,0.5,0.8600000000000001,False
ENZ008,PUR,9,25,1.0,0.8600000000000001,False
ENZ008,PUR,9,35,0.0,0.8600000000000001,False
ENZ008,PUR,9,35,0.5,0.8600000000000001,False
ENZ008,PUR,9,35,1.0,0.8600000000000001,False
ENZ008,PUR,9,45,0.0,0.7975000000000001,False
ENZ008,PUR,9,45,0.5,0.7975000000000001,False
ENZ008,PUR,9,45,1.0,0.7975000000000001,False
ENZ008,PUR,9,55,0.0,0.6725000000000001,False
ENZ008,PUR,9,55,0.5,0.6725000000000001,False
ENZ008,PUR,9,55,1.0,0.6725000000000001,False
ENZ008,PUR,9,65,0.0,0.6100000000000001,False
ENZ008,PUR,9,65,0.5,0.6100000000000001,False
ENZ008,PUR,9,65,1.0,0.6100000000000001,False
ENZ008,PUR,10,25,0.0,0.7350000000000001,False
ENZ008,PUR,10,25,0.5,0.7350000000000001,False
ENZ008,PUR,10,25,1.0,0.7350000000000001,False
ENZ008,PUR,10,35,0.0,0.7350000000000001,False
ENZ008,PUR,10,35,0.5,0.7350000000000001,False
ENZ008,PUR,10,35,1.0,0.7350000000000001,False
ENZ008,PUR,10,45,0.0,0.6725000000000001,False
ENZ008,PUR,10,45,0.5,0.6725000000000001,False
ENZ008,PUR,10,45,1.0,0.6725000000000001,False
ENZ008,PUR,10,55,0.0,0.5475,False
ENZ008,PUR,10,55,0.5,0.5475,False
ENZ008,PUR,10,55,1.0,0.5475,False
ENZ008,PUR,10,65,0.0,0.485,False
ENZ008,PUR,10,65,0.5,0.485,False
ENZ008,PUR,10,65,1.0,0.485,False
ENZ009,PUR,6,25,0.0,0.8600000000000001,False
ENZ009,PUR,6,25,0.5,0.8600000000000001,False
ENZ009,PUR,6,25,1.0,0.8600000000000001,False
ENZ009,PUR,6,35,0.0,0.8600000000000001,False
ENZ009,PUR,6,35,0.5,0.8600000000000001,False
ENZ009,PUR,6,35,1.0,0.8600000000000001,False
ENZ009,PUR,6,45,0.0,0.7975000000000001,False
ENZ009,PUR,6,45,0.5,0.7975000000000001,False
ENZ009,PUR,6,45,1.0,0.7975000000000001,False
ENZ009,PUR,6,55,0.0,0.6725000000000001,False
ENZ009,PUR,6,55,0.5,0.6725000000000001,False
ENZ009,PUR,6,55,1.0,0.6725000000000001,False
ENZ009,PUR,6,65,0.0,0.6100000000000001,False
ENZ009,PUR,6,65,0.5,0.6100000000000001,False
ENZ009,PUR,6,65,1.0,0.6100000000000001,False
ENZ009,PUR,7,25,0.0,0.8600000000000001,False
ENZ009,PUR,7,25,0.5,0.8600000000000001,False
ENZ009,PUR,7,25,1.0,0.8600000000000001,False
ENZ009,PUR,7,35,0.0,0.8600000000000001,False
ENZ009,PUR,7,35,0.5,0.8600000000000001,False
ENZ009,PUR,7,35,1.0,0.8600000000000001,False
ENZ009,PUR,7,45,0.0,0.7975000000000001,False
ENZ009,PUR,7,45,0.5,0.7975000000000001,False
ENZ009,PUR,7,45,1.0,0.7975000000000001,False
ENZ009,PUR,7,55,0.0,0.6725000000000001,False
ENZ009,PUR,7,55,0.5,0.6725000000000001,False
ENZ009,PUR,7,55,1.0,0.6725000000000001,False
ENZ009,PUR,7,65,0.0,0.6100000000000001,False
ENZ009,PUR,7,65,0.5,0.6100000000000001,False
ENZ009,PUR,7,65,1.0,0.6100000000000001,False
ENZ009,PUR,8,25,0.0,0.8600000000000001,False
ENZ009,PUR,8,25,0.5,0.8600000000000001,False
ENZ009,PUR,8,25,1.0,0.8600000000000001,False
ENZ009,PUR,8,35,0.0,0.8600000000000001,False
ENZ009,PUR,8,35,0.5,0.8600000000000001,False
ENZ009,PUR,8,35,1.0,0.8600000000000001,False
ENZ009,PUR,8,45,0.0,0.7975000000000001,False
ENZ009,PUR,8,45,0.5,0.7975000000000001,False
ENZ009,PUR,8,45,1.0,0.7975000000000001,False
ENZ009,PUR,8,55,0.0,0.6725000000000001,False
ENZ009,PUR,8,55,0.5,0.6725000000000001,False
ENZ009,PUR,8,55,1.0,0.6725000000000001,False
ENZ009,PUR,8,65,0.0,0.6100000000000001,False
ENZ009,PUR,8,65,0.5,0.6100000000000001,False
ENZ009,PUR,8,65,1.0,0.6100000000000001,False
ENZ009,PUR,9,25,0.0,0.8600000000000001,False
ENZ009,PUR,9,25,0.5,0.8600000000000001,False
ENZ009,PUR,9,25,1.0,0.8600000000000001,False
ENZ009,PUR,9,35,0.0,0.8600000000000001,False
ENZ009,PUR,9,35,0.5,0.8600000000000001,False
ENZ009,PUR,9,35,1.0,0.8600000000000001,False
ENZ009,PUR,9,45,0.0,0.7975000000000001,False
ENZ009,PUR,9,45,0.5,0.7975000000000001,False
ENZ009,PUR,9,45,1.0,0.7975000000000001,False
ENZ009,PUR,9,55,0.0,0.6725000000000001,False
ENZ009,PUR,9,55,0.5,0.6725000000000001,False
ENZ009,PUR,9,55,1.0,0.6725000000000001,False
ENZ009,PUR,9,65,0.0,0.6100000000000001,False
ENZ009,PUR,9,65,0.5,0.6100000000000001,False
ENZ009,PUR,9,65,1.0,0.6100000000000001,False
ENZ009,PUR,10,25,0.0,0.7350000000000001,False
ENZ009,PUR,10,25,0.5,0.7350000000000001,False
ENZ009,PUR,10,25,1.0,0.7350000000000001,False
ENZ009,PUR,10,35,0.0,0.7350000000000001,False
ENZ009,PUR,10,35,0.5,0.7350000000000001,False
ENZ009,PUR,10,35,1.0,0.7350000000000001,False
ENZ009,PUR,10,45,0.0,0.6725000000000001,False
ENZ009,PUR,10,45,0.5,0.6725000000000001,False
ENZ009,PUR,10,45,1.0,0.6725000000000001,False
ENZ009,PUR,10,55,0.0,0.5475,False
ENZ009,PUR,10,55,0.5,0.5475,False
ENZ009,PUR,10,55,1.0,0.5475,False
ENZ009,PUR,10,65,0.0,0.485,False
ENZ009,PUR,10,65,0.5,0.485,False
ENZ009,PUR,10,65,1.0,0.485,False
ENZ_PAZY1_17,PET,6,25,0.0,0.6100000000000001,True
ENZ_PAZY1_17,PET,6,25,0.5,0.6100000000000001,True
ENZ_PAZY1_17,PET,6,25,1.0,0.6100000000000001,True
ENZ_PAZY1_17,PET,6,35,0.0,0.6100000000000001,True
ENZ_PAZY1_17,PET,6,35,0.5,0.6100000000000001,True
ENZ_PAZY1_17,PET,6,35,1.0,0.6100000000000001,True
ENZ_PAZY1_17,PET,6,45,0.0,0.6100000000000001,True
ENZ_PAZY1_17,PET,6,45,0.5,0.6100000000000001,True
ENZ_PAZY1_17,PET,6,45,1.0,0.6100000000000001,True
ENZ_PAZY1_17,PET,6,55,0.0,0.6100000000000001,True
ENZ_PAZY1_17,PET,6,55,0.5,0.6100000000000001,True
ENZ_PAZY1_17,PET,6,55,1.0,0.6100000000000001,True
ENZ_PAZY1_17,PET,6,65,0.0,0.6100000000000001,True
ENZ_PAZY1_17,PET,6,65,0.5,0.6100000000000001,True
ENZ_PAZY1_17,PET,6,65,1.0,0.6100000000000001,True
ENZ_PAZY1_17,PET,7,25,0.0,0.6100000000000001,True
ENZ_PAZY1_17,PET,7,25,0.5,0.6100000000000001,True
ENZ_PAZY1_17,PET,7,25,1.0,0.6100000000000001,True
ENZ_PAZY1_17,PET,7,35,0.0,0.6100000000000001,True
ENZ_PAZY1_17,PET,7,35,0.5,0.6100000000000001,True
ENZ_PAZY1_17,PET,7,35,1.0,0.6100000000000001,True
ENZ_PAZY1_17,PET,7,45,0.0,0.6100000000000001,True
ENZ_PAZY1_17,PET,7,45,0.5,0.6100000000000001,True
ENZ_PAZY1_17,PET,7,45,1.0,0.6100000000000001,True
ENZ_PAZY1_17,PET,7,55,0.0,0.6100000000000001,True
ENZ_PAZY1_17,PET,7,55,0.5,0.6100000000000001,True
ENZ_PAZY1_17,PET,7,55,1.0,0.6100000000000001,True
ENZ_PAZY1_17,PET,7,65,0.0,0.6100000000000001,True
ENZ_PAZY1_17,PET,7,65,0.5,0.6100000000000001,True
ENZ_PAZY1_17,PET,7,65,1.0,0.6100000000000001,True
ENZ_PAZY1_17,PET,8,25,0.0,0.6100000000000001,True
ENZ_PAZY1_17,PET,8,25,0.5,0.6100000000000001,True
ENZ_PAZY1_17,PET,8,25,1.0,0.6100000000000001,True
ENZ_PAZY1_17,PET,8,35,0.0,0.6100000000000001,True
ENZ_PAZY1_17,PET,8,35,0.5,0.6100000000000001,True
ENZ_PAZY1_17,PET,8,35,1.0,0.6100000000000001,True
ENZ_PAZY1_17,PET,8,45,0.0,0.6100000000000001,True
ENZ_PAZY1_17,PET,8,45,0.5,0.6100000000000001,True
ENZ_PAZY1_17,PET,8,45,1.0,0.6100000000000001,True
ENZ_PAZY1_17,PET,8,55,0.0,0.6100000000000001,True
ENZ_PAZY1_17,PET,8,55,0.5,0.6100000000000001,True
ENZ_PAZY1_17,PET,8,55,1.0,0.6100000000000001,True
ENZ_PAZY1_17,PET,8,65,0.0,0.6100000000000001,True
ENZ_PAZY1_17,PET,8,65,0.5,0.6100000000000001,True
ENZ_PAZY1_17,PET,8,65,1.0,0.6100000000000001,True
ENZ_PAZY1_17,PET,9,25,0.0,0.6100000000000001,True
ENZ_PAZY1_17,PET,9,25,0.5,0.6100000000000001,True
ENZ_PAZY1_17,PET,9,25,1.0,0.6100000000000001,True
ENZ_PAZY1_17,PET,9,35,0.0,0.6100000000000001,True
ENZ_PAZY1_17,PET,9,35,0.5,0.6100000000000001,True
ENZ_PAZY1_17,PET,9,35,1.0,0.6100000000000001,True
ENZ_PAZY1_17,PET,9,45,0.0,0.6100000000000001,True
ENZ_PAZY1_17,PET,9,45,0.5,0.6100000000000001,True
ENZ_PAZY1_17,PET,9,45,1.0,0.6100000000000001,True
ENZ_PAZY1_17,PET,9,55,0.0,0.6100000000000001,True
ENZ_PAZY1_17,PET,9,55,0.5,0.6100000000000001,True
ENZ_PAZY1_17,PET,9,55,1.0,0.6100000000000001,True
ENZ_PAZY1_17,PET,9,65,0.0,0.6100000000000001,True
ENZ_PAZY1_17,PET,9,65,0.5,0.6100000000000001,True
ENZ_PAZY1_17,PET,9,65,1.0,0.6100000000000001,True
ENZ_PAZY1_17,PET,10,25,0.0,0.6100000000000001,True
ENZ_PAZY1_17,PET,10,25,0.5,0.6100000000000001,True
ENZ_PAZY1_17,PET,10,25,1.0,0.6100000000000001,True
ENZ_PAZY1_17,PET,10,35,0.0,0.6100000000000001,True
ENZ_PAZY1_17,PET,10,35,0.5,0.6100000000000001,True
ENZ_PAZY1_17,PET,10,35,1.0,0.6100000000000001,True
ENZ_PAZY1_17,PET,10,45,0.0,0.6100000000000001,True
ENZ_PAZY1_17,PET,10,45,0.5,0.6100000000000001,True
ENZ_PAZY1_17,PET,10,45,1.0,0.6100000000000001,True
ENZ_PAZY1_17,PET,10,55,0.0,0.6100000000000001,True
ENZ_PAZY1_17,PET,10,55,0.5,0.6100000000000001,True
ENZ_PAZY1_17,PET,10,55,1.0,0.6100000000000001,True
ENZ_PAZY1_17,PET,10,65,0.0,0.6100000000000001,True
ENZ_PAZY1_17,PET,10,65,0.5,0.6100000000000001,True
ENZ_PAZY1_17,PET,10,65,1.0,0.6100000000000001,True
ENZ_PAZY1_28,PET,6,25,0.0,0.6100000000000001,True
ENZ_PAZY1_28,PET,6,25,0.5,0.6100000000000001,True
ENZ_PAZY1_28,PET,6,25,1.0,0.6100000000000001,True
ENZ_PAZY1_28,PET,6,35,0.0,0.6100000000000001,True
ENZ_PAZY1_28,PET,6,35,0.5,0.6100000000000001,True
ENZ_PAZY1_28,PET,6,35,1.0,0.6100000000000001,True
ENZ_PAZY1_28,PET,6,45,0.0,0.6100000000000001,True
ENZ_PAZY1_28,PET,6,45,0.5,0.6100000000000001,True
ENZ_PAZY1_28,PET,6,45,1.0,0.6100000000000001,True
ENZ_PAZY1_28,PET,6,55,0.0,0.6100000000000001,True
ENZ_PAZY1_28,PET,6,55,0.5,0.6100000000000001,True
ENZ_PAZY1_28,PET,6,55,1.0,0.6100000000000001,True
ENZ_PAZY1_28,PET,6,65,0.0,0.6100000000000001,True
ENZ_PAZY1_28,PET,6,65,0.5,0.6100000000000001,True
ENZ_PAZY1_28,PET,6,65,1.0,0.6100000000000001,True
ENZ_PAZY1_28,PET,7,25,0.0,0.6100000000000001,True
ENZ_PAZY1_28,PET,7,25,0.5,0.6100000000000001,True
ENZ_PAZY1_28,PET,7,25,1.0,0.6100000000000001,True
ENZ_PAZY1_28,PET,7,35,0.0,0.6100000000000001,True
ENZ_PAZY1_28,PET,7,35,0.5,0.6100000000000001,True
ENZ_PAZY1_28,PET,7,35,1.0,0.6100000000000001,True
ENZ_PAZY1_28,PET,7,45,0.0,0.6100000000000001,True
ENZ_PAZY1_28,PET,7,45,0.5,0.6100000000000001,True
ENZ_PAZY1_28,PET,7,45,1.0,0.6100000000000001,True
ENZ_PAZY1_28,PET,7,55,0.0,0.6100000000000001,True
ENZ_PAZY1_28,PET,7,55,0.5,0.6100000000000001,True
ENZ_PAZY1_28,PET,7,55,1.0,0.6100000000000001,True
ENZ_PAZY1_28,PET,7,65,0.0,0.6100000000000001,True
ENZ_PAZY1_28,PET,7,65,0.5,0.6100000000000001,True
ENZ_PAZY1_28,PET,7,65,1.0,0.6100000000000001,True
ENZ_PAZY1_28,PET,8,25,0.0,0.6100000000000001,True
ENZ_PAZY1_28,PET,8,25,0.5,0.6100000000000001,True
ENZ_PAZY1_28,PET,8,25,1.0,0.6100000000000001,True
ENZ_PAZY1_28,PET,8,35,0.0,0.6100000000000001,True
ENZ_PAZY1_28,PET,8,35,0.5,0.6100000000000001,True
ENZ_PAZY1_28,PET,8,35,1.0,0.6100000000000001,True
ENZ_PAZY1_28,PET,8,45,0.0,0.6100000000000001,True
ENZ_PAZY1_28,PET,8,45,0.5,0.6100000000000001,True
ENZ_PAZY1_28,PET,8,45,1.0,0.6100000000000001,True
ENZ_PAZY1_28,PET,8,55,0.0,0.6100000000000001,True
ENZ_PAZY1_28,PET,8,55,0.5,0.6100000000000001,True
ENZ_PAZY1_28,PET,8,55,1.0,0.6100000000000001,True
ENZ_PAZY1_28,PET,8,65,0.0,0.6100000000000001,True
ENZ_PAZY1_28,PET,8,65,0.5,0.6100000000000001,True
ENZ_PAZY1_28,PET,8,65,1.0,0.6100000000000001,True
ENZ_PAZY1_28,PET,9,25,0.0,0.6100000000000001,True
ENZ_PAZY1_28,PET,9,25,0.5,0.6100000000000001,True
ENZ_PAZY1_28,PET,9,25,1.0,0.6100000000000001,True
ENZ_PAZY1_28,PET,9,35,0.0,0.6100000000000001,True
ENZ_PAZY1_28,PET,9,35,0.5,0.6100000000000001,True
ENZ_PAZY1_28,PET,9,35,1.0,0.6100000000000001,True
ENZ_PAZY1_28,PET,9,45,0.0,0.6100000000000001,True
ENZ_PAZY1_28,PET,9,45,0.5,0.6100000000000001,True
ENZ_PAZY1_28,PET,9,45,1.0,0.6100000000000001,True
ENZ_PAZY1_28,PET,9,55,0.0,0.6100000000000001,True
ENZ_PAZY1_28,PET,9,55,0.5,0.6100000000000001,True
ENZ_PAZY1_28,PET,9,55,1.0,0.6100000000000001,True
ENZ_PAZY1_28,PET,9,65,0.0,0.6100000000000001,True
ENZ_PAZY1_28,PET,9,65,0.5,0.6100000000000001,True
ENZ_PAZY1_28,PET,9,65,1.0,0.6100000000000001,True
ENZ_PAZY1_28,PET,10,25,0.0,0.6100000000000001,True
ENZ_PAZY1_28,PET,10,25,0.5,0.6100000000000001,True
ENZ_PAZY1_28,PET,10,25,1.0,0.6100000000000001,True
ENZ_PAZY1_28,PET,10,35,0.0,0.6100000000000001,True
ENZ_PAZY1_28,PET,10,35,0.5,0.6100000000000001,True
ENZ_PAZY1_28,PET,10,35,1.0,0.6100000000000001,True
ENZ_PAZY1_28,PET,10,45,0.0,0.6100000000000001,True
ENZ_PAZY1_28,PET,10,45,0.5,0.6100000000000001,True
ENZ_PAZY1_28,PET,10,45,1.0,0.6100000000000001,True
ENZ_PAZY1_28,PET,10,55,0.0,0.6100000000000001,True
ENZ_PAZY1_28,PET,10,55,0.5,0.6100000000000001,True
ENZ_PAZY1_28,PET,10,55,1.0,0.6100000000000001,True
ENZ_PAZY1_28,PET,10,65,0.0,0.6100000000000001,True
ENZ_PAZY1_28,PET,10,65,0.5,0.6100000000000001,True
ENZ_PAZY1_28,PET,10,65,1.0,0.6100000000000001,True
ENZ_PAZY1_37,PET,6,25,0.0,0.6100000000000001,True
ENZ_PAZY1_37,PET,6,25,0.5,0.6100000000000001,True
ENZ_PAZY1_37,PET,6,25,1.0,0.6100000000000001,True
ENZ_PAZY1_37,PET,6,35,0.0,0.6100000000000001,True
ENZ_PAZY1_37,PET,6,35,0.5,0.6100000000000001,True
ENZ_PAZY1_37,PET,6,35,1.0,0.6100000000000001,True
ENZ_PAZY1_37,PET,6,45,0.0,0.6100000000000001,True
ENZ_PAZY1_37,PET,6,45,0.5,0.6100000000000001,True
ENZ_PAZY1_37,PET,6,45,1.0,0.6100000000000001,True
ENZ_PAZY1_37,PET,6,55,0.0,0.6100000000000001,True
ENZ_PAZY1_37,PET,6,55,0.5,0.6100000000000001,True
ENZ_PAZY1_37,PET,6,55,1.0,0.6100000000000001,True
ENZ_PAZY1_37,PET,6,65,0.0,0.6100000000000001,True
ENZ_PAZY1_37,PET,6,65,0.5,0.6100000000000001,True
ENZ_PAZY1_37,PET,6,65,1.0,0.6100000000000001,True
ENZ_PAZY1_37,PET,7,25,0.0,0.6100000000000001,True
ENZ_PAZY1_37,PET,7,25,0.5,0.6100000000000001,True
ENZ_PAZY1_37,PET,7,25,1.0,0.6100000000000001,True
ENZ_PAZY1_37,PET,7,35,0.0,0.6100000000000001,True
ENZ_PAZY1_37,PET,7,35,0.5,0.6100000000000001,True
ENZ_PAZY1_37,PET,7,35,1.0,0.6100000000000001,True
ENZ_PAZY1_37,PET,7,45,0.0,0.6100000000000001,True
ENZ_PAZY1_37,PET,7,45,0.5,0.6100000000000001,True
ENZ_PAZY1_37,PET,7,45,1.0,0.6100000000000001,True
ENZ_PAZY1_37,PET,7,55,0.0,0.6100000000000001,True
ENZ_PAZY1_37,PET,7,55,0.5,0.6100000000000001,True
ENZ_PAZY1_37,PET,7,55,1.0,0.6100000000000001,True
ENZ_PAZY1_37,PET,7,65,0.0,0.6100000000000001,True
ENZ_PAZY1_37,PET,7,65,0.5,0.6100000000000001,True
ENZ_PAZY1_37,PET,7,65,1.0,0.6100000000000001,True
ENZ_PAZY1_37,PET,8,25,0.0,0.6100000000000001,True
ENZ_PAZY1_37,PET,8,25,0.5,0.6100000000000001,True
ENZ_PAZY1_37,PET,8,25,1.0,0.6100000000000001,True
ENZ_PAZY1_37,PET,8,35,0.0,0.6100000000000001,True
ENZ_PAZY1_37,PET,8,35,0.5,0.6100000000000001,True
ENZ_PAZY1_37,PET,8,35,1.0,0.6100000000000001,True
ENZ_PAZY1_37,PET,8,45,0.0,0.6100000000000001,True
ENZ_PAZY1_37,PET,8,45,0.5,0.6100000000000001,True
ENZ_PAZY1_37,PET,8,45,1.0,0.6100000000000001,True
ENZ_PAZY1_37,PET,8,55,0.0,0.6100000000000001,True
ENZ_PAZY1_37,PET,8,55,0.5,0.6100000000000001,True
ENZ_PAZY1_37,PET,8,55,1.0,0.6100000000000001,True
ENZ_PAZY1_37,PET,8,65,0.0,0.6100000000000001,True
ENZ_PAZY1_37,PET,8,65,0.5,0.6100000000000001,True
ENZ_PAZY1_37,PET,8,65,1.0,0.6100000000000001,True
ENZ_PAZY1_37,PET,9,25,0.0,0.6100000000000001,True
ENZ_PAZY1_37,PET,9,25,0.5,0.6100000000000001,True
ENZ_PAZY1_37,PET,9,25,1.0,0.6100000000000001,True
ENZ_PAZY1_37,PET,9,35,0.0,0.6100000000000001,True
ENZ_PAZY1_37,PET,9,35,0.5,0.6100000000000001,True
ENZ_PAZY1_37,PET,9,35,1.0,0.6100000000000001,True
ENZ_PAZY1_37,PET,9,45,0.0,0.6100000000000001,True
ENZ_PAZY1_37,PET,9,45,0.5,0.6100000000000001,True
ENZ_PAZY1_37,PET,9,45,1.0,0.6100000000000001,True
ENZ_PAZY1_37,PET,9,55,0.0,0.6100000000000001,True
ENZ_PAZY1_37,PET,9,55,0.5,0.6100000000000001,True
ENZ_PAZY1_37,PET,9,55,1.0,0.6100000000000001,True
ENZ_PAZY1_37,PET,9,65,0.0,0.6100000000000001,True
ENZ_PAZY1_37,PET,9,65,0.5,0.6100000000000001,True
ENZ_PAZY1_37,PET,9,65,1.0,0.6100000000000001,True
ENZ_PAZY1_37,PET,10,25,0.0,0.6100000000000001,True
ENZ_PAZY1_37,PET,10,25,0.5,0.6100000000000001,True
ENZ_PAZY1_37,PET,10,25,1.0,0.6100000000000001,True
ENZ_PAZY1_37,PET,10,35,0.0,0.6100000000000001,True
ENZ_PAZY1_37,PET,10,35,0.5,0.6100000000000001,True
ENZ_PAZY1_37,PET,10,35,1.0,0.6100000000000001,True
ENZ_PAZY1_37,PET,10,45,0.0,0.6100000000000001,True
ENZ_PAZY1_37,PET,10,45,0.5,0.6100000000000001,True
ENZ_PAZY1_37,PET,10,45,1.0,0.6100000000000001,True
ENZ_PAZY1_37,PET,10,55,0.0,0.6100000000000001,True
ENZ_PAZY1_37,PET,10,55,0.5,0.6100000000000001,True
ENZ_PAZY1_37,PET,10,55,1.0,0.6100000000000001,True
ENZ_PAZY1_37,PET,10,65,0.0,0.6100000000000001,True
ENZ_PAZY1_37,PET,10,65,0.5,0.6100000000000001,True
ENZ_PAZY1_37,PET,10,65,1.0,0.6100000000000001,True
ENZ_PAZY1_42,PET,6,25,0.0,0.6100000000000001,True
ENZ_PAZY1_42,PET,6,25,0.5,0.6100000000000001,True
ENZ_PAZY1_42,PET,6,25,1.0,0.6100000000000001,True
ENZ_PAZY1_42,PET,6,35,0.0,0.6100000000000001,True
ENZ_PAZY1_42,PET,6,35,0.5,0.6100000000000001,True
ENZ_PAZY1_42,PET,6,35,1.0,0.6100000000000001,True
ENZ_PAZY1_42,PET,6,45,0.0,0.6100000000000001,True
ENZ_PAZY1_42,PET,6,45,0.5,0.6100000000000001,True
ENZ_PAZY1_42,PET,6,45,1.0,0.6100000000000001,True
ENZ_PAZY1_42,PET,6,55,0.0,0.6100000000000001,True
ENZ_PAZY1_42,PET,6,55,0.5,0.6100000000000001,True
ENZ_PAZY1_42,PET,6,55,1.0,0.6100000000000001,True
ENZ_PAZY1_42,PET,6,65,0.0,0.6100000000000001,True
ENZ_PAZY1_42,PET,6,65,0.5,0.6100000000000001,True
ENZ_PAZY1_42,PET,6,65,1.0,0.6100000000000001,True
ENZ_PAZY1_42,PET,7,25,0.0,0.6100000000000001,True
ENZ_PAZY1_42,PET,7,25,0.5,0.6100000000000001,True
ENZ_PAZY1_42,PET,7,25,1.0,0.6100000000000001,True
ENZ_PAZY1_42,PET,7,35,0.0,0.6100000000000001,True
ENZ_PAZY1_42,PET,7,35,0.5,0.6100000000000001,True
ENZ_PAZY1_42,PET,7,35,1.0,0.6100000000000001,True
ENZ_PAZY1_42,PET,7,45,0.0,0.6100000000000001,True
ENZ_PAZY1_42,PET,7,45,0.5,0.6100000000000001,True
ENZ_PAZY1_42,PET,7,45,1.0,0.6100000000000001,True
ENZ_PAZY1_42,PET,7,55,0.0,0.6100000000000001,True
ENZ_PAZY1_42,PET,7,55,0.5,0.6100000000000001,True
ENZ_PAZY1_42,PET,7,55,1.0,0.6100000000000001,True
ENZ_PAZY1_42,PET,7,65,0.0,0.6100000000000001,True
ENZ_PAZY1_42,PET,7,65,0.5,0.6100000000000001,True
ENZ_PAZY1_42,PET,7,65,1.0,0.6100000000000001,True
ENZ_PAZY1_42,PET,8,25,0.0,0.6100000000000001,True
ENZ_PAZY1_42,PET,8,25,0.5,0.6100000000000001,True
ENZ_PAZY1_42,PET,8,25,1.0,0.6100000000000001,True
ENZ_PAZY1_42,PET,8,35,0.0,0.6100000000000001,True
ENZ_PAZY1_42,PET,8,35,0.5,0.6100000000000001,True
ENZ_PAZY1_42,PET,8,35,1.0,0.6100000000000001,True
ENZ_PAZY1_42,PET,8,45,0.0,0.6100000000000001,True
ENZ_PAZY1_42,PET,8,45,0.5,0.6100000000000001,True
ENZ_PAZY1_42,PET,8,45,1.0,0.6100000000000001,True
ENZ_PAZY1_42,PET,8,55,0.0,0.6100000000000001,True
ENZ_PAZY1_42,PET,8,55,0.5,0.6100000000000001,True
ENZ_PAZY1_42,PET,8,55,1.0,0.6100000000000001,True
ENZ_PAZY1_42,PET,8,65,0.0,0.6100000000000001,True
ENZ_PAZY1_42,PET,8,65,0.5,0.6100000000000001,True
ENZ_PAZY1_42,PET,8,65,1.0,0.6100000000000001,True
ENZ_PAZY1_42,PET,9,25,0.0,0.6100000000000001,True
ENZ_PAZY1_42,PET,9,25,0.5,0.6100000000000001,True
ENZ_PAZY1_42,PET,9,25,1.0,0.6100000000000001,True
ENZ_PAZY1_42,PET,9,35,0.0,0.6100000000000001,True
ENZ_PAZY1_42,PET,9,35,0.5,0.6100000000000001,True
ENZ_PAZY1_42,PET,9,35,1.0,0.6100000000000001,True
ENZ_PAZY1_42,PET,9,45,0.0,0.6100000000000001,True
ENZ_PAZY1_42,PET,9,45,0.5,0.6100000000000001,True
ENZ_PAZY1_42,PET,9,45,1.0,0.6100000000000001,True
ENZ_PAZY1_42,PET,9,55,0.0,0.6100000000000001,True
ENZ_PAZY1_42,PET,9,55,0.5,0.6100000000000001,True
ENZ_PAZY1_42,PET,9,55,1.0,0.6100000000000001,True
ENZ_PAZY1_42,PET,9,65,0.0,0.6100000000000001,True
ENZ_PAZY1_42,PET,9,65,0.5,0.6100000000000001,True
ENZ_PAZY1_42,PET,9,65,1.0,0.6100000000000001,True
ENZ_PAZY1_42,PET,10,25,0.0,0.6100000000000001,True
ENZ_PAZY1_42,PET,10,25,0.5,0.6100000000000001,True
ENZ_PAZY1_42,PET,10,25,1.0,0.6100000000000001,True
ENZ_PAZY1_42,PET,10,35,0.0,0.6100000000000001,True
ENZ_PAZY1_42,PET,10,35,0.5,0.6100000000000001,True
ENZ_PAZY1_42,PET,10,35,1.0,0.6100000000000001,True
ENZ_PAZY1_42,PET,10,45,0.0,0.6100000000000001,True
ENZ_PAZY1_42,PET,10,45,0.5,0.6100000000000001,True
ENZ_PAZY1_42,PET,10,45,1.0,0.6100000000000001,True
ENZ_PAZY1_42,PET,10,55,0.0,0.6100000000000001,True
ENZ_PAZY1_42,PET,10,55,0.5,0.6100000000000001,True
ENZ_PAZY1_42,PET,10,55,1.0,0.6100000000000001,True
ENZ_PAZY1_42,PET,10,65,0.0,0.6100000000000001,True
ENZ_PAZY1_42,PET,10,65,0.5,0.6100000000000001,True
ENZ_PAZY1_42,PET,10,65,1.0,0.6100000000000001,True
ENZ_PAZY1_497,PET,6,25,0.0,0.6100000000000001,True
ENZ_PAZY1_497,PET,6,25,0.5,0.6100000000000001,True
ENZ_PAZY1_497,PET,6,25,1.0,0.6100000000000001,True
ENZ_PAZY1_497,PET,6,35,0.0,0.6100000000000001,True
ENZ_PAZY1_497,PET,6,35,0.5,0.6100000000000001,True
ENZ_PAZY1_497,PET,6,35,1.0,0.6100000000000001,True
ENZ_PAZY1_497,PET,6,45,0.0,0.6100000000000001,True
ENZ_PAZY1_497,PET,6,45,0.5,0.6100000000000001,True
ENZ_PAZY1_497,PET,6,45,1.0,0.6100000000000001,True
ENZ_PAZY1_497,PET,6,55,0.0,0.6100000000000001,True
ENZ_PAZY1_497,PET,6,55,0.5,0.6100000000000001,True
ENZ_PAZY1_497,PET,6,55,1.0,0.6100000000000001,True
ENZ_PAZY1_497,PET,6,65,0.0,0.6100000000000001,True
ENZ_PAZY1_497,PET,6,65,0.5,0.6100000000000001,True
ENZ_PAZY1_497,PET,6,65,1.0,0.6100000000000001,True
ENZ_PAZY1_497,PET,7,25,0.0,0.6100000000000001,True
ENZ_PAZY1_497,PET,7,25,0.5,0.6100000000000001,True
ENZ_PAZY1_497,PET,7,25,1.0,0.6100000000000001,True
ENZ_PAZY1_497,PET,7,35,0.0,0.6100000000000001,True
ENZ_PAZY1_497,PET,7,35,0.5,0.6100000000000001,True
ENZ_PAZY1_497,PET,7,35,1.0,0.6100000000000001,True
ENZ_PAZY1_497,PET,7,45,0.0,0.6100000000000001,True
ENZ_PAZY1_497,PET,7,45,0.5,0.6100000000000001,True
ENZ_PAZY1_497,PET,7,45,1.0,0.6100000000000001,True
ENZ_PAZY1_497,PET,7,55,0.0,0.6100000000000001,True
ENZ_PAZY1_497,PET,7,55,0.5,0.6100000000000001,True
ENZ_PAZY1_497,PET,7,55,1.0,0.6100000000000001,True
ENZ_PAZY1_497,PET,7,65,0.0,0.6100000000000001,True
ENZ_PAZY1_497,PET,7,65,0.5,0.6100000000000001,True
ENZ_PAZY1_497,PET,7,65,1.0,0.6100000000000001,True
ENZ_PAZY1_497,PET,8,25,0.0,0.6100000000000001,True
ENZ_PAZY1_497,PET,8,25,0.5,0.6100000000000001,True
ENZ_PAZY1_497,PET,8,25,1.0,0.6100000000000001,True
ENZ_PAZY1_497,PET,8,35,0.0,0.6100000000000001,True
ENZ_PAZY1_497,PET,8,35,0.5,0.6100000000000001,True
ENZ_PAZY1_497,PET,8,35,1.0,0.6100000000000001,True
ENZ_PAZY1_497,PET,8,45,0.0,0.6100000000000001,True
ENZ_PAZY1_497,PET,8,45,0.5,0.6100000000000001,True
ENZ_PAZY1_497,PET,8,45,1.0,0.6100000000000001,True
ENZ_PAZY1_497,PET,8,55,0.0,0.6100000000000001,True
ENZ_PAZY1_497,PET,8,55,0.5,0.6100000000000001,True
ENZ_PAZY1_497,PET,8,55,1.0,0.6100000000000001,True
ENZ_PAZY1_497,PET,8,65,0.0,0.6100000000000001,True
ENZ_PAZY1_497,PET,8,65,0.5,0.6100000000000001,True
ENZ_PAZY1_497,PET,8,65,1.0,0.6100000000000001,True
ENZ_PAZY1_497,PET,9,25,0.0,0.6100000000000001,True
ENZ_PAZY1_497,PET,9,25,0.5,0.6100000000000001,True
ENZ_PAZY1_497,PET,9,25,1.0,0.6100000000000001,True
ENZ_PAZY1_497,PET,9,35,0.0,0.6100000000000001,True
ENZ_PAZY1_497,PET,9,35,0.5,0.6100000000000001,True
ENZ_PAZY1_497,PET,9,35,1.0,0.6100000000000001,True
ENZ_PAZY1_497,PET,9,45,0.0,0.6100000000000001,True
ENZ_PAZY1_497,PET,9,45,0.5,0.6100000000000001,True
ENZ_PAZY1_497,PET,9,45,1.0,0.6100000000000001,True
ENZ_PAZY1_497,PET,9,55,0.0,0.6100000000000001,True
ENZ_PAZY1_497,PET,9,55,0.5,0.6100000000000001,True
ENZ_PAZY1_497,PET,9,55,1.0,0.6100000000000001,True
ENZ_PAZY1_497,PET,9,65,0.0,0.6100000000000001,True
ENZ_PAZY1_497,PET,9,65,0.5,0.6100000000000001,True
ENZ_PAZY1_497,PET,9,65,1.0,0.6100000000000001,True
ENZ_PAZY1_497,PET,10,25,0.0,0.6100000000000001,True
ENZ_PAZY1_497,PET,10,25,0.5,0.6100000000000001,True
ENZ_PAZY1_497,PET,10,25,1.0,0.6100000000000001,True
ENZ_PAZY1_497,PET,10,35,0.0,0.6100000000000001,True
ENZ_PAZY1_497,PET,10,35,0.5,0.6100000000000001,True
ENZ_PAZY1_497,PET,10,35,1.0,0.6100000000000001,True
ENZ_PAZY1_497,PET,10,45,0.0,0.6100000000000001,True
ENZ_PAZY1_497,PET,10,45,0.5,0.6100000000000001,True
ENZ_PAZY1_497,PET,10,45,1.0,0.6100000000000001,True
ENZ_PAZY1_497,PET,10,55,0.0,0.6100000000000001,True
ENZ_PAZY1_497,PET,10,55,0.5,0.6100000000000001,True
ENZ_PAZY1_497,PET,10,55,1.0,0.6100000000000001,True
ENZ_PAZY1_497,PET,10,65,0.0,0.6100000000000001,True
ENZ_PAZY1_497,PET,10,65,0.5,0.6100000000000001,True
ENZ_PAZY1_497,PET,10,65,1.0,0.6100000000000001,True
ENZ_PAZY1_498,PET,6,25,0.0,0.6100000000000001,True
ENZ_PAZY1_498,PET,6,25,0.5,0.6100000000000001,True
ENZ_PAZY1_498,PET,6,25,1.0,0.6100000000000001,True
ENZ_PAZY1_498,PET,6,35,0.0,0.6100000000000001,True
ENZ_PAZY1_498,PET,6,35,0.5,0.6100000000000001,True
ENZ_PAZY1_498,PET,6,35,1.0,0.6100000000000001,True
ENZ_PAZY1_498,PET,6,45,0.0,0.6100000000000001,True
ENZ_PAZY1_498,PET,6,45,0.5,0.6100000000000001,True
ENZ_PAZY1_498,PET,6,45,1.0,0.6100000000000001,True
ENZ_PAZY1_498,PET,6,55,0.0,0.6100000000000001,True
ENZ_PAZY1_498,PET,6,55,0.5,0.6100000000000001,True
ENZ_PAZY1_498,PET,6,55,1.0,0.6100000000000001,True
ENZ_PAZY1_498,PET,6,65,0.0,0.6100000000000001,True
ENZ_PAZY1_498,PET,6,65,0.5,0.6100000000000001,True
ENZ_PAZY1_498,PET,6,65,1.0,0.6100000000000001,True
ENZ_PAZY1_498,PET,7,25,0.0,0.6100000000000001,True
ENZ_PAZY1_498,PET,7,25,0.5,0.6100000000000001,True
ENZ_PAZY1_498,PET,7,25,1.0,0.6100000000000001,True
ENZ_PAZY1_498,PET,7,35,0.0,0.6100000000000001,True
ENZ_PAZY1_498,PET,7,35,0.5,0.6100000000000001,True
ENZ_PAZY1_498,PET,7,35,1.0,0.6100000000000001,True
ENZ_PAZY1_498,PET,7,45,0.0,0.6100000000000001,True
ENZ_PAZY1_498,PET,7,45,0.5,0.6100000000000001,True
ENZ_PAZY1_498,PET,7,45,1.0,0.6100000000000001,True
ENZ_PAZY1_498,PET,7,55,0.0,0.6100000000000001,True
ENZ_PAZY1_498,PET,7,55,0.5,0.6100000000000001,True
ENZ_PAZY1_498,PET,7,55,1.0,0.6100000000000001,True
ENZ_PAZY1_498,PET,7,65,0.0,0.6100000000000001,True
ENZ_PAZY1_498,PET,7,65,0.5,0.6100000000000001,True
ENZ_PAZY1_498,PET,7,65,1.0,0.6100000000000001,True
ENZ_PAZY1_498,PET,8,25,0.0,0.6100000000000001,True
ENZ_PAZY1_498,PET,8,25,0.5,0.6100000000000001,True
ENZ_PAZY1_498,PET,8,25,1.0,0.6100000000000001,True
ENZ_PAZY1_498,PET,8,35,0.0,0.6100000000000001,True
ENZ_PAZY1_498,PET,8,35,0.5,0.6100000000000001,True
ENZ_PAZY1_498,PET,8,35,1.0,0.6100000000000001,True
ENZ_PAZY1_498,PET,8,45,0.0,0.6100000000000001,True
ENZ_PAZY1_498,PET,8,45,0.5,0.6100000000000001,True
ENZ_PAZY1_498,PET,8,45,1.0,0.6100000000000001,True
ENZ_PAZY1_498,PET,8,55,0.0,0.6100000000000001,True
ENZ_PAZY1_498,PET,8,55,0.5,0.6100000000000001,True
ENZ_PAZY1_498,PET,8,55,1.0,0.6100000000000001,True
ENZ_PAZY1_498,PET,8,65,0.0,0.6100000000000001,True
ENZ_PAZY1_498,PET,8,65,0.5,0.6100000000000001,True
ENZ_PAZY1_498,PET,8,65,1.0,0.6100000000000001,True
ENZ_PAZY1_498,PET,9,25,0.0,0.6100000000000001,True
ENZ_PAZY1_498,PET,9,25,0.5,0.6100000000000001,True
ENZ_PAZY1_498,PET,9,25,1.0,0.6100000000000001,True
ENZ_PAZY1_498,PET,9,35,0.0,0.6100000000000001,True
ENZ_PAZY1_498,PET,9,35,0.5,0.6100000000000001,True
ENZ_PAZY1_498,PET,9,35,1.0,0.6100000000000001,True
ENZ_PAZY1_498,PET,9,45,0.0,0.6100000000000001,True
ENZ_PAZY1_498,PET,9,45,0.5,0.6100000000000001,True
ENZ_PAZY1_498,PET,9,45,1.0,0.6100000000000001,True
ENZ_PAZY1_498,PET,9,55,0.0,0.6100000000000001,True
ENZ_PAZY1_498,PET,9,55,0.5,0.6100000000000001,True
ENZ_PAZY1_498,PET,9,55,1.0,0.6100000000000001,True
ENZ_PAZY1_498,PET,9,65,0.0,0.6100000000000001,True
ENZ_PAZY1_498,PET,9,65,0.5,0.6100000000000001,True
ENZ_PAZY1_498,PET,9,65,1.0,0.6100000000000001,True
ENZ_PAZY1_498,PET,10,25,0.0,0.6100000000000001,True
ENZ_PAZY1_498,PET,10,25,0.5,0.6100000000000001,True
ENZ_PAZY1_498,PET,10,25,1.0,0.6100000000000001,True
ENZ_PAZY1_498,PET,10,35,0.0,0.6100000000000001,True
ENZ_PAZY1_498,PET,10,35,0.5,0.6100000000000001,True
ENZ_PAZY1_498,PET,10,35,1.0,0.6100000000000001,True
ENZ_PAZY1_498,PET,10,45,0.0,0.6100000000000001,True
ENZ_PAZY1_498,PET,10,45,0.5,0.6100000000000001,True
ENZ_PAZY1_498,PET,10,45,1.0,0.6100000000000001,True
ENZ_PAZY1_498,PET,10,55,0.0,0.6100000000000001,True
ENZ_PAZY1_498,PET,10,55,0.5,0.6100000000000001,True
ENZ_PAZY1_498,PET,10,55,1.0,0.6100000000000001,True
ENZ_PAZY1_498,PET,10,65,0.0,0.6100000000000001,True
ENZ_PAZY1_498,PET,10,65,0.5,0.6100000000000001,True
ENZ_PAZY1_498,PET,10,65,1.0,0.6100000000000001,True
ENZ_PAZY1_499,PET,6,25,0.0,0.6100000000000001,True
ENZ_PAZY1_499,PET,6,25,0.5,0.6100000000000001,True
ENZ_PAZY1_499,PET,6,25,1.0,0.6100000000000001,True
ENZ_PAZY1_499,PET,6,35,0.0,0.6100000000000001,True
ENZ_PAZY1_499,PET,6,35,0.5,0.6100000000000001,True
ENZ_PAZY1_499,PET,6,35,1.0,0.6100000000000001,True
ENZ_PAZY1_499,PET,6,45,0.0,0.6100000000000001,True
ENZ_PAZY1_499,PET,6,45,0.5,0.6100000000000001,True
ENZ_PAZY1_499,PET,6,45,1.0,0.6100000000000001,True
ENZ_PAZY1_499,PET,6,55,0.0,0.6100000000000001,True
ENZ_PAZY1_499,PET,6,55,0.5,0.6100000000000001,True
ENZ_PAZY1_499,PET,6,55,1.0,0.6100000000000001,True
ENZ_PAZY1_499,PET,6,65,0.0,0.6100000000000001,True
ENZ_PAZY1_499,PET,6,65,0.5,0.6100000000000001,True
ENZ_PAZY1_499,PET,6,65,1.0,0.6100000000000001,True
ENZ_PAZY1_499,PET,7,25,0.0,0.6100000000000001,True
ENZ_PAZY1_499,PET,7,25,0.5,0.6100000000000001,True
ENZ_PAZY1_499,PET,7,25,1.0,0.6100000000000001,True
ENZ_PAZY1_499,PET,7,35,0.0,0.6100000000000001,True
ENZ_PAZY1_499,PET,7,35,0.5,0.6100000000000001,True
ENZ_PAZY1_499,PET,7,35,1.0,0.6100000000000001,True
ENZ_PAZY1_499,PET,7,45,0.0,0.6100000000000001,True
ENZ_PAZY1_499,PET,7,45,0.5,0.6100000000000001,True
ENZ_PAZY1_499,PET,7,45,1.0,0.6100000000000001,True
ENZ_PAZY1_499,PET,7,55,0.0,0.6100000000000001,True
ENZ_PAZY1_499,PET,7,55,0.5,0.6100000000000001,True
ENZ_PAZY1_499,PET,7,55,1.0,0.6100000000000001,True
ENZ_PAZY1_499,PET,7,65,0.0,0.6100000000000001,True
ENZ_PAZY1_499,PET,7,65,0.5,0.6100000000000001,True
ENZ_PAZY1_499,PET,7,65,1.0,0.6100000000000001,True
ENZ_PAZY1_499,PET,8,25,0.0,0.6100000000000001,True
ENZ_PAZY1_499,PET,8,25,0.5,0.6100000000000001,True
ENZ_PAZY1_499,PET,8,25,1.0,0.6100000000000001,True
ENZ_PAZY1_499,PET,8,35,0.0,0.6100000000000001,True
ENZ_PAZY1_499,PET,8,35,0.5,0.6100000000000001,True
ENZ_PAZY1_499,PET,8,35,1.0,0.6100000000000001,True
ENZ_PAZY1_499,PET,8,45,0.0,0.6100000000000001,True
ENZ_PAZY1_499,PET,8,45,0.5,0.6100000000000001,True
ENZ_PAZY1_499,PET,8,45,1.0,0.6100000000000001,True
ENZ_PAZY1_499,PET,8,55,0.0,0.6100000000000001,True
ENZ_PAZY1_499,PET,8,55,0.5,0.6100000000000001,True
ENZ_PAZY1_499,PET,8,55,1.0,0.6100000000000001,True
ENZ_PAZY1_499,PET,8,65,0.0,0.6100000000000001,True
ENZ_PAZY1_499,PET,8,65,0.5,0.6100000000000001,True
ENZ_PAZY1_499,PET,8,65,1.0,0.6100000000000001,True
ENZ_PAZY1_499,PET,9,25,0.0,0.6100000000000001,True
ENZ_PAZY1_499,PET,9,25,0.5,0.6100000000000001,True
ENZ_PAZY1_499,PET,9,25,1.0,0.6100000000000001,True
ENZ_PAZY1_499,PET,9,35,0.0,0.6100000000000001,True
ENZ_PAZY1_499,PET,9,35,0.5,0.6100000000000001,True
ENZ_PAZY1_499,PET,9,35,1.0,0.6100000000000001,True
ENZ_PAZY1_499,PET,9,45,0.0,0.6100000000000001,True
ENZ_PAZY1_499,PET,9,45,0.5,0.6100000000000001,True
ENZ_PAZY1_499,PET,9,45,1.0,0.6100000000000001,True
ENZ_PAZY1_499,PET,9,55,0.0,0.6100000000000001,True
ENZ_PAZY1_499,PET,9,55,0.5,0.6100000000000001,True
ENZ_PAZY1_499,PET,9,55,1.0,0.6100000000000001,True
ENZ_PAZY1_499,PET,9,65,0.0,0.6100000000000001,True
ENZ_PAZY1_499,PET,9,65,0.5,0.6100000000000001,True
ENZ_PAZY1_499,PET,9,65,1.0,0.6100000000000001,True
ENZ_PAZY1_499,PET,10,25,0.0,0.6100000000000001,True
ENZ_PAZY1_499,PET,10,25,0.5,0.6100000000000001,True
ENZ_PAZY1_499,PET,10,25,1.0,0.6100000000000001,True
ENZ_PAZY1_499,PET,10,35,0.0,0.6100000000000001,True
ENZ_PAZY1_499,PET,10,35,0.5,0.6100000000000001,True
ENZ_PAZY1_499,PET,10,35,1.0,0.6100000000000001,True
ENZ_PAZY1_499,PET,10,45,0.0,0.6100000000000001,True
ENZ_PAZY1_499,PET,10,45,0.5,0.6100000000000001,True
ENZ_PAZY1_499,PET,10,45,1.0,0.6100000000000001,True
ENZ_PAZY1_499,PET,10,55,0.0,0.6100000000000001,True
ENZ_PAZY1_499,PET,10,55,0.5,0.6100000000000001,True
ENZ_PAZY1_499,PET,10,55,1.0,0.6100000000000001,True
ENZ_PAZY1_499,PET,10,65,0.0,0.6100000000000001,True
ENZ_PAZY1_499,PET,10,65,0.5,0.6100000000000001,True
ENZ_PAZY1_499,PET,10,65,1.0,0.6100000000000001,True
ENZ_PAZY_217,PA,6,25,0.0,0.6100000000000001,True
ENZ_PAZY_217,PA,6,25,0.5,0.6100000000000001,True
ENZ_PAZY_217,PA,6,25,1.0,0.6100000000000001,True
ENZ_PAZY_217,PA,6,35,0.0,0.6100000000000001,True
ENZ_PAZY_217,PA,6,35,0.5,0.6100000000000001,True
ENZ_PAZY_217,PA,6,35,1.0,0.6100000000000001,True
ENZ_PAZY_217,PA,6,45,0.0,0.6100000000000001,True
ENZ_PAZY_217,PA,6,45,0.5,0.6100000000000001,True
ENZ_PAZY_217,PA,6,45,1.0,0.6100000000000001,True
ENZ_PAZY_217,PA,6,55,0.0,0.6100000000000001,True
ENZ_PAZY_217,PA,6,55,0.5,0.6100000000000001,True
ENZ_PAZY_217,PA,6,55,1.0,0.6100000000000001,True
ENZ_PAZY_217,PA,6,65,0.0,0.6100000000000001,True
ENZ_PAZY_217,PA,6,65,0.5,0.6100000000000001,True
ENZ_PAZY_217,PA,6,65,1.0,0.6100000000000001,True
ENZ_PAZY_217,PA,7,25,0.0,0.6100000000000001,True
ENZ_PAZY_217,PA,7,25,0.5,0.6100000000000001,True
ENZ_PAZY_217,PA,7,25,1.0,0.6100000000000001,True
ENZ_PAZY_217,PA,7,35,0.0,0.6100000000000001,True
ENZ_PAZY_217,PA,7,35,0.5,0.6100000000000001,True
ENZ_PAZY_217,PA,7,35,1.0,0.6100000000000001,True
ENZ_PAZY_217,PA,7,45,0.0,0.6100000000000001,True
ENZ_PAZY_217,PA,7,45,0.5,0.6100000000000001,True
ENZ_PAZY_217,PA,7,45,1.0,0.6100000000000001,True
ENZ_PAZY_217,PA,7,55,0.0,0.6100000000000001,True
ENZ_PAZY_217,PA,7,55,0.5,0.6100000000000001,True
ENZ_PAZY_217,PA,7,55,1.0,0.6100000000000001,True
ENZ_PAZY_217,PA,7,65,0.0,0.6100000000000001,True
ENZ_PAZY_217,PA,7,65,0.5,0.6100000000000001,True
ENZ_PAZY_217,PA,7,65,1.0,0.6100000000000001,True
ENZ_PAZY_217,PA,8,25,0.0,0.6100000000000001,True
ENZ_PAZY_217,PA,8,25,0.5,0.6100000000000001,True
ENZ_PAZY_217,PA,8,25,1.0,0.6100000000000001,True
ENZ_PAZY_217,PA,8,35,0.0,0.6100000000000001,True
ENZ_PAZY_217,PA,8,35,0.5,0.6100000000000001,True
ENZ_PAZY_217,PA,8,35,1.0,0.6100000000000001,True
ENZ_PAZY_217,PA,8,45,0.0,0.6100000000000001,True
ENZ_PAZY_217,PA,8,45,0.5,0.6100000000000001,True
ENZ_PAZY_217,PA,8,45,1.0,0.6100000000000001,True
ENZ_PAZY_217,PA,8,55,0.0,0.6100000000000001,True
ENZ_PAZY_217,PA,8,55,0.5,0.6100000000000001,True
ENZ_PAZY_217,PA,8,55,1.0,0.6100000000000001,True
ENZ_PAZY_217,PA,8,65,0.0,0.6100000000000001,True
ENZ_PAZY_217,PA,8,65,0.5,0.6100000000000001,True
ENZ_PAZY_217,PA,8,65,1.0,0.6100000000000001,True
ENZ_PAZY_217,PA,9,25,0.0,0.6100000000000001,True
ENZ_PAZY_217,PA,9,25,0.5,0.6100000000000001,True
ENZ_PAZY_217,PA,9,25,1.0,0.6100000000000001,True
ENZ_PAZY_217,PA,9,35,0.0,0.6100000000000001,True
ENZ_PAZY_217,PA,9,35,0.5,0.6100000000000001,True
ENZ_PAZY_217,PA,9,35,1.0,0.6100000000000001,True
ENZ_PAZY_217,PA,9,45,0.0,0.6100000000000001,True
ENZ_PAZY_217,PA,9,45,0.5,0.6100000000000001,True
ENZ_PAZY_217,PA,9,45,1.0,0.6100000000000001,True
ENZ_PAZY_217,PA,9,55,0.0,0.6100000000000001,True
ENZ_PAZY_217,PA,9,55,0.5,0.6100000000000001,True
ENZ_PAZY_217,PA,9,55,1.0,0.6100000000000001,True
ENZ_PAZY_217,PA,9,65,0.0,0.6100000000000001,True
ENZ_PAZY_217,PA,9,65,0.5,0.6100000000000001,True
ENZ_PAZY_217,PA,9,65,1.0,0.6100000000000001,True
ENZ_PAZY_217,PA,10,25,0.0,0.6100000000000001,True
ENZ_PAZY_217,PA,10,25,0.5,0.6100000000000001,True
ENZ_PAZY_217,PA,10,25,1.0,0.6100000000000001,True
ENZ_PAZY_217,PA,10,35,0.0,0.6100000000000001,True
ENZ_PAZY_217,PA,10,35,0.5,0.6100000000000001,True
ENZ_PAZY_217,PA,10,35,1.0,0.6100000000000001,True
ENZ_PAZY_217,PA,10,45,0.0,0.6100000000000001,True
ENZ_PAZY_217,PA,10,45,0.5,0.6100000000000001,True
ENZ_PAZY_217,PA,10,45,1.0,0.6100000000000001,True
ENZ_PAZY_217,PA,10,55,0.0,0.6100000000000001,True
ENZ_PAZY_217,PA,10,55,0.5,0.6100000000000001,True
ENZ_PAZY_217,PA,10,55,1.0,0.6100000000000001,True
ENZ_PAZY_217,PA,10,65,0.0,0.6100000000000001,True
ENZ_PAZY_217,PA,10,65,0.5,0.6100000000000001,True
ENZ_PAZY_217,PA,10,65,1.0,0.6100000000000001,True
ENZ_PAZY_218,PA,6,25,0.0,0.6100000000000001,True
ENZ_PAZY_218,PA,6,25,0.5,0.6100000000000001,True
ENZ_PAZY_218,PA,6,25,1.0,0.6100000000000001,True
ENZ_PAZY_218,PA,6,35,0.0,0.6100000000000001,True
ENZ_PAZY_218,PA,6,35,0.5,0.6100000000000001,True
ENZ_PAZY_218,PA,6,35,1.0,0.6100000000000001,True
ENZ_PAZY_218,PA,6,45,0.0,0.6100000000000001,True
ENZ_PAZY_218,PA,6,45,0.5,0.6100000000000001,True
ENZ_PAZY_218,PA,6,45,1.0,0.6100000000000001,True
ENZ_PAZY_218,PA,6,55,0.0,0.6100000000000001,True
ENZ_PAZY_218,PA,6,55,0.5,0.6100000000000001,True
ENZ_PAZY_218,PA,6,55,1.0,0.6100000000000001,True
ENZ_PAZY_218,PA,6,65,0.0,0.6100000000000001,True
ENZ_PAZY_218,PA,6,65,0.5,0.6100000000000001,True
ENZ_PAZY_218,PA,6,65,1.0,0.6100000000000001,True
ENZ_PAZY_218,PA,7,25,0.0,0.6100000000000001,True
ENZ_PAZY_218,PA,7,25,0.5,0.6100000000000001,True
ENZ_PAZY_218,PA,7,25,1.0,0.6100000000000001,True
ENZ_PAZY_218,PA,7,35,0.0,0.6100000000000001,True
ENZ_PAZY_218,PA,7,35,0.5,0.6100000000000001,True
ENZ_PAZY_218,PA,7,35,1.0,0.6100000000000001,True
ENZ_PAZY_218,PA,7,45,0.0,0.6100000000000001,True
ENZ_PAZY_218,PA,7,45,0.5,0.6100000000000001,True
ENZ_PAZY_218,PA,7,45,1.0,0.6100000000000001,True
ENZ_PAZY_218,PA,7,55,0.0,0.6100000000000001,True
ENZ_PAZY_218,PA,7,55,0.5,0.6100000000000001,True
ENZ_PAZY_218,PA,7,55,1.0,0.6100000000000001,True
ENZ_PAZY_218,PA,7,65,0.0,0.6100000000000001,True
ENZ_PAZY_218,PA,7,65,0.5,0.6100000000000001,True
ENZ_PAZY_218,PA,7,65,1.0,0.6100000000000001,True
ENZ_PAZY_218,PA,8,25,0.0,0.6100000000000001,True
ENZ_PAZY_218,PA,8,25,0.5,0.6100000000000001,True
ENZ_PAZY_218,PA,8,25,1.0,0.6100000000000001,True
ENZ_PAZY_218,PA,8,35,0.0,0.6100000000000001,True
ENZ_PAZY_218,PA,8,35,0.5,0.6100000000000001,True
ENZ_PAZY_218,PA,8,35,1.0,0.6100000000000001,True
ENZ_PAZY_218,PA,8,45,0.0,0.6100000000000001,True
ENZ_PAZY_218,PA,8,45,0.5,0.6100000000000001,True
ENZ_PAZY_218,PA,8,45,1.0,0.6100000000000001,True
ENZ_PAZY_218,PA,8,55,0.0,0.6100000000000001,True
ENZ_PAZY_218,PA,8,55,0.5,0.6100000000000001,True
ENZ_PAZY_218,PA,8,55,1.0,0.6100000000000001,True
ENZ_PAZY_218,PA,8,65,0.0,0.6100000000000001,True
ENZ_PAZY_218,PA,8,65,0.5,0.6100000000000001,True
ENZ_PAZY_218,PA,8,65,1.0,0.6100000000000001,True
ENZ_PAZY_218,PA,9,25,0.0,0.6100000000000001,True
ENZ_PAZY_218,PA,9,25,0.5,0.6100000000000001,True
ENZ_PAZY_218,PA,9,25,1.0,0.6100000000000001,True
ENZ_PAZY_218,PA,9,35,0.0,0.6100000000000001,True
ENZ_PAZY_218,PA,9,35,0.5,0.6100000000000001,True
ENZ_PAZY_218,PA,9,35,1.0,0.6100000000000001,True
ENZ_PAZY_218,PA,9,45,0.0,0.6100000000000001,True
ENZ_PAZY_218,PA,9,45,0.5,0.6100000000000001,True
ENZ_PAZY_218,PA,9,45,1.0,0.6100000000000001,True
ENZ_PAZY_218,PA,9,55,0.0,0.6100000000000001,True
ENZ_PAZY_218,PA,9,55,0.5,0.6100000000000001,True
ENZ_PAZY_218,PA,9,55,1.0,0.6100000000000001,True
ENZ_PAZY_218,PA,9,65,0.0,0.6100000000000001,True
ENZ_PAZY_218,PA,9,65,0.5,0.6100000000000001,True
ENZ_PAZY_218,PA,9,65,1.0,0.6100000000000001,True
ENZ_PAZY_218,PA,10,25,0.0,0.6100000000000001,True
ENZ_PAZY_218,PA,10,25,0.5,0.6100000000000001,True
ENZ_PAZY_218,PA,10,25,1.0,0.6100000000000001,True
ENZ_PAZY_218,PA,10,35,0.0,0.6100000000000001,True
ENZ_PAZY_218,PA,10,35,0.5,0.6100000000000001,True
ENZ_PAZY_218,PA,10,35,1.0,0.6100000000000001,True
ENZ_PAZY_218,PA,10,45,0.0,0.6100000000000001,True
ENZ_PAZY_218,PA,10,45,0.5,0.6100000000000001,True
ENZ_PAZY_218,PA,10,45,1.0,0.6100000000000001,True
ENZ_PAZY_218,PA,10,55,0.0,0.6100000000000001,True
ENZ_PAZY_218,PA,10,55,0.5,0.6100000000000001,True
ENZ_PAZY_218,PA,10,55,1.0,0.6100000000000001,True
ENZ_PAZY_218,PA,10,65,0.0,0.6100000000000001,True
ENZ_PAZY_218,PA,10,65,0.5,0.6100000000000001,True
ENZ_PAZY_218,PA,10,65,1.0,0.6100000000000001,True
ENZ_PAZY_219,PA,6,25,0.0,0.6100000000000001,True
ENZ_PAZY_219,PA,6,25,0.5,0.6100000000000001,True
ENZ_PAZY_219,PA,6,25,1.0,0.6100000000000001,True
ENZ_PAZY_219,PA,6,35,0.0,0.6100000000000001,True
ENZ_PAZY_219,PA,6,35,0.5,0.6100000000000001,True
ENZ_PAZY_219,PA,6,35,1.0,0.6100000000000001,True
ENZ_PAZY_219,PA,6,45,0.0,0.6100000000000001,True
ENZ_PAZY_219,PA,6,45,0.5,0.6100000000000001,True
ENZ_PAZY_219,PA,6,45,1.0,0.6100000000000001,True
ENZ_PAZY_219,PA,6,55,0.0,0.6100000000000001,True
ENZ_PAZY_219,PA,6,55,0.5,0.6100000000000001,True
ENZ_PAZY_219,PA,6,55,1.0,0.6100000000000001,True
ENZ_PAZY_219,PA,6,65,0.0,0.6100000000000001,True
ENZ_PAZY_219,PA,6,65,0.5,0.6100000000000001,True
ENZ_PAZY_219,PA,6,65,1.0,0.6100000000000001,True
ENZ_PAZY_219,PA,7,25,0.0,0.6100000000000001,True
ENZ_PAZY_219,PA,7,25,0.5,0.6100000000000001,True
ENZ_PAZY_219,PA,7,25,1.0,0.6100000000000001,True
ENZ_PAZY_219,PA,7,35,0.0,0.6100000000000001,True
ENZ_PAZY_219,PA,7,35,0.5,0.6100000000000001,True
ENZ_PAZY_219,PA,7,35,1.0,0.6100000000000001,True
ENZ_PAZY_219,PA,7,45,0.0,0.6100000000000001,True
ENZ_PAZY_219,PA,7,45,0.5,0.6100000000000001,True
ENZ_PAZY_219,PA,7,45,1.0,0.6100000000000001,True
ENZ_PAZY_219,PA,7,55,0.0,0.6100000000000001,True
ENZ_PAZY_219,PA,7,55,0.5,0.6100000000000001,True
ENZ_PAZY_219,PA,7,55,1.0,0.6100000000000001,True
ENZ_PAZY_219,PA,7,65,0.0,0.6100000000000001,True
ENZ_PAZY_219,PA,7,65,0.5,0.6100000000000001,True
ENZ_PAZY_219,PA,7,65,1.0,0.6100000000000001,True
ENZ_PAZY_219,PA,8,25,0.0,0.6100000000000001,True
ENZ_PAZY_219,PA,8,25,0.5,0.6100000000000001,True
ENZ_PAZY_219,PA,8,25,1.0,0.6100000000000001,True
ENZ_PAZY_219,PA,8,35,0.0,0.6100000000000001,True
ENZ_PAZY_219,PA,8,35,0.5,0.6100000000000001,True
ENZ_PAZY_219,PA,8,35,1.0,0.6100000000000001,True
ENZ_PAZY_219,PA,8,45,0.0,0.6100000000000001,True
ENZ_PAZY_219,PA,8,45,0.5,0.6100000000000001,True
ENZ_PAZY_219,PA,8,45,1.0,0.6100000000000001,True
ENZ_PAZY_219,PA,8,55,0.0,0.6100000000000001,True
ENZ_PAZY_219,PA,8,55,0.5,0.6100000000000001,True
ENZ_PAZY_219,PA,8,55,1.0,0.6100000000000001,True
ENZ_PAZY_219,PA,8,65,0.0,0.6100000000000001,True
ENZ_PAZY_219,PA,8,65,0.5,0.6100000000000001,True
ENZ_PAZY_219,PA,8,65,1.0,0.6100000000000001,True
ENZ_PAZY_219,PA,9,25,0.0,0.6100000000000001,True
ENZ_PAZY_219,PA,9,25,0.5,0.6100000000000001,True
ENZ_PAZY_219,PA,9,25,1.0,0.6100000000000001,True
ENZ_PAZY_219,PA,9,35,0.0,0.6100000000000001,True
ENZ_PAZY_219,PA,9,35,0.5,0.6100000000000001,True
ENZ_PAZY_219,PA,9,35,1.0,0.6100000000000001,True
ENZ_PAZY_219,PA,9,45,0.0,0.6100000000000001,True
ENZ_PAZY_219,PA,9,45,0.5,0.6100000000000001,True
ENZ_PAZY_219,PA,9,45,1.0,0.6100000000000001,True
ENZ_PAZY_219,PA,9,55,0.0,0.6100000000000001,True
ENZ_PAZY_219,PA,9,55,0.5,0.6100000000000001,True
ENZ_PAZY_219,PA,9,55,1.0,0.6100000000000001,True
ENZ_PAZY_219,PA,9,65,0.0,0.6100000000000001,True
ENZ_PAZY_219,PA,9,65,0.5,0.6100000000000001,True
ENZ_PAZY_219,PA,9,65,1.0,0.6100000000000001,True
ENZ_PAZY_219,PA,10,25,0.0,0.6100000000000001,True
ENZ_PAZY_219,PA,10,25,0.5,0.6100000000000001,True
ENZ_PAZY_219,PA,10,25,1.0,0.6100000000000001,True
ENZ_PAZY_219,PA,10,35,0.0,0.6100000000000001,True
ENZ_PAZY_219,PA,10,35,0.5,0.6100000000000001,True
ENZ_PAZY_219,PA,10,35,1.0,0.6100000000000001,True
ENZ_PAZY_219,PA,10,45,0.0,0.6100000000000001,True
ENZ_PAZY_219,PA,10,45,0.5,0.6100000000000001,True
ENZ_PAZY_219,PA,10,45,1.0,0.6100000000000001,True
ENZ_PAZY_219,PA,10,55,0.0,0.6100000000000001,True
ENZ_PAZY_219,PA,10,55,0.5,0.6100000000000001,True
ENZ_PAZY_219,PA,10,55,1.0,0.6100000000000001,True
ENZ_PAZY_219,PA,10,65,0.0,0.6100000000000001,True
ENZ_PAZY_219,PA,10,65,0.5,0.6100000000000001,True
ENZ_PAZY_219,PA,10,65,1.0,0.6100000000000001,True
ENZ_PAZY_220,PA,6,25,0.0,0.6100000000000001,True
ENZ_PAZY_220,PA,6,25,0.5,0.6100000000000001,True
ENZ_PAZY_220,PA,6,25,1.0,0.6100000000000001,True
ENZ_PAZY_220,PA,6,35,0.0,0.6100000000000001,True
ENZ_PAZY_220,PA,6,35,0.5,0.6100000000000001,True
ENZ_PAZY_220,PA,6,35,1.0,0.6100000000000001,True
ENZ_PAZY_220,PA,6,45,0.0,0.6100000000000001,True
ENZ_PAZY_220,PA,6,45,0.5,0.6100000000000001,True
ENZ_PAZY_220,PA,6,45,1.0,0.6100000000000001,True
ENZ_PAZY_220,PA,6,55,0.0,0.6100000000000001,True
ENZ_PAZY_220,PA,6,55,0.5,0.6100000000000001,True
ENZ_PAZY_220,PA,6,55,1.0,0.6100000000000001,True
ENZ_PAZY_220,PA,6,65,0.0,0.6100000000000001,True
ENZ_PAZY_220,PA,6,65,0.5,0.6100000000000001,True
ENZ_PAZY_220,PA,6,65,1.0,0.6100000000000001,True
ENZ_PAZY_220,PA,7,25,0.0,0.6100000000000001,True
ENZ_PAZY_220,PA,7,25,0.5,0.6100000000000001,True
ENZ_PAZY_220,PA,7,25,1.0,0.6100000000000001,True
ENZ_PAZY_220,PA,7,35,0.0,0.6100000000000001,True
ENZ_PAZY_220,PA,7,35,0.5,0.6100000000000001,True
ENZ_PAZY_220,PA,7,35,1.0,0.6100000000000001,True
ENZ_PAZY_220,PA,7,45,0.0,0.6100000000000001,True
ENZ_PAZY_220,PA,7,45,0.5,0.6100000000000001,True
ENZ_PAZY_220,PA,7,45,1.0,0.6100000000000001,True
ENZ_PAZY_220,PA,7,55,0.0,0.6100000000000001,True
ENZ_PAZY_220,PA,7,55,0.5,0.6100000000000001,True
ENZ_PAZY_220,PA,7,55,1.0,0.6100000000000001,True
ENZ_PAZY_220,PA,7,65,0.0,0.6100000000000001,True
ENZ_PAZY_220,PA,7,65,0.5,0.6100000000000001,True
ENZ_PAZY_220,PA,7,65,1.0,0.6100000000000001,True
ENZ_PAZY_220,PA,8,25,0.0,0.6100000000000001,True
ENZ_PAZY_220,PA,8,25,0.5,0.6100000000000001,True
ENZ_PAZY_220,PA,8,25,1.0,0.6100000000000001,True
ENZ_PAZY_220,PA,8,35,0.0,0.6100000000000001,True
ENZ_PAZY_220,PA,8,35,0.5,0.6100000000000001,True
ENZ_PAZY_220,PA,8,35,1.0,0.6100000000000001,True
ENZ_PAZY_220,PA,8,45,0.0,0.6100000000000001,True
ENZ_PAZY_220,PA,8,45,0.5,0.6100000000000001,True
ENZ_PAZY_220,PA,8,45,1.0,0.6100000000000001,True
ENZ_PAZY_220,PA,8,55,0.0,0.6100000000000001,True
ENZ_PAZY_220,PA,8,55,0.5,0.6100000000000001,True
ENZ_PAZY_220,PA,8,55,1.0,0.6100000000000001,True
ENZ_PAZY_220,PA,8,65,0.0,0.6100000000000001,True
ENZ_PAZY_220,PA,8,65,0.5,0.6100000000000001,True
ENZ_PAZY_220,PA,8,65,1.0,0.6100000000000001,True
ENZ_PAZY_220,PA,9,25,0.0,0.6100000000000001,True
ENZ_PAZY_220,PA,9,25,0.5,0.6100000000000001,True
ENZ_PAZY_220,PA,9,25,1.0,0.6100000000000001,True
ENZ_PAZY_220,PA,9,35,0.0,0.6100000000000001,True
ENZ_PAZY_220,PA,9,35,0.5,0.6100000000000001,True
ENZ_PAZY_220,PA,9,35,1.0,0.6100000000000001,True
ENZ_PAZY_220,PA,9,45,0.0,0.6100000000000001,True
ENZ_PAZY_220,PA,9,45,0.5,0.6100000000000001,True
ENZ_PAZY_220,PA,9,45,1.0,0.6100000000000001,True
ENZ_PAZY_220,PA,9,55,0.0,0.6100000000000001,True
ENZ_PAZY_220,PA,9,55,0.5,0.6100000000000001,True
ENZ_PAZY_220,PA,9,55,1.0,0.6100000000000001,True
ENZ_PAZY_220,PA,9,65,0.0,0.6100000000000001,True
ENZ_PAZY_220,PA,9,65,0.5,0.6100000000000001,True
ENZ_PAZY_220,PA,9,65,1.0,0.6100000000000001,True
ENZ_PAZY_220,PA,10,25,0.0,0.6100000000000001,True
ENZ_PAZY_220,PA,10,25,0.5,0.6100000000000001,True
ENZ_PAZY_220,PA,10,25,1.0,0.6100000000000001,True
ENZ_PAZY_220,PA,10,35,0.0,0.6100000000000001,True
ENZ_PAZY_220,PA,10,35,0.5,0.6100000000000001,True
ENZ_PAZY_220,PA,10,35,1.0,0.6100000000000001,True
ENZ_PAZY_220,PA,10,45,0.0,0.6100000000000001,True
ENZ_PAZY_220,PA,10,45,0.5,0.6100000000000001,True
ENZ_PAZY_220,PA,10,45,1.0,0.6100000000000001,True
ENZ_PAZY_220,PA,10,55,0.0,0.6100000000000001,True
ENZ_PAZY_220,PA,10,55,0.5,0.6100000000000001,True
ENZ_PAZY_220,PA,10,55,1.0,0.6100000000000001,True
ENZ_PAZY_220,PA,10,65,0.0,0.6100000000000001,True
ENZ_PAZY_220,PA,10,65,0.5,0.6100000000000001,True
ENZ_PAZY_220,PA,10,65,1.0,0.6100000000000001,True
ENZ_PAZY_221,PA,6,25,0.0,0.6100000000000001,True
ENZ_PAZY_221,PA,6,25,0.5,0.6100000000000001,True
ENZ_PAZY_221,PA,6,25,1.0,0.6100000000000001,True
ENZ_PAZY_221,PA,6,35,0.0,0.6100000000000001,True
ENZ_PAZY_221,PA,6,35,0.5,0.6100000000000001,True
ENZ_PAZY_221,PA,6,35,1.0,0.6100000000000001,True
ENZ_PAZY_221,PA,6,45,0.0,0.6100000000000001,True
ENZ_PAZY_221,PA,6,45,0.5,0.6100000000000001,True
ENZ_PAZY_221,PA,6,45,1.0,0.6100000000000001,True
ENZ_PAZY_221,PA,6,55,0.0,0.6100000000000001,True
ENZ_PAZY_221,PA,6,55,0.5,0.6100000000000001,True
ENZ_PAZY_221,PA,6,55,1.0,0.6100000000000001,True
ENZ_PAZY_221,PA,6,65,0.0,0.6100000000000001,True
ENZ_PAZY_221,PA,6,65,0.5,0.6100000000000001,True
ENZ_PAZY_221,PA,6,65,1.0,0.6100000000000001,True
ENZ_PAZY_221,PA,7,25,0.0,0.6100000000000001,True
ENZ_PAZY_221,PA,7,25,0.5,0.6100000000000001,True
ENZ_PAZY_221,PA,7,25,1.0,0.6100000000000001,True
ENZ_PAZY_221,PA,7,35,0.0,0.6100000000000001,True
ENZ_PAZY_221,PA,7,35,0.5,0.6100000000000001,True
ENZ_PAZY_221,PA,7,35,1.0,0.6100000000000001,True
ENZ_PAZY_221,PA,7,45,0.0,0.6100000000000001,True
ENZ_PAZY_221,PA,7,45,0.5,0.6100000000000001,True
ENZ_PAZY_221,PA,7,45,1.0,0.6100000000000001,True
ENZ_PAZY_221,PA,7,55,0.0,0.6100000000000001,True
ENZ_PAZY_221,PA,7,55,0.5,0.6100000000000001,True
ENZ_PAZY_221,PA,7,55,1.0,0.6100000000000001,True
ENZ_PAZY_221,PA,7,65,0.0,0.6100000000000001,True
ENZ_PAZY_221,PA,7,65,0.5,0.6100000000000001,True
ENZ_PAZY_221,PA,7,65,1.0,0.6100000000000001,True
ENZ_PAZY_221,PA,8,25,0.0,0.6100000000000001,True
ENZ_PAZY_221,PA,8,25,0.5,0.6100000000000001,True
ENZ_PAZY_221,PA,8,25,1.0,0.6100000000000001,True
ENZ_PAZY_221,PA,8,35,0.0,0.6100000000000001,True
ENZ_PAZY_221,PA,8,35,0.5,0.6100000000000001,True
ENZ_PAZY_221,PA,8,35,1.0,0.6100000000000001,True
ENZ_PAZY_221,PA,8,45,0.0,0.6100000000000001,True
ENZ_PAZY_221,PA,8,45,0.5,0.6100000000000001,True
ENZ_PAZY_221,PA,8,45,1.0,0.6100000000000001,True
ENZ_PAZY_221,PA,8,55,0.0,0.6100000000000001,True
ENZ_PAZY_221,PA,8,55,0.5,0.6100000000000001,True
ENZ_PAZY_221,PA,8,55,1.0,0.6100000000000001,True
ENZ_PAZY_221,PA,8,65,0.0,0.6100000000000001,True
ENZ_PAZY_221,PA,8,65,0.5,0.6100000000000001,True
ENZ_PAZY_221,PA,8,65,1.0,0.6100000000000001,True
ENZ_PAZY_221,PA,9,25,0.0,0.6100000000000001,True
ENZ_PAZY_221,PA,9,25,0.5,0.6100000000000001,True
ENZ_PAZY_221,PA,9,25,1.0,0.6100000000000001,True
ENZ_PAZY_221,PA,9,35,0.0,0.6100000000000001,True
ENZ_PAZY_221,PA,9,35,0.5,0.6100000000000001,True
ENZ_PAZY_221,PA,9,35,1.0,0.6100000000000001,True
ENZ_PAZY_221,PA,9,45,0.0,0.6100000000000001,True
ENZ_PAZY_221,PA,9,45,0.5,0.6100000000000001,True
ENZ_PAZY_221,PA,9,45,1.0,0.6100000000000001,True
ENZ_PAZY_221,PA,9,55,0.0,0.6100000000000001,True
ENZ_PAZY_221,PA,9,55,0.5,0.6100000000000001,True
ENZ_PAZY_221,PA,9,55,1.0,0.6100000000000001,True
ENZ_PAZY_221,PA,9,65,0.0,0.6100000000000001,True
ENZ_PAZY_221,PA,9,65,0.5,0.6100000000000001,True
ENZ_PAZY_221,PA,9,65,1.0,0.6100000000000001,True
ENZ_PAZY_221,PA,10,25,0.0,0.6100000000000001,True
ENZ_PAZY_221,PA,10,25,0.5,0.6100000000000001,True
ENZ_PAZY_221,PA,10,25,1.0,0.6100000000000001,True
ENZ_PAZY_221,PA,10,35,0.0,0.6100000000000001,True
ENZ_PAZY_221,PA,10,35,0.5,0.6100000000000001,True
ENZ_PAZY_221,PA,10,35,1.0,0.6100000000000001,True
ENZ_PAZY_221,PA,10,45,0.0,0.6100000000000001,True
ENZ_PAZY_221,PA,10,45,0.5,0.6100000000000001,True
ENZ_PAZY_221,PA,10,45,1.0,0.6100000000000001,True
ENZ_PAZY_221,PA,10,55,0.0,0.6100000000000001,True
ENZ_PAZY_221,PA,10,55,0.5,0.6100000000000001,True
ENZ_PAZY_221,PA,10,55,1.0,0.6100000000000001,True
ENZ_PAZY_221,PA,10,65,0.0,0.6100000000000001,True
ENZ_PAZY_221,PA,10,65,0.5,0.6100000000000001,True
ENZ_PAZY_221,PA,10,65,1.0,0.6100000000000001,True
ENZ_PAZY_222,PA,6,25,0.0,0.6100000000000001,True
ENZ_PAZY_222,PA,6,25,0.5,0.6100000000000001,True
ENZ_PAZY_222,PA,6,25,1.0,0.6100000000000001,True
ENZ_PAZY_222,PA,6,35,0.0,0.6100000000000001,True
ENZ_PAZY_222,PA,6,35,0.5,0.6100000000000001,True
ENZ_PAZY_222,PA,6,35,1.0,0.6100000000000001,True
ENZ_PAZY_222,PA,6,45,0.0,0.6100000000000001,True
ENZ_PAZY_222,PA,6,45,0.5,0.6100000000000001,True
ENZ_PAZY_222,PA,6,45,1.0,0.6100000000000001,True
ENZ_PAZY_222,PA,6,55,0.0,0.6100000000000001,True
ENZ_PAZY_222,PA,6,55,0.5,0.6100000000000001,True
ENZ_PAZY_222,PA,6,55,1.0,0.6100000000000001,True
ENZ_PAZY_222,PA,6,65,0.0,0.6100000000000001,True
ENZ_PAZY_222,PA,6,65,0.5,0.6100000000000001,True
ENZ_PAZY_222,PA,6,65,1.0,0.6100000000000001,True
ENZ_PAZY_222,PA,7,25,0.0,0.6100000000000001,True
ENZ_PAZY_222,PA,7,25,0.5,0.6100000000000001,True
ENZ_PAZY_222,PA,7,25,1.0,0.6100000000000001,True
ENZ_PAZY_222,PA,7,35,0.0,0.6100000000000001,True
ENZ_PAZY_222,PA,7,35,0.5,0.6100000000000001,True
ENZ_PAZY_222,PA,7,35,1.0,0.6100000000000001,True
ENZ_PAZY_222,PA,7,45,0.0,0.6100000000000001,True
ENZ_PAZY_222,PA,7,45,0.5,0.6100000000000001,True
ENZ_PAZY_222,PA,7,45,1.0,0.6100000000000001,True
ENZ_PAZY_222,PA,7,55,0.0,0.6100000000000001,True
ENZ_PAZY_222,PA,7,55,0.5,0.6100000000000001,True
ENZ_PAZY_222,PA,7,55,1.0,0.6100000000000001,True
ENZ_PAZY_222,PA,7,65,0.0,0.6100000000000001,True
ENZ_PAZY_222,PA,7,65,0.5,0.6100000000000001,True
ENZ_PAZY_222,PA,7,65,1.0,0.6100000000000001,True
ENZ_PAZY_222,PA,8,25,0.0,0.6100000000000001,True
ENZ_PAZY_222,PA,8,25,0.5,0.6100000000000001,True
ENZ_PAZY_222,PA,8,25,1.0,0.6100000000000001,True
ENZ_PAZY_222,PA,8,35,0.0,0.6100000000000001,True
ENZ_PAZY_222,PA,8,35,0.5,0.6100000000000001,True
ENZ_PAZY_222,PA,8,35,1.0,0.6100000000000001,True
ENZ_PAZY_222,PA,8,45,0.0,0.6100000000000001,True
ENZ_PAZY_222,PA,8,45,0.5,0.6100000000000001,True
ENZ_PAZY_222,PA,8,45,1.0,0.6100000000000001,True
ENZ_PAZY_222,PA,8,55,0.0,0.6100000000000001,True
ENZ_PAZY_222,PA,8,55,0.5,0.6100000000000001,True
ENZ_PAZY_222,PA,8,55,1.0,0.6100000000000001,True
ENZ_PAZY_222,PA,8,65,0.0,0.6100000000000001,True
ENZ_PAZY_222,PA,8,65,0.5,0.6100000000000001,True
ENZ_PAZY_222,PA,8,65,1.0,0.6100000000000001,True
ENZ_PAZY_222,PA,9,25,0.0,0.6100000000000001,True
ENZ_PAZY_222,PA,9,25,0.5,0.6100000000000001,True
ENZ_PAZY_222,PA,9,25,1.0,0.6100000000000001,True
ENZ_PAZY_222,PA,9,35,0.0,0.6100000000000001,True
ENZ_PAZY_222,PA,9,35,0.5,0.6100000000000001,True
ENZ_PAZY_222,PA,9,35,1.0,0.6100000000000001,True
ENZ_PAZY_222,PA,9,45,0.0,0.6100000000000001,True
ENZ_PAZY_222,PA,9,45,0.5,0.6100000000000001,True
ENZ_PAZY_222,PA,9,45,1.0,0.6100000000000001,True
ENZ_PAZY_222,PA,9,55,0.0,0.6100000000000001,True
ENZ_PAZY_222,PA,9,55,0.5,0.6100000000000001,True
ENZ_PAZY_222,PA,9,55,1.0,0.6100000000000001,True
ENZ_PAZY_222,PA,9,65,0.0,0.6100000000000001,True
ENZ_PAZY_222,PA,9,65,0.5,0.6100000000000001,True
ENZ_PAZY_222,PA,9,65,1.0,0.6100000000000001,True
ENZ_PAZY_222,PA,10,25,0.0,0.6100000000000001,True
ENZ_PAZY_222,PA,10,25,0.5,0.6100000000000001,True
ENZ_PAZY_222,PA,10,25,1.0,0.6100000000000001,True
ENZ_PAZY_222,PA,10,35,0.0,0.6100000000000001,True
ENZ_PAZY_222,PA,10,35,0.5,0.6100000000000001,True
ENZ_PAZY_222,PA,10,35,1.0,0.6100000000000001,True
ENZ_PAZY_222,PA,10,45,0.0,0.6100000000000001,True
ENZ_PAZY_222,PA,10,45,0.5,0.6100000000000001,True
ENZ_PAZY_222,PA,10,45,1.0,0.6100000000000001,True
ENZ_PAZY_222,PA,10,55,0.0,0.6100000000000001,True
ENZ_PAZY_222,PA,10,55,0.5,0.6100000000000001,True
ENZ_PAZY_222,PA,10,55,1.0,0.6100000000000001,True
ENZ_PAZY_222,PA,10,65,0.0,0.6100000000000001,True
ENZ_PAZY_222,PA,10,65,0.5,0.6100000000000001,True
ENZ_PAZY_222,PA,10,65,1.0,0.6100000000000001,True
ENZ_PAZY_245,PA,6,25,0.0,0.6100000000000001,True
ENZ_PAZY_245,PA,6,25,0.5,0.6100000000000001,True
ENZ_PAZY_245,PA,6,25,1.0,0.6100000000000001,True
ENZ_PAZY_245,PA,6,35,0.0,0.6100000000000001,True
ENZ_PAZY_245,PA,6,35,0.5,0.6100000000000001,True
ENZ_PAZY_245,PA,6,35,1.0,0.6100000000000001,True
ENZ_PAZY_245,PA,6,45,0.0,0.6100000000000001,True
ENZ_PAZY_245,PA,6,45,0.5,0.6100000000000001,True
ENZ_PAZY_245,PA,6,45,1.0,0.6100000000000001,True
ENZ_PAZY_245,PA,6,55,0.0,0.6100000000000001,True
ENZ_PAZY_245,PA,6,55,0.5,0.6100000000000001,True
ENZ_PAZY_245,PA,6,55,1.0,0.6100000000000001,True
ENZ_PAZY_245,PA,6,65,0.0,0.6100000000000001,True
ENZ_PAZY_245,PA,6,65,0.5,0.6100000000000001,True
ENZ_PAZY_245,PA,6,65,1.0,0.6100000000000001,True
ENZ_PAZY_245,PA,7,25,0.0,0.6100000000000001,True
ENZ_PAZY_245,PA,7,25,0.5,0.6100000000000001,True
ENZ_PAZY_245,PA,7,25,1.0,0.6100000000000001,True
ENZ_PAZY_245,PA,7,35,0.0,0.6100000000000001,True
ENZ_PAZY_245,PA,7,35,0.5,0.6100000000000001,True
ENZ_PAZY_245,PA,7,35,1.0,0.6100000000000001,True
ENZ_PAZY_245,PA,7,45,0.0,0.6100000000000001,True
ENZ_PAZY_245,PA,7,45,0.5,0.6100000000000001,True
ENZ_PAZY_245,PA,7,45,1.0,0.6100000000000001,True
ENZ_PAZY_245,PA,7,55,0.0,0.6100000000000001,True
ENZ_PAZY_245,PA,7,55,0.5,0.6100000000000001,True
ENZ_PAZY_245,PA,7,55,1.0,0.6100000000000001,True
ENZ_PAZY_245,PA,7,65,0.0,0.6100000000000001,True
ENZ_PAZY_245,PA,7,65,0.5,0.6100000000000001,True
ENZ_PAZY_245,PA,7,65,1.0,0.6100000000000001,True
ENZ_PAZY_245,PA,8,25,0.0,0.6100000000000001,True
ENZ_PAZY_245,PA,8,25,0.5,0.6100000000000001,True
ENZ_PAZY_245,PA,8,25,1.0,0.6100000000000001,True
ENZ_PAZY_245,PA,8,35,0.0,0.6100000000000001,True
ENZ_PAZY_245,PA,8,35,0.5,0.6100000000000001,True
ENZ_PAZY_245,PA,8,35,1.0,0.6100000000000001,True
ENZ_PAZY_245,PA,8,45,0.0,0.6100000000000001,True
ENZ_PAZY_245,PA,8,45,0.5,0.6100000000000001,True
ENZ_PAZY_245,PA,8,45,1.0,0.6100000000000001,True
ENZ_PAZY_245,PA,8,55,0.0,0.6100000000000001,True
ENZ_PAZY_245,PA,8,55,0.5,0.6100000000000001,True
ENZ_PAZY_245,PA,8,55,1.0,0.6100000000000001,True
ENZ_PAZY_245,PA,8,65,0.0,0.6100000000000001,True
ENZ_PAZY_245,PA,8,65,0.5,0.6100000000000001,True
ENZ_PAZY_245,PA,8,65,1.0,0.6100000000000001,True
ENZ_PAZY_245,PA,9,25,0.0,0.6100000000000001,True
ENZ_PAZY_245,PA,9,25,0.5,0.6100000000000001,True
ENZ_PAZY_245,PA,9,25,1.0,0.6100000000000001,True
ENZ_PAZY_245,PA,9,35,0.0,0.6100000000000001,True
ENZ_PAZY_245,PA,9,35,0.5,0.6100000000000001,True
ENZ_PAZY_245,PA,9,35,1.0,0.6100000000000001,True
ENZ_PAZY_245,PA,9,45,0.0,0.6100000000000001,True
ENZ_PAZY_245,PA,9,45,0.5,0.6100000000000001,True
ENZ_PAZY_245,PA,9,45,1.0,0.6100000000000001,True
ENZ_PAZY_245,PA,9,55,0.0,0.6100000000000001,True
ENZ_PAZY_245,PA,9,55,0.5,0.6100000000000001,True
ENZ_PAZY_245,PA,9,55,1.0,0.6100000000000001,True
ENZ_PAZY_245,PA,9,65,0.0,0.6100000000000001,True
ENZ_PAZY_245,PA,9,65,0.5,0.6100000000000001,True
ENZ_PAZY_245,PA,9,65,1.0,0.6100000000000001,True
ENZ_PAZY_245,PA,10,25,0.0,0.6100000000000001,True
ENZ_PAZY_245,PA,10,25,0.5,0.6100000000000001,True
ENZ_PAZY_245,PA,10,25,1.0,0.6100000000000001,True
ENZ_PAZY_245,PA,10,35,0.0,0.6100000000000001,True
ENZ_PAZY_245,PA,10,35,0.5,0.6100000000000001,True
ENZ_PAZY_245,PA,10,35,1.0,0.6100000000000001,True
ENZ_PAZY_245,PA,10,45,0.0,0.6100000000000001,True
ENZ_PAZY_245,PA,10,45,0.5,0.6100000000000001,True
ENZ_PAZY_245,PA,10,45,1.0,0.6100000000000001,True
ENZ_PAZY_245,PA,10,55,0.0,0.6100000000000001,True
ENZ_PAZY_245,PA,10,55,0.5,0.6100000000000001,True
ENZ_PAZY_245,PA,10,55,1.0,0.6100000000000001,True
ENZ_PAZY_245,PA,10,65,0.0,0.6100000000000001,True
ENZ_PAZY_245,PA,10,65,0.5,0.6100000000000001,True
ENZ_PAZY_245,PA,10,65,1.0,0.6100000000000001,True
ENZ_PAZY_246,PA,6,25,0.0,0.6100000000000001,True
ENZ_PAZY_246,PA,6,25,0.5,0.6100000000000001,True
ENZ_PAZY_246,PA,6,25,1.0,0.6100000000000001,True
ENZ_PAZY_246,PA,6,35,0.0,0.6100000000000001,True
ENZ_PAZY_246,PA,6,35,0.5,0.6100000000000001,True
ENZ_PAZY_246,PA,6,35,1.0,0.6100000000000001,True
ENZ_PAZY_246,PA,6,45,0.0,0.6100000000000001,True
ENZ_PAZY_246,PA,6,45,0.5,0.6100000000000001,True
ENZ_PAZY_246,PA,6,45,1.0,0.6100000000000001,True
ENZ_PAZY_246,PA,6,55,0.0,0.6100000000000001,True
ENZ_PAZY_246,PA,6,55,0.5,0.6100000000000001,True
ENZ_PAZY_246,PA,6,55,1.0,0.6100000000000001,True
ENZ_PAZY_246,PA,6,65,0.0,0.6100000000000001,True
ENZ_PAZY_246,PA,6,65,0.5,0.6100000000000001,True
ENZ_PAZY_246,PA,6,65,1.0,0.6100000000000001,True
ENZ_PAZY_246,PA,7,25,0.0,0.6100000000000001,True
ENZ_PAZY_246,PA,7,25,0.5,0.6100000000000001,True
ENZ_PAZY_246,PA,7,25,1.0,0.6100000000000001,True
ENZ_PAZY_246,PA,7,35,0.0,0.6100000000000001,True
ENZ_PAZY_246,PA,7,35,0.5,0.6100000000000001,True
ENZ_PAZY_246,PA,7,35,1.0,0.6100000000000001,True
ENZ_PAZY_246,PA,7,45,0.0,0.6100000000000001,True
ENZ_PAZY_246,PA,7,45,0.5,0.6100000000000001,True
ENZ_PAZY_246,PA,7,45,1.0,0.6100000000000001,True
ENZ_PAZY_246,PA,7,55,0.0,0.6100000000000001,True
ENZ_PAZY_246,PA,7,55,0.5,0.6100000000000001,True
ENZ_PAZY_246,PA,7,55,1.0,0.6100000000000001,True
ENZ_PAZY_246,PA,7,65,0.0,0.6100000000000001,True
ENZ_PAZY_246,PA,7,65,0.5,0.6100000000000001,True
ENZ_PAZY_246,PA,7,65,1.0,0.6100000000000001,True
ENZ_PAZY_246,PA,8,25,0.0,0.6100000000000001,True
ENZ_PAZY_246,PA,8,25,0.5,0.6100000000000001,True
ENZ_PAZY_246,PA,8,25,1.0,0.6100000000000001,True
ENZ_PAZY_246,PA,8,35,0.0,0.6100000000000001,True
ENZ_PAZY_246,PA,8,35,0.5,0.6100000000000001,True
ENZ_PAZY_246,PA,8,35,1.0,0.6100000000000001,True
ENZ_PAZY_246,PA,8,45,0.0,0.6100000000000001,True
ENZ_PAZY_246,PA,8,45,0.5,0.6100000000000001,True
ENZ_PAZY_246,PA,8,45,1.0,0.6100000000000001,True
ENZ_PAZY_246,PA,8,55,0.0,0.6100000000000001,True
ENZ_PAZY_246,PA,8,55,0.5,0.6100000000000001,True
ENZ_PAZY_246,PA,8,55,1.0,0.6100000000000001,True
ENZ_PAZY_246,PA,8,65,0.0,0.6100000000000001,True
ENZ_PAZY_246,PA,8,65,0.5,0.6100000000000001,True
ENZ_PAZY_246,PA,8,65,1.0,0.6100000000000001,True
ENZ_PAZY_246,PA,9,25,0.0,0.6100000000000001,True
ENZ_PAZY_246,PA,9,25,0.5,0.6100000000000001,True
ENZ_PAZY_246,PA,9,25,1.0,0.6100000000000001,True
ENZ_PAZY_246,PA,9,35,0.0,0.6100000000000001,True
ENZ_PAZY_246,PA,9,35,0.5,0.6100000000000001,True
ENZ_PAZY_246,PA,9,35,1.0,0.6100000000000001,True
ENZ_PAZY_246,PA,9,45,0.0,0.6100000000000001,True
ENZ_PAZY_246,PA,9,45,0.5,0.6100000000000001,True
ENZ_PAZY_246,PA,9,45,1.0,0.6100000000000001,True
ENZ_PAZY_246,PA,9,55,0.0,0.6100000000000001,True
ENZ_PAZY_246,PA,9,55,0.5,0.6100000000000001,True
ENZ_PAZY_246,PA,9,55,1.0,0.6100000000000001,True
ENZ_PAZY_246,PA,9,65,0.0,0.6100000000000001,True
ENZ_PAZY_246,PA,9,65,0.5,0.6100000000000001,True
ENZ_PAZY_246,PA,9,65,1.0,0.6100000000000001,True
ENZ_PAZY_246,PA,10,25,0.0,0.6100000000000001,True
ENZ_PAZY_246,PA,10,25,0.5,0.6100000000000001,True
ENZ_PAZY_246,PA,10,25,1.0,0.6100000000000001,True
ENZ_PAZY_246,PA,10,35,0.0,0.6100000000000001,True
ENZ_PAZY_246,PA,10,35,0.5,0.6100000000000001,True
ENZ_PAZY_246,PA,10,35,1.0,0.6100000000000001,True
ENZ_PAZY_246,PA,10,45,0.0,0.6100000000000001,True
ENZ_PAZY_246,PA,10,45,0.5,0.6100000000000001,True
ENZ_PAZY_246,PA,10,45,1.0,0.6100000000000001,True
ENZ_PAZY_246,PA,10,55,0.0,0.6100000000000001,True
ENZ_PAZY_246,PA,10,55,0.5,0.6100000000000001,True
ENZ_PAZY_246,PA,10,55,1.0,0.6100000000000001,True
ENZ_PAZY_246,PA,10,65,0.0,0.6100000000000001,True
ENZ_PAZY_246,PA,10,65,0.5,0.6100000000000001,True
ENZ_PAZY_246,PA,10,65,1.0,0.6100000000000001,True
ENZ_PAZY_247,PA,6,25,0.0,0.6100000000000001,True
ENZ_PAZY_247,PA,6,25,0.5,0.6100000000000001,True
ENZ_PAZY_247,PA,6,25,1.0,0.6100000000000001,True
ENZ_PAZY_247,PA,6,35,0.0,0.6100000000000001,True
ENZ_PAZY_247,PA,6,35,0.5,0.6100000000000001,True
ENZ_PAZY_247,PA,6,35,1.0,0.6100000000000001,True
ENZ_PAZY_247,PA,6,45,0.0,0.6100000000000001,True
ENZ_PAZY_247,PA,6,45,0.5,0.6100000000000001,True
ENZ_PAZY_247,PA,6,45,1.0,0.6100000000000001,True
ENZ_PAZY_247,PA,6,55,0.0,0.6100000000000001,True
ENZ_PAZY_247,PA,6,55,0.5,0.6100000000000001,True
ENZ_PAZY_247,PA,6,55,1.0,0.6100000000000001,True
ENZ_PAZY_247,PA,6,65,0.0,0.6100000000000001,True
ENZ_PAZY_247,PA,6,65,0.5,0.6100000000000001,True
ENZ_PAZY_247,PA,6,65,1.0,0.6100000000000001,True
ENZ_PAZY_247,PA,7,25,0.0,0.6100000000000001,True
ENZ_PAZY_247,PA,7,25,0.5,0.6100000000000001,True
ENZ_PAZY_247,PA,7,25,1.0,0.6100000000000001,True
ENZ_PAZY_247,PA,7,35,0.0,0.6100000000000001,True
ENZ_PAZY_247,PA,7,35,0.5,0.6100000000000001,True
ENZ_PAZY_247,PA,7,35,1.0,0.6100000000000001,True
ENZ_PAZY_247,PA,7,45,0.0,0.6100000000000001,True
ENZ_PAZY_247,PA,7,45,0.5,0.6100000000000001,True
ENZ_PAZY_247,PA,7,45,1.0,0.6100000000000001,True
ENZ_PAZY_247,PA,7,55,0.0,0.6100000000000001,True
ENZ_PAZY_247,PA,7,55,0.5,0.6100000000000001,True
ENZ_PAZY_247,PA,7,55,1.0,0.6100000000000001,True
ENZ_PAZY_247,PA,7,65,0.0,0.6100000000000001,True
ENZ_PAZY_247,PA,7,65,0.5,0.6100000000000001,True
ENZ_PAZY_247,PA,7,65,1.0,0.6100000000000001,True
ENZ_PAZY_247,PA,8,25,0.0,0.6100000000000001,True
ENZ_PAZY_247,PA,8,25,0.5,0.6100000000000001,True
ENZ_PAZY_247,PA,8,25,1.0,0.6100000000000001,True
ENZ_PAZY_247,PA,8,35,0.0,0.6100000000000001,True
ENZ_PAZY_247,PA,8,35,0.5,0.6100000000000001,True
ENZ_PAZY_247,PA,8,35,1.0,0.6100000000000001,True
ENZ_PAZY_247,PA,8,45,0.0,0.6100000000000001,True
ENZ_PAZY_247,PA,8,45,0.5,0.6100000000000001,True
ENZ_PAZY_247,PA,8,45,1.0,0.6100000000000001,True
ENZ_PAZY_247,PA,8,55,0.0,0.6100000000000001,True
ENZ_PAZY_247,PA,8,55,0.5,0.6100000000000001,True
ENZ_PAZY_247,PA,8,55,1.0,0.6100000000000001,True
ENZ_PAZY_247,PA,8,65,0.0,0.6100000000000001,True
ENZ_PAZY_247,PA,8,65,0.5,0.6100000000000001,True
ENZ_PAZY_247,PA,8,65,1.0,0.6100000000000001,True
ENZ_PAZY_247,PA,9,25,0.0,0.6100000000000001,True
ENZ_PAZY_247,PA,9,25,0.5,0.6100000000000001,True
ENZ_PAZY_247,PA,9,25,1.0,0.6100000000000001,True
ENZ_PAZY_247,PA,9,35,0.0,0.6100000000000001,True
ENZ_PAZY_247,PA,9,35,0.5,0.6100000000000001,True
ENZ_PAZY_247,PA,9,35,1.0,0.6100000000000001,True
ENZ_PAZY_247,PA,9,45,0.0,0.6100000000000001,True
ENZ_PAZY_247,PA,9,45,0.5,0.6100000000000001,True
ENZ_PAZY_247,PA,9,45,1.0,0.6100000000000001,True
ENZ_PAZY_247,PA,9,55,0.0,0.6100000000000001,True
ENZ_PAZY_247,PA,9,55,0.5,0.6100000000000001,True
ENZ_PAZY_247,PA,9,55,1.0,0.6100000000000001,True
ENZ_PAZY_247,PA,9,65,0.0,0.6100000000000001,True
ENZ_PAZY_247,PA,9,65,0.5,0.6100000000000001,True
ENZ_PAZY_247,PA,9,65,1.0,0.6100000000000001,True
ENZ_PAZY_247,PA,10,25,0.0,0.6100000000000001,True
ENZ_PAZY_247,PA,10,25,0.5,0.6100000000000001,True
ENZ_PAZY_247,PA,10,25,1.0,0.6100000000000001,True
ENZ_PAZY_247,PA,10,35,0.0,0.6100000000000001,True
ENZ_PAZY_247,PA,10,35,0.5,0.6100000000000001,True
ENZ_PAZY_247,PA,10,35,1.0,0.6100000000000001,True
ENZ_PAZY_247,PA,10,45,0.0,0.6100000000000001,True
ENZ_PAZY_247,PA,10,45,0.5,0.6100000000000001,True
ENZ_PAZY_247,PA,10,45,1.0,0.6100000000000001,True
ENZ_PAZY_247,PA,10,55,0.0,0.6100000000000001,True
ENZ_PAZY_247,PA,10,55,0.5,0.6100000000000001,True
ENZ_PAZY_247,PA,10,55,1.0,0.6100000000000001,True
ENZ_PAZY_247,PA,10,65,0.0,0.6100000000000001,True
ENZ_PAZY_247,PA,10,65,0.5,0.6100000000000001,True
ENZ_PAZY_247,PA,10,65,1.0,0.6100000000000001,True
ENZ_PAZY_248,PA,6,25,0.0,0.6100000000000001,True
ENZ_PAZY_248,PA,6,25,0.5,0.6100000000000001,True
ENZ_PAZY_248,PA,6,25,1.0,0.6100000000000001,True
ENZ_PAZY_248,PA,6,35,0.0,0.6100000000000001,True
ENZ_PAZY_248,PA,6,35,0.5,0.6100000000000001,True
ENZ_PAZY_248,PA,6,35,1.0,0.6100000000000001,True
ENZ_PAZY_248,PA,6,45,0.0,0.6100000000000001,True
ENZ_PAZY_248,PA,6,45,0.5,0.6100000000000001,True
ENZ_PAZY_248,PA,6,45,1.0,0.6100000000000001,True
ENZ_PAZY_248,PA,6,55,0.0,0.6100000000000001,True
ENZ_PAZY_248,PA,6,55,0.5,0.6100000000000001,True
ENZ_PAZY_248,PA,6,55,1.0,0.6100000000000001,True
ENZ_PAZY_248,PA,6,65,0.0,0.6100000000000001,True
ENZ_PAZY_248,PA,6,65,0.5,0.6100000000000001,True
ENZ_PAZY_248,PA,6,65,1.0,0.6100000000000001,True
ENZ_PAZY_248,PA,7,25,0.0,0.6100000000000001,True
ENZ_PAZY_248,PA,7,25,0.5,0.6100000000000001,True
ENZ_PAZY_248,PA,7,25,1.0,0.6100000000000001,True
ENZ_PAZY_248,PA,7,35,0.0,0.6100000000000001,True
ENZ_PAZY_248,PA,7,35,0.5,0.6100000000000001,True
ENZ_PAZY_248,PA,7,35,1.0,0.6100000000000001,True
ENZ_PAZY_248,PA,7,45,0.0,0.6100000000000001,True
ENZ_PAZY_248,PA,7,45,0.5,0.6100000000000001,True
ENZ_PAZY_248,PA,7,45,1.0,0.6100000000000001,True
ENZ_PAZY_248,PA,7,55,0.0,0.6100000000000001,True
ENZ_PAZY_248,PA,7,55,0.5,0.6100000000000001,True
ENZ_PAZY_248,PA,7,55,1.0,0.6100000000000001,True
ENZ_PAZY_248,PA,7,65,0.0,0.6100000000000001,True
ENZ_PAZY_248,PA,7,65,0.5,0.6100000000000001,True
ENZ_PAZY_248,PA,7,65,1.0,0.6100000000000001,True
ENZ_PAZY_248,PA,8,25,0.0,0.6100000000000001,True
ENZ_PAZY_248,PA,8,25,0.5,0.6100000000000001,True
ENZ_PAZY_248,PA,8,25,1.0,0.6100000000000001,True
ENZ_PAZY_248,PA,8,35,0.0,0.6100000000000001,True
ENZ_PAZY_248,PA,8,35,0.5,0.6100000000000001,True
ENZ_PAZY_248,PA,8,35,1.0,0.6100000000000001,True
ENZ_PAZY_248,PA,8,45,0.0,0.6100000000000001,True
ENZ_PAZY_248,PA,8,45,0.5,0.6100000000000001,True
ENZ_PAZY_248,PA,8,45,1.0,0.6100000000000001,True
ENZ_PAZY_248,PA,8,55,0.0,0.6100000000000001,True
ENZ_PAZY_248,PA,8,55,0.5,0.6100000000000001,True
ENZ_PAZY_248,PA,8,55,1.0,0.6100000000000001,True
ENZ_PAZY_248,PA,8,65,0.0,0.6100000000000001,True
ENZ_PAZY_248,PA,8,65,0.5,0.6100000000000001,True
ENZ_PAZY_248,PA,8,65,1.0,0.6100000000000001,True
ENZ_PAZY_248,PA,9,25,0.0,0.6100000000000001,True
ENZ_PAZY_248,PA,9,25,0.5,0.6100000000000001,True
ENZ_PAZY_248,PA,9,25,1.0,0.6100000000000001,True
ENZ_PAZY_248,PA,9,35,0.0,0.6100000000000001,True
ENZ_PAZY_248,PA,9,35,0.5,0.6100000000000001,True
ENZ_PAZY_248,PA,9,35,1.0,0.6100000000000001,True
ENZ_PAZY_248,PA,9,45,0.0,0.6100000000000001,True
ENZ_PAZY_248,PA,9,45,0.5,0.6100000000000001,True
ENZ_PAZY_248,PA,9,45,1.0,0.6100000000000001,True
ENZ_PAZY_248,PA,9,55,0.0,0.6100000000000001,True
ENZ_PAZY_248,PA,9,55,0.5,0.6100000000000001,True
ENZ_PAZY_248,PA,9,55,1.0,0.6100000000000001,True
ENZ_PAZY_248,PA,9,65,0.0,0.6100000000000001,True
ENZ_PAZY_248,PA,9,65,0.5,0.6100000000000001,True
ENZ_PAZY_248,PA,9,65,1.0,0.6100000000000001,True
ENZ_PAZY_248,PA,10,25,0.0,0.6100000000000001,True
ENZ_PAZY_248,PA,10,25,0.5,0.6100000000000001,True
ENZ_PAZY_248,PA,10,25,1.0,0.6100000000000001,True
ENZ_PAZY_248,PA,10,35,0.0,0.6100000000000001,True
ENZ_PAZY_248,PA,10,35,0.5,0.6100000000000001,True
ENZ_PAZY_248,PA,10,35,1.0,0.6100000000000001,True
ENZ_PAZY_248,PA,10,45,0.0,0.6100000000000001,True
ENZ_PAZY_248,PA,10,45,0.5,0.6100000000000001,True
ENZ_PAZY_248,PA,10,45,1.0,0.6100000000000001,True
ENZ_PAZY_248,PA,10,55,0.0,0.6100000000000001,True
ENZ_PAZY_248,PA,10,55,0.5,0.6100000000000001,True
ENZ_PAZY_248,PA,10,55,1.0,0.6100000000000001,True
ENZ_PAZY_248,PA,10,65,0.0,0.6100000000000001,True
ENZ_PAZY_248,PA,10,65,0.5,0.6100000000000001,True
ENZ_PAZY_248,PA,10,65,1.0,0.6100000000000001,True
ENZ_PAZY_249,PA,6,25,0.0,0.6100000000000001,True
ENZ_PAZY_249,PA,6,25,0.5,0.6100000000000001,True
ENZ_PAZY_249,PA,6,25,1.0,0.6100000000000001,True
ENZ_PAZY_249,PA,6,35,0.0,0.6100000000000001,True
ENZ_PAZY_249,PA,6,35,0.5,0.6100000000000001,True
ENZ_PAZY_249,PA,6,35,1.0,0.6100000000000001,True
ENZ_PAZY_249,PA,6,45,0.0,0.6100000000000001,True
ENZ_PAZY_249,PA,6,45,0.5,0.6100000000000001,True
ENZ_PAZY_249,PA,6,45,1.0,0.6100000000000001,True
ENZ_PAZY_249,PA,6,55,0.0,0.6100000000000001,True
ENZ_PAZY_249,PA,6,55,0.5,0.6100000000000001,True
ENZ_PAZY_249,PA,6,55,1.0,0.6100000000000001,True
ENZ_PAZY_249,PA,6,65,0.0,0.6100000000000001,True
ENZ_PAZY_249,PA,6,65,0.5,0.6100000000000001,True
ENZ_PAZY_249,PA,6,65,1.0,0.6100000000000001,True
ENZ_PAZY_249,PA,7,25,0.0,0.6100000000000001,True
ENZ_PAZY_249,PA,7,25,0.5,0.6100000000000001,True
ENZ_PAZY_249,PA,7,25,1.0,0.6100000000000001,True
ENZ_PAZY_249,PA,7,35,0.0,0.6100000000000001,True
ENZ_PAZY_249,PA,7,35,0.5,0.6100000000000001,True
ENZ_PAZY_249,PA,7,35,1.0,0.6100000000000001,True
ENZ_PAZY_249,PA,7,45,0.0,0.6100000000000001,True
ENZ_PAZY_249,PA,7,45,0.5,0.6100000000000001,True
ENZ_PAZY_249,PA,7,45,1.0,0.6100000000000001,True
ENZ_PAZY_249,PA,7,55,0.0,0.6100000000000001,True
ENZ_PAZY_249,PA,7,55,0.5,0.6100000000000001,True
ENZ_PAZY_249,PA,7,55,1.0,0.6100000000000001,True
ENZ_PAZY_249,PA,7,65,0.0,0.6100000000000001,True
ENZ_PAZY_249,PA,7,65,0.5,0.6100000000000001,True
ENZ_PAZY_249,PA,7,65,1.0,0.6100000000000001,True
ENZ_PAZY_249,PA,8,25,0.0,0.6100000000000001,True
ENZ_PAZY_249,PA,8,25,0.5,0.6100000000000001,True
ENZ_PAZY_249,PA,8,25,1.0,0.6100000000000001,True
ENZ_PAZY_249,PA,8,35,0.0,0.6100000000000001,True
ENZ_PAZY_249,PA,8,35,0.5,0.6100000000000001,True
ENZ_PAZY_249,PA,8,35,1.0,0.6100000000000001,True
ENZ_PAZY_249,PA,8,45,0.0,0.6100000000000001,True
ENZ_PAZY_249,PA,8,45,0.5,0.6100000000000001,True
ENZ_PAZY_249,PA,8,45,1.0,0.6100000000000001,True
ENZ_PAZY_249,PA,8,55,0.0,0.6100000000000001,True
ENZ_PAZY_249,PA,8,55,0.5,0.6100000000000001,True
ENZ_PAZY_249,PA,8,55,1.0,0.6100000000000001,True
ENZ_PAZY_249,PA,8,65,0.0,0.6100000000000001,True
ENZ_PAZY_249,PA,8,65,0.5,0.6100000000000001,True
ENZ_PAZY_249,PA,8,65,1.0,0.6100000000000001,True
ENZ_PAZY_249,PA,9,25,0.0,0.6100000000000001,True
ENZ_PAZY_249,PA,9,25,0.5,0.6100000000000001,True
ENZ_PAZY_249,PA,9,25,1.0,0.6100000000000001,True
ENZ_PAZY_249,PA,9,35,0.0,0.6100000000000001,True
ENZ_PAZY_249,PA,9,35,0.5,0.6100000000000001,True
ENZ_PAZY_249,PA,9,35,1.0,0.6100000000000001,True
ENZ_PAZY_249,PA,9,45,0.0,0.6100000000000001,True
ENZ_PAZY_249,PA,9,45,0.5,0.6100000000000001,True
ENZ_PAZY_249,PA,9,45,1.0,0.6100000000000001,True
ENZ_PAZY_249,PA,9,55,0.0,0.6100000000000001,True
ENZ_PAZY_249,PA,9,55,0.5,0.6100000000000001,True
ENZ_PAZY_249,PA,9,55,1.0,0.6100000000000001,True
ENZ_PAZY_249,PA,9,65,0.0,0.6100000000000001,True
ENZ_PAZY_249,PA,9,65,0.5,0.6100000000000001,True
ENZ_PAZY_249,PA,9,65,1.0,0.6100000000000001,True
ENZ_PAZY_249,PA,10,25,0.0,0.6100000000000001,True
ENZ_PAZY_249,PA,10,25,0.5,0.6100000000000001,True
ENZ_PAZY_249,PA,10,25,1.0,0.6100000000000001,True
ENZ_PAZY_249,PA,10,35,0.0,0.6100000000000001,True
ENZ_PAZY_249,PA,10,35,0.5,0.6100000000000001,True
ENZ_PAZY_249,PA,10,35,1.0,0.6100000000000001,True
ENZ_PAZY_249,PA,10,45,0.0,0.6100000000000001,True
ENZ_PAZY_249,PA,10,45,0.5,0.6100000000000001,True
ENZ_PAZY_249,PA,10,45,1.0,0.6100000000000001,True
ENZ_PAZY_249,PA,10,55,0.0,0.6100000000000001,True
ENZ_PAZY_249,PA,10,55,0.5,0.6100000000000001,True
ENZ_PAZY_249,PA,10,55,1.0,0.6100000000000001,True
ENZ_PAZY_249,PA,10,65,0.0,0.6100000000000001,True
ENZ_PAZY_249,PA,10,65,0.5,0.6100000000000001,True
ENZ_PAZY_249,PA,10,65,1.0,0.6100000000000001,True
ENZ_PAZY_343,PA,6,25,0.0,0.6100000000000001,True
ENZ_PAZY_343,PA,6,25,0.5,0.6100000000000001,True
ENZ_PAZY_343,PA,6,25,1.0,0.6100000000000001,True
ENZ_PAZY_343,PA,6,35,0.0,0.6100000000000001,True
ENZ_PAZY_343,PA,6,35,0.5,0.6100000000000001,True
ENZ_PAZY_343,PA,6,35,1.0,0.6100000000000001,True
ENZ_PAZY_343,PA,6,45,0.0,0.6100000000000001,True
ENZ_PAZY_343,PA,6,45,0.5,0.6100000000000001,True
ENZ_PAZY_343,PA,6,45,1.0,0.6100000000000001,True
ENZ_PAZY_343,PA,6,55,0.0,0.6100000000000001,True
ENZ_PAZY_343,PA,6,55,0.5,0.6100000000000001,True
ENZ_PAZY_343,PA,6,55,1.0,0.6100000000000001,True
ENZ_PAZY_343,PA,6,65,0.0,0.6100000000000001,True
ENZ_PAZY_343,PA,6,65,0.5,0.6100000000000001,True
ENZ_PAZY_343,PA,6,65,1.0,0.6100000000000001,True
ENZ_PAZY_343,PA,7,25,0.0,0.6100000000000001,True
ENZ_PAZY_343,PA,7,25,0.5,0.6100000000000001,True
ENZ_PAZY_343,PA,7,25,1.0,0.6100000000000001,True
ENZ_PAZY_343,PA,7,35,0.0,0.6100000000000001,True
ENZ_PAZY_343,PA,7,35,0.5,0.6100000000000001,True
ENZ_PAZY_343,PA,7,35,1.0,0.6100000000000001,True
ENZ_PAZY_343,PA,7,45,0.0,0.6100000000000001,True
ENZ_PAZY_343,PA,7,45,0.5,0.6100000000000001,True
ENZ_PAZY_343,PA,7,45,1.0,0.6100000000000001,True
ENZ_PAZY_343,PA,7,55,0.0,0.6100000000000001,True
ENZ_PAZY_343,PA,7,55,0.5,0.6100000000000001,True
ENZ_PAZY_343,PA,7,55,1.0,0.6100000000000001,True
ENZ_PAZY_343,PA,7,65,0.0,0.6100000000000001,True
ENZ_PAZY_343,PA,7,65,0.5,0.6100000000000001,True
ENZ_PAZY_343,PA,7,65,1.0,0.6100000000000001,True
ENZ_PAZY_343,PA,8,25,0.0,0.6100000000000001,True
ENZ_PAZY_343,PA,8,25,0.5,0.6100000000000001,True
ENZ_PAZY_343,PA,8,25,1.0,0.6100000000000001,True
ENZ_PAZY_343,PA,8,35,0.0,0.6100000000000001,True
ENZ_PAZY_343,PA,8,35,0.5,0.6100000000000001,True
ENZ_PAZY_343,PA,8,35,1.0,0.6100000000000001,True
ENZ_PAZY_343,PA,8,45,0.0,0.6100000000000001,True
ENZ_PAZY_343,PA,8,45,0.5,0.6100000000000001,True
ENZ_PAZY_343,PA,8,45,1.0,0.6100000000000001,True
ENZ_PAZY_343,PA,8,55,0.0,0.6100000000000001,True
ENZ_PAZY_343,PA,8,55,0.5,0.6100000000000001,True
ENZ_PAZY_343,PA,8,55,1.0,0.6100000000000001,True
ENZ_PAZY_343,PA,8,65,0.0,0.6100000000000001,True
ENZ_PAZY_343,PA,8,65,0.5,0.6100000000000001,True
ENZ_PAZY_343,PA,8,65,1.0,0.6100000000000001,True
ENZ_PAZY_343,PA,9,25,0.0,0.6100000000000001,True
ENZ_PAZY_343,PA,9,25,0.5,0.6100000000000001,True
ENZ_PAZY_343,PA,9,25,1.0,0.6100000000000001,True
ENZ_PAZY_343,PA,9,35,0.0,0.6100000000000001,True
ENZ_PAZY_343,PA,9,35,0.5,0.6100000000000001,True
ENZ_PAZY_343,PA,9,35,1.0,0.6100000000000001,True
ENZ_PAZY_343,PA,9,45,0.0,0.6100000000000001,True
ENZ_PAZY_343,PA,9,45,0.5,0.6100000000000001,True
ENZ_PAZY_343,PA,9,45,1.0,0.6100000000000001,True
ENZ_PAZY_343,PA,9,55,0.0,0.6100000000000001,True
ENZ_PAZY_343,PA,9,55,0.5,0.6100000000000001,True
ENZ_PAZY_343,PA,9,55,1.0,0.6100000000000001,True
ENZ_PAZY_343,PA,9,65,0.0,0.6100000000000001,True
ENZ_PAZY_343,PA,9,65,0.5,0.6100000000000001,True
ENZ_PAZY_343,PA,9,65,1.0,0.6100000000000001,True
ENZ_PAZY_343,PA,10,25,0.0,0.6100000000000001,True
ENZ_PAZY_343,PA,10,25,0.5,0.6100000000000001,True
ENZ_PAZY_343,PA,10,25,1.0,0.6100000000000001,True
ENZ_PAZY_343,PA,10,35,0.0,0.6100000000000001,True
ENZ_PAZY_343,PA,10,35,0.5,0.6100000000000001,True
ENZ_PAZY_343,PA,10,35,1.0,0.6100000000000001,True
ENZ_PAZY_343,PA,10,45,0.0,0.6100000000000001,True
ENZ_PAZY_343,PA,10,45,0.5,0.6100000000000001,True
ENZ_PAZY_343,PA,10,45,1.0,0.6100000000000001,True
ENZ_PAZY_343,PA,10,55,0.0,0.6100000000000001,True
ENZ_PAZY_343,PA,10,55,0.5,0.6100000000000001,True
ENZ_PAZY_343,PA,10,55,1.0,0.6100000000000001,True
ENZ_PAZY_343,PA,10,65,0.0,0.6100000000000001,True
ENZ_PAZY_343,PA,10,65,0.5,0.6100000000000001,True
ENZ_PAZY_343,PA,10,65,1.0,0.6100000000000001,True
ENZ_PAZY_344,PA,6,25,0.0,0.6100000000000001,True
ENZ_PAZY_344,PA,6,25,0.5,0.6100000000000001,True
ENZ_PAZY_344,PA,6,25,1.0,0.6100000000000001,True
ENZ_PAZY_344,PA,6,35,0.0,0.6100000000000001,True
ENZ_PAZY_344,PA,6,35,0.5,0.6100000000000001,True
ENZ_PAZY_344,PA,6,35,1.0,0.6100000000000001,True
ENZ_PAZY_344,PA,6,45,0.0,0.6100000000000001,True
ENZ_PAZY_344,PA,6,45,0.5,0.6100000000000001,True
ENZ_PAZY_344,PA,6,45,1.0,0.6100000000000001,True
ENZ_PAZY_344,PA,6,55,0.0,0.6100000000000001,True
ENZ_PAZY_344,PA,6,55,0.5,0.6100000000000001,True
ENZ_PAZY_344,PA,6,55,1.0,0.6100000000000001,True
ENZ_PAZY_344,PA,6,65,0.0,0.6100000000000001,True
ENZ_PAZY_344,PA,6,65,0.5,0.6100000000000001,True
ENZ_PAZY_344,PA,6,65,1.0,0.6100000000000001,True
ENZ_PAZY_344,PA,7,25,0.0,0.6100000000000001,True
ENZ_PAZY_344,PA,7,25,0.5,0.6100000000000001,True
ENZ_PAZY_344,PA,7,25,1.0,0.6100000000000001,True
ENZ_PAZY_344,PA,7,35,0.0,0.6100000000000001,True
ENZ_PAZY_344,PA,7,35,0.5,0.6100000000000001,True
ENZ_PAZY_344,PA,7,35,1.0,0.6100000000000001,True
ENZ_PAZY_344,PA,7,45,0.0,0.6100000000000001,True
ENZ_PAZY_344,PA,7,45,0.5,0.6100000000000001,True
ENZ_PAZY_344,PA,7,45,1.0,0.6100000000000001,True
ENZ_PAZY_344,PA,7,55,0.0,0.6100000000000001,True
ENZ_PAZY_344,PA,7,55,0.5,0.6100000000000001,True
ENZ_PAZY_344,PA,7,55,1.0,0.6100000000000001,True
ENZ_PAZY_344,PA,7,65,0.0,0.6100000000000001,True
ENZ_PAZY_344,PA,7,65,0.5,0.6100000000000001,True
ENZ_PAZY_344,PA,7,65,1.0,0.6100000000000001,True
ENZ_PAZY_344,PA,8,25,0.0,0.6100000000000001,True
ENZ_PAZY_344,PA,8,25,0.5,0.6100000000000001,True
ENZ_PAZY_344,PA,8,25,1.0,0.6100000000000001,True
ENZ_PAZY_344,PA,8,35,0.0,0.6100000000000001,True
ENZ_PAZY_344,PA,8,35,0.5,0.6100000000000001,True
ENZ_PAZY_344,PA,8,35,1.0,0.6100000000000001,True
ENZ_PAZY_344,PA,8,45,0.0,0.6100000000000001,True
ENZ_PAZY_344,PA,8,45,0.5,0.6100000000000001,True
ENZ_PAZY_344,PA,8,45,1.0,0.6100000000000001,True
ENZ_PAZY_344,PA,8,55,0.0,0.6100000000000001,True
ENZ_PAZY_344,PA,8,55,0.5,0.6100000000000001,True
ENZ_PAZY_344,PA,8,55,1.0,0.6100000000000001,True
ENZ_PAZY_344,PA,8,65,0.0,0.6100000000000001,True
ENZ_PAZY_344,PA,8,65,0.5,0.6100000000000001,True
ENZ_PAZY_344,PA,8,65,1.0,0.6100000000000001,True
ENZ_PAZY_344,PA,9,25,0.0,0.6100000000000001,True
ENZ_PAZY_344,PA,9,25,0.5,0.6100000000000001,True
ENZ_PAZY_344,PA,9,25,1.0,0.6100000000000001,True
ENZ_PAZY_344,PA,9,35,0.0,0.6100000000000001,True
ENZ_PAZY_344,PA,9,35,0.5,0.6100000000000001,True
ENZ_PAZY_344,PA,9,35,1.0,0.6100000000000001,True
ENZ_PAZY_344,PA,9,45,0.0,0.6100000000000001,True
ENZ_PAZY_344,PA,9,45,0.5,0.6100000000000001,True
ENZ_PAZY_344,PA,9,45,1.0,0.6100000000000001,True
ENZ_PAZY_344,PA,9,55,0.0,0.6100000000000001,True
ENZ_PAZY_344,PA,9,55,0.5,0.6100000000000001,True
ENZ_PAZY_344,PA,9,55,1.0,0.6100000000000001,True
ENZ_PAZY_344,PA,9,65,0.0,0.6100000000000001,True
ENZ_PAZY_344,PA,9,65,0.5,0.6100000000000001,True
ENZ_PAZY_344,PA,9,65,1.0,0.6100000000000001,True
ENZ_PAZY_344,PA,10,25,0.0,0.6100000000000001,True
ENZ_PAZY_344,PA,10,25,0.5,0.6100000000000001,True
ENZ_PAZY_344,PA,10,25,1.0,0.6100000000000001,True
ENZ_PAZY_344,PA,10,35,0.0,0.6100000000000001,True
ENZ_PAZY_344,PA,10,35,0.5,0.6100000000000001,True
ENZ_PAZY_344,PA,10,35,1.0,0.6100000000000001,True
ENZ_PAZY_344,PA,10,45,0.0,0.6100000000000001,True
ENZ_PAZY_344,PA,10,45,0.5,0.6100000000000001,True
ENZ_PAZY_344,PA,10,45,1.0,0.6100000000000001,True
ENZ_PAZY_344,PA,10,55,0.0,0.6100000000000001,True
ENZ_PAZY_344,PA,10,55,0.5,0.6100000000000001,True
ENZ_PAZY_344,PA,10,55,1.0,0.6100000000000001,True
ENZ_PAZY_344,PA,10,65,0.0,0.6100000000000001,True
ENZ_PAZY_344,PA,10,65,0.5,0.6100000000000001,True
ENZ_PAZY_344,PA,10,65,1.0,0.6100000000000001,True
ENZ_PAZY_345,PA,6,25,0.0,0.6100000000000001,True
ENZ_PAZY_345,PA,6,25,0.5,0.6100000000000001,True
ENZ_PAZY_345,PA,6,25,1.0,0.6100000000000001,True
ENZ_PAZY_345,PA,6,35,0.0,0.6100000000000001,True
ENZ_PAZY_345,PA,6,35,0.5,0.6100000000000001,True
ENZ_PAZY_345,PA,6,35,1.0,0.6100000000000001,True
ENZ_PAZY_345,PA,6,45,0.0,0.6100000000000001,True
ENZ_PAZY_345,PA,6,45,0.5,0.6100000000000001,True
ENZ_PAZY_345,PA,6,45,1.0,0.6100000000000001,True
ENZ_PAZY_345,PA,6,55,0.0,0.6100000000000001,True
ENZ_PAZY_345,PA,6,55,0.5,0.6100000000000001,True
ENZ_PAZY_345,PA,6,55,1.0,0.6100000000000001,True
ENZ_PAZY_345,PA,6,65,0.0,0.6100000000000001,True
ENZ_PAZY_345,PA,6,65,0.5,0.6100000000000001,True
ENZ_PAZY_345,PA,6,65,1.0,0.6100000000000001,True
ENZ_PAZY_345,PA,7,25,0.0,0.6100000000000001,True
ENZ_PAZY_345,PA,7,25,0.5,0.6100000000000001,True
ENZ_PAZY_345,PA,7,25,1.0,0.6100000000000001,True
ENZ_PAZY_345,PA,7,35,0.0,0.6100000000000001,True
ENZ_PAZY_345,PA,7,35,0.5,0.6100000000000001,True
ENZ_PAZY_345,PA,7,35,1.0,0.6100000000000001,True
ENZ_PAZY_345,PA,7,45,0.0,0.6100000000000001,True
ENZ_PAZY_345,PA,7,45,0.5,0.6100000000000001,True
ENZ_PAZY_345,PA,7,45,1.0,0.6100000000000001,True
ENZ_PAZY_345,PA,7,55,0.0,0.6100000000000001,True
ENZ_PAZY_345,PA,7,55,0.5,0.6100000000000001,True
ENZ_PAZY_345,PA,7,55,1.0,0.6100000000000001,True
ENZ_PAZY_345,PA,7,65,0.0,0.6100000000000001,True
ENZ_PAZY_345,PA,7,65,0.5,0.6100000000000001,True
ENZ_PAZY_345,PA,7,65,1.0,0.6100000000000001,True
ENZ_PAZY_345,PA,8,25,0.0,0.6100000000000001,True
ENZ_PAZY_345,PA,8,25,0.5,0.6100000000000001,True
ENZ_PAZY_345,PA,8,25,1.0,0.6100000000000001,True
ENZ_PAZY_345,PA,8,35,0.0,0.6100000000000001,True
ENZ_PAZY_345,PA,8,35,0.5,0.6100000000000001,True
ENZ_PAZY_345,PA,8,35,1.0,0.6100000000000001,True
ENZ_PAZY_345,PA,8,45,0.0,0.6100000000000001,True
ENZ_PAZY_345,PA,8,45,0.5,0.6100000000000001,True
ENZ_PAZY_345,PA,8,45,1.0,0.6100000000000001,True
ENZ_PAZY_345,PA,8,55,0.0,0.6100000000000001,True
ENZ_PAZY_345,PA,8,55,0.5,0.6100000000000001,True
ENZ_PAZY_345,PA,8,55,1.0,0.6100000000000001,True
ENZ_PAZY_345,PA,8,65,0.0,0.6100000000000001,True
ENZ_PAZY_345,PA,8,65,0.5,0.6100000000000001,True
ENZ_PAZY_345,PA,8,65,1.0,0.6100000000000001,True
ENZ_PAZY_345,PA,9,25,0.0,0.6100000000000001,True
ENZ_PAZY_345,PA,9,25,0.5,0.6100000000000001,True
ENZ_PAZY_345,PA,9,25,1.0,0.6100000000000001,True
ENZ_PAZY_345,PA,9,35,0.0,0.6100000000000001,True
ENZ_PAZY_345,PA,9,35,0.5,0.6100000000000001,True
ENZ_PAZY_345,PA,9,35,1.0,0.6100000000000001,True
ENZ_PAZY_345,PA,9,45,0.0,0.6100000000000001,True
ENZ_PAZY_345,PA,9,45,0.5,0.6100000000000001,True
ENZ_PAZY_345,PA,9,45,1.0,0.6100000000000001,True
ENZ_PAZY_345,PA,9,55,0.0,0.6100000000000001,True
ENZ_PAZY_345,PA,9,55,0.5,0.6100000000000001,True
ENZ_PAZY_345,PA,9,55,1.0,0.6100000000000001,True
ENZ_PAZY_345,PA,9,65,0.0,0.6100000000000001,True
ENZ_PAZY_345,PA,9,65,0.5,0.6100000000000001,True
ENZ_PAZY_345,PA,9,65,1.0,0.6100000000000001,True
ENZ_PAZY_345,PA,10,25,0.0,0.6100000000000001,True
ENZ_PAZY_345,PA,10,25,0.5,0.6100000000000001,True
ENZ_PAZY_345,PA,10,25,1.0,0.6100000000000001,True
ENZ_PAZY_345,PA,10,35,0.0,0.6100000000000001,True
ENZ_PAZY_345,PA,10,35,0.5,0.6100000000000001,True
ENZ_PAZY_345,PA,10,35,1.0,0.6100000000000001,True
ENZ_PAZY_345,PA,10,45,0.0,0.6100000000000001,True
ENZ_PAZY_345,PA,10,45,0.5,0.6100000000000001,True
ENZ_PAZY_345,PA,10,45,1.0,0.6100000000000001,True
ENZ_PAZY_345,PA,10,55,0.0,0.6100000000000001,True
ENZ_PAZY_345,PA,10,55,0.5,0.6100000000000001,True
ENZ_PAZY_345,PA,10,55,1.0,0.6100000000000001,True
ENZ_PAZY_345,PA,10,65,0.0,0.6100000000000001,True
ENZ_PAZY_345,PA,10,65,0.5,0.6100000000000001,True
ENZ_PAZY_345,PA,10,65,1.0,0.6100000000000001,True
ENZ_PAZY_346,PA,6,25,0.0,0.6100000000000001,True
ENZ_PAZY_346,PA,6,25,0.5,0.6100000000000001,True
ENZ_PAZY_346,PA,6,25,1.0,0.6100000000000001,True
ENZ_PAZY_346,PA,6,35,0.0,0.6100000000000001,True
ENZ_PAZY_346,PA,6,35,0.5,0.6100000000000001,True
ENZ_PAZY_346,PA,6,35,1.0,0.6100000000000001,True
ENZ_PAZY_346,PA,6,45,0.0,0.6100000000000001,True
ENZ_PAZY_346,PA,6,45,0.5,0.6100000000000001,True
ENZ_PAZY_346,PA,6,45,1.0,0.6100000000000001,True
ENZ_PAZY_346,PA,6,55,0.0,0.6100000000000001,True
ENZ_PAZY_346,PA,6,55,0.5,0.6100000000000001,True
ENZ_PAZY_346,PA,6,55,1.0,0.6100000000000001,True
ENZ_PAZY_346,PA,6,65,0.0,0.6100000000000001,True
ENZ_PAZY_346,PA,6,65,0.5,0.6100000000000001,True
ENZ_PAZY_346,PA,6,65,1.0,0.6100000000000001,True
ENZ_PAZY_346,PA,7,25,0.0,0.6100000000000001,True
ENZ_PAZY_346,PA,7,25,0.5,0.6100000000000001,True
ENZ_PAZY_346,PA,7,25,1.0,0.6100000000000001,True
ENZ_PAZY_346,PA,7,35,0.0,0.6100000000000001,True
ENZ_PAZY_346,PA,7,35,0.5,0.6100000000000001,True
ENZ_PAZY_346,PA,7,35,1.0,0.6100000000000001,True
ENZ_PAZY_346,PA,7,45,0.0,0.6100000000000001,True
ENZ_PAZY_346,PA,7,45,0.5,0.6100000000000001,True
ENZ_PAZY_346,PA,7,45,1.0,0.6100000000000001,True
ENZ_PAZY_346,PA,7,55,0.0,0.6100000000000001,True
ENZ_PAZY_346,PA,7,55,0.5,0.6100000000000001,True
ENZ_PAZY_346,PA,7,55,1.0,0.6100000000000001,True
ENZ_PAZY_346,PA,7,65,0.0,0.6100000000000001,True
ENZ_PAZY_346,PA,7,65,0.5,0.6100000000000001,True
ENZ_PAZY_346,PA,7,65,1.0,0.6100000000000001,True
ENZ_PAZY_346,PA,8,25,0.0,0.6100000000000001,True
ENZ_PAZY_346,PA,8,25,0.5,0.6100000000000001,True
ENZ_PAZY_346,PA,8,25,1.0,0.6100000000000001,True
ENZ_PAZY_346,PA,8,35,0.0,0.6100000000000001,True
ENZ_PAZY_346,PA,8,35,0.5,0.6100000000000001,True
ENZ_PAZY_346,PA,8,35,1.0,0.6100000000000001,True
ENZ_PAZY_346,PA,8,45,0.0,0.6100000000000001,True
ENZ_PAZY_346,PA,8,45,0.5,0.6100000000000001,True
ENZ_PAZY_346,PA,8,45,1.0,0.6100000000000001,True
ENZ_PAZY_346,PA,8,55,0.0,0.6100000000000001,True
ENZ_PAZY_346,PA,8,55,0.5,0.6100000000000001,True
ENZ_PAZY_346,PA,8,55,1.0,0.6100000000000001,True
ENZ_PAZY_346,PA,8,65,0.0,0.6100000000000001,True
ENZ_PAZY_346,PA,8,65,0.5,0.6100000000000001,True
ENZ_PAZY_346,PA,8,65,1.0,0.6100000000000001,True
ENZ_PAZY_346,PA,9,25,0.0,0.6100000000000001,True
ENZ_PAZY_346,PA,9,25,0.5,0.6100000000000001,True
ENZ_PAZY_346,PA,9,25,1.0,0.6100000000000001,True
ENZ_PAZY_346,PA,9,35,0.0,0.6100000000000001,True
ENZ_PAZY_346,PA,9,35,0.5,0.6100000000000001,True
ENZ_PAZY_346,PA,9,35,1.0,0.6100000000000001,True
ENZ_PAZY_346,PA,9,45,0.0,0.6100000000000001,True
ENZ_PAZY_346,PA,9,45,0.5,0.6100000000000001,True
ENZ_PAZY_346,PA,9,45,1.0,0.6100000000000001,True
ENZ_PAZY_346,PA,9,55,0.0,0.6100000000000001,True
ENZ_PAZY_346,PA,9,55,0.5,0.6100000000000001,True
ENZ_PAZY_346,PA,9,55,1.0,0.6100000000000001,True
ENZ_PAZY_346,PA,9,65,0.0,0.6100000000000001,True
ENZ_PAZY_346,PA,9,65,0.5,0.6100000000000001,True
ENZ_PAZY_346,PA,9,65,1.0,0.6100000000000001,True
ENZ_PAZY_346,PA,10,25,0.0,0.6100000000000001,True
ENZ_PAZY_346,PA,10,25,0.5,0.6100000000000001,True
ENZ_PAZY_346,PA,10,25,1.0,0.6100000000000001,True
ENZ_PAZY_346,PA,10,35,0.0,0.6100000000000001,True
ENZ_PAZY_346,PA,10,35,0.5,0.6100000000000001,True
ENZ_PAZY_346,PA,10,35,1.0,0.6100000000000001,True
ENZ_PAZY_346,PA,10,45,0.0,0.6100000000000001,True
ENZ_PAZY_346,PA,10,45,0.5,0.6100000000000001,True
ENZ_PAZY_346,PA,10,45,1.0,0.6100000000000001,True
ENZ_PAZY_346,PA,10,55,0.0,0.6100000000000001,True
ENZ_PAZY_346,PA,10,55,0.5,0.6100000000000001,True
ENZ_PAZY_346,PA,10,55,1.0,0.6100000000000001,True
ENZ_PAZY_346,PA,10,65,0.0,0.6100000000000001,True
ENZ_PAZY_346,PA,10,65,0.5,0.6100000000000001,True
ENZ_PAZY_346,PA,10,65,1.0,0.6100000000000001,True
ENZ_PAZY_347,PA,6,25,0.0,0.6100000000000001,True
ENZ_PAZY_347,PA,6,25,0.5,0.6100000000000001,True
ENZ_PAZY_347,PA,6,25,1.0,0.6100000000000001,True
ENZ_PAZY_347,PA,6,35,0.0,0.6100000000000001,True
ENZ_PAZY_347,PA,6,35,0.5,0.6100000000000001,True
ENZ_PAZY_347,PA,6,35,1.0,0.6100000000000001,True
ENZ_PAZY_347,PA,6,45,0.0,0.6100000000000001,True
ENZ_PAZY_347,PA,6,45,0.5,0.6100000000000001,True
ENZ_PAZY_347,PA,6,45,1.0,0.6100000000000001,True
ENZ_PAZY_347,PA,6,55,0.0,0.6100000000000001,True
ENZ_PAZY_347,PA,6,55,0.5,0.6100000000000001,True
ENZ_PAZY_347,PA,6,55,1.0,0.6100000000000001,True
ENZ_PAZY_347,PA,6,65,0.0,0.6100000000000001,True
ENZ_PAZY_347,PA,6,65,0.5,0.6100000000000001,True
ENZ_PAZY_347,PA,6,65,1.0,0.6100000000000001,True
ENZ_PAZY_347,PA,7,25,0.0,0.6100000000000001,True
ENZ_PAZY_347,PA,7,25,0.5,0.6100000000000001,True
ENZ_PAZY_347,PA,7,25,1.0,0.6100000000000001,True
ENZ_PAZY_347,PA,7,35,0.0,0.6100000000000001,True
ENZ_PAZY_347,PA,7,35,0.5,0.6100000000000001,True
ENZ_PAZY_347,PA,7,35,1.0,0.6100000000000001,True
ENZ_PAZY_347,PA,7,45,0.0,0.6100000000000001,True
ENZ_PAZY_347,PA,7,45,0.5,0.6100000000000001,True
ENZ_PAZY_347,PA,7,45,1.0,0.6100000000000001,True
ENZ_PAZY_347,PA,7,55,0.0,0.6100000000000001,True
ENZ_PAZY_347,PA,7,55,0.5,0.6100000000000001,True
ENZ_PAZY_347,PA,7,55,1.0,0.6100000000000001,True
ENZ_PAZY_347,PA,7,65,0.0,0.6100000000000001,True
ENZ_PAZY_347,PA,7,65,0.5,0.6100000000000001,True
ENZ_PAZY_347,PA,7,65,1.0,0.6100000000000001,True
ENZ_PAZY_347,PA,8,25,0.0,0.6100000000000001,True
ENZ_PAZY_347,PA,8,25,0.5,0.6100000000000001,True
ENZ_PAZY_347,PA,8,25,1.0,0.6100000000000001,True
ENZ_PAZY_347,PA,8,35,0.0,0.6100000000000001,True
ENZ_PAZY_347,PA,8,35,0.5,0.6100000000000001,True
ENZ_PAZY_347,PA,8,35,1.0,0.6100000000000001,True
ENZ_PAZY_347,PA,8,45,0.0,0.6100000000000001,True
ENZ_PAZY_347,PA,8,45,0.5,0.6100000000000001,True
ENZ_PAZY_347,PA,8,45,1.0,0.6100000000000001,True
ENZ_PAZY_347,PA,8,55,0.0,0.6100000000000001,True
ENZ_PAZY_347,PA,8,55,0.5,0.6100000000000001,True
ENZ_PAZY_347,PA,8,55,1.0,0.6100000000000001,True
ENZ_PAZY_347,PA,8,65,0.0,0.6100000000000001,True
ENZ_PAZY_347,PA,8,65,0.5,0.6100000000000001,True
ENZ_PAZY_347,PA,8,65,1.0,0.6100000000000001,True
ENZ_PAZY_347,PA,9,25,0.0,0.6100000000000001,True
ENZ_PAZY_347,PA,9,25,0.5,0.6100000000000001,True
ENZ_PAZY_347,PA,9,25,1.0,0.6100000000000001,True
ENZ_PAZY_347,PA,9,35,0.0,0.6100000000000001,True
ENZ_PAZY_347,PA,9,35,0.5,0.6100000000000001,True
ENZ_PAZY_347,PA,9,35,1.0,0.6100000000000001,True
ENZ_PAZY_347,PA,9,45,0.0,0.6100000000000001,True
ENZ_PAZY_347,PA,9,45,0.5,0.6100000000000001,True
ENZ_PAZY_347,PA,9,45,1.0,0.6100000000000001,True
ENZ_PAZY_347,PA,9,55,0.0,0.6100000000000001,True
ENZ_PAZY_347,PA,9,55,0.5,0.6100000000000001,True
ENZ_PAZY_347,PA,9,55,1.0,0.6100000000000001,True
ENZ_PAZY_347,PA,9,65,0.0,0.6100000000000001,True
ENZ_PAZY_347,PA,9,65,0.5,0.6100000000000001,True
ENZ_PAZY_347,PA,9,65,1.0,0.6100000000000001,True
ENZ_PAZY_347,PA,10,25,0.0,0.6100000000000001,True
ENZ_PAZY_347,PA,10,25,0.5,0.6100000000000001,True
ENZ_PAZY_347,PA,10,25,1.0,0.6100000000000001,True
ENZ_PAZY_347,PA,10,35,0.0,0.6100000000000001,True
ENZ_PAZY_347,PA,10,35,0.5,0.6100000000000001,True
ENZ_PAZY_347,PA,10,35,1.0,0.6100000000000001,True
ENZ_PAZY_347,PA,10,45,0.0,0.6100000000000001,True
ENZ_PAZY_347,PA,10,45,0.5,0.6100000000000001,True
ENZ_PAZY_347,PA,10,45,1.0,0.6100000000000001,True
ENZ_PAZY_347,PA,10,55,0.0,0.6100000000000001,True
ENZ_PAZY_347,PA,10,55,0.5,0.6100000000000001,True
ENZ_PAZY_347,PA,10,55,1.0,0.6100000000000001,True
ENZ_PAZY_347,PA,10,65,0.0,0.6100000000000001,True
ENZ_PAZY_347,PA,10,65,0.5,0.6100000000000001,True
ENZ_PAZY_347,PA,10,65,1.0,0.6100000000000001,True
ENZ_PAZY_348,PA,6,25,0.0,0.6100000000000001,True
ENZ_PAZY_348,PA,6,25,0.5,0.6100000000000001,True
ENZ_PAZY_348,PA,6,25,1.0,0.6100000000000001,True
ENZ_PAZY_348,PA,6,35,0.0,0.6100000000000001,True
ENZ_PAZY_348,PA,6,35,0.5,0.6100000000000001,True
ENZ_PAZY_348,PA,6,35,1.0,0.6100000000000001,True
ENZ_PAZY_348,PA,6,45,0.0,0.6100000000000001,True
ENZ_PAZY_348,PA,6,45,0.5,0.6100000000000001,True
ENZ_PAZY_348,PA,6,45,1.0,0.6100000000000001,True
ENZ_PAZY_348,PA,6,55,0.0,0.6100000000000001,True
ENZ_PAZY_348,PA,6,55,0.5,0.6100000000000001,True
ENZ_PAZY_348,PA,6,55,1.0,0.6100000000000001,True
ENZ_PAZY_348,PA,6,65,0.0,0.6100000000000001,True
ENZ_PAZY_348,PA,6,65,0.5,0.6100000000000001,True
ENZ_PAZY_348,PA,6,65,1.0,0.6100000000000001,True
ENZ_PAZY_348,PA,7,25,0.0,0.6100000000000001,True
ENZ_PAZY_348,PA,7,25,0.5,0.6100000000000001,True
ENZ_PAZY_348,PA,7,25,1.0,0.6100000000000001,True
ENZ_PAZY_348,PA,7,35,0.0,0.6100000000000001,True
ENZ_PAZY_348,PA,7,35,0.5,0.6100000000000001,True
ENZ_PAZY_348,PA,7,35,1.0,0.6100000000000001,True
ENZ_PAZY_348,PA,7,45,0.0,0.6100000000000001,True
ENZ_PAZY_348,PA,7,45,0.5,0.6100000000000001,True
ENZ_PAZY_348,PA,7,45,1.0,0.6100000000000001,True
ENZ_PAZY_348,PA,7,55,0.0,0.6100000000000001,True
ENZ_PAZY_348,PA,7,55,0.5,0.6100000000000001,True
ENZ_PAZY_348,PA,7,55,1.0,0.6100000000000001,True
ENZ_PAZY_348,PA,7,65,0.0,0.6100000000000001,True
ENZ_PAZY_348,PA,7,65,0.5,0.6100000000000001,True
ENZ_PAZY_348,PA,7,65,1.0,0.6100000000000001,True
ENZ_PAZY_348,PA,8,25,0.0,0.6100000000000001,True
ENZ_PAZY_348,PA,8,25,0.5,0.6100000000000001,True
ENZ_PAZY_348,PA,8,25,1.0,0.6100000000000001,True
ENZ_PAZY_348,PA,8,35,0.0,0.6100000000000001,True
ENZ_PAZY_348,PA,8,35,0.5,0.6100000000000001,True
ENZ_PAZY_348,PA,8,35,1.0,0.6100000000000001,True
ENZ_PAZY_348,PA,8,45,0.0,0.6100000000000001,True
ENZ_PAZY_348,PA,8,45,0.5,0.6100000000000001,True
ENZ_PAZY_348,PA,8,45,1.0,0.6100000000000001,True
ENZ_PAZY_348,PA,8,55,0.0,0.6100000000000001,True
ENZ_PAZY_348,PA,8,55,0.5,0.6100000000000001,True
ENZ_PAZY_348,PA,8,55,1.0,0.6100000000000001,True
ENZ_PAZY_348,PA,8,65,0.0,0.6100000000000001,True
ENZ_PAZY_348,PA,8,65,0.5,0.6100000000000001,True
ENZ_PAZY_348,PA,8,65,1.0,0.6100000000000001,True
ENZ_PAZY_348,PA,9,25,0.0,0.6100000000000001,True
ENZ_PAZY_348,PA,9,25,0.5,0.6100000000000001,True
ENZ_PAZY_348,PA,9,25,1.0,0.6100000000000001,True
ENZ_PAZY_348,PA,9,35,0.0,0.6100000000000001,True
ENZ_PAZY_348,PA,9,35,0.5,0.6100000000000001,True
ENZ_PAZY_348,PA,9,35,1.0,0.6100000000000001,True
ENZ_PAZY_348,PA,9,45,0.0,0.6100000000000001,True
ENZ_PAZY_348,PA,9,45,0.5,0.6100000000000001,True
ENZ_PAZY_348,PA,9,45,1.0,0.6100000000000001,True
ENZ_PAZY_348,PA,9,55,0.0,0.6100000000000001,True
ENZ_PAZY_348,PA,9,55,0.5,0.6100000000000001,True
ENZ_PAZY_348,PA,9,55,1.0,0.6100000000000001,True
ENZ_PAZY_348,PA,9,65,0.0,0.6100000000000001,True
ENZ_PAZY_348,PA,9,65,0.5,0.6100000000000001,True
ENZ_PAZY_348,PA,9,65,1.0,0.6100000000000001,True
ENZ_PAZY_348,PA,10,25,0.0,0.6100000000000001,True
ENZ_PAZY_348,PA,10,25,0.5,0.6100000000000001,True
ENZ_PAZY_348,PA,10,25,1.0,0.6100000000000001,True
ENZ_PAZY_348,PA,10,35,0.0,0.6100000000000001,True
ENZ_PAZY_348,PA,10,35,0.5,0.6100000000000001,True
ENZ_PAZY_348,PA,10,35,1.0,0.6100000000000001,True
ENZ_PAZY_348,PA,10,45,0.0,0.6100000000000001,True
ENZ_PAZY_348,PA,10,45,0.5,0.6100000000000001,True
ENZ_PAZY_348,PA,10,45,1.0,0.6100000000000001,True
ENZ_PAZY_348,PA,10,55,0.0,0.6100000000000001,True
ENZ_PAZY_348,PA,10,55,0.5,0.6100000000000001,True
ENZ_PAZY_348,PA,10,55,1.0,0.6100000000000001,True
ENZ_PAZY_348,PA,10,65,0.0,0.6100000000000001,True
ENZ_PAZY_348,PA,10,65,0.5,0.6100000000000001,True
ENZ_PAZY_348,PA,10,65,1.0,0.6100000000000001,True
ENZ_PAZY_349,PA,6,25,0.0,0.6100000000000001,True
ENZ_PAZY_349,PA,6,25,0.5,0.6100000000000001,True
ENZ_PAZY_349,PA,6,25,1.0,0.6100000000000001,True
ENZ_PAZY_349,PA,6,35,0.0,0.6100000000000001,True
ENZ_PAZY_349,PA,6,35,0.5,0.6100000000000001,True
ENZ_PAZY_349,PA,6,35,1.0,0.6100000000000001,True
ENZ_PAZY_349,PA,6,45,0.0,0.6100000000000001,True
ENZ_PAZY_349,PA,6,45,0.5,0.6100000000000001,True
ENZ_PAZY_349,PA,6,45,1.0,0.6100000000000001,True
ENZ_PAZY_349,PA,6,55,0.0,0.6100000000000001,True
ENZ_PAZY_349,PA,6,55,0.5,0.6100000000000001,True
ENZ_PAZY_349,PA,6,55,1.0,0.6100000000000001,True
ENZ_PAZY_349,PA,6,65,0.0,0.6100000000000001,True
ENZ_PAZY_349,PA,6,65,0.5,0.6100000000000001,True
ENZ_PAZY_349,PA,6,65,1.0,0.6100000000000001,True
ENZ_PAZY_349,PA,7,25,0.0,0.6100000000000001,True
ENZ_PAZY_349,PA,7,25,0.5,0.6100000000000001,True
ENZ_PAZY_349,PA,7,25,1.0,0.6100000000000001,True
ENZ_PAZY_349,PA,7,35,0.0,0.6100000000000001,True
ENZ_PAZY_349,PA,7,35,0.5,0.6100000000000001,True
ENZ_PAZY_349,PA,7,35,1.0,0.6100000000000001,True
ENZ_PAZY_349,PA,7,45,0.0,0.6100000000000001,True
ENZ_PAZY_349,PA,7,45,0.5,0.6100000000000001,True
ENZ_PAZY_349,PA,7,45,1.0,0.6100000000000001,True
ENZ_PAZY_349,PA,7,55,0.0,0.6100000000000001,True
ENZ_PAZY_349,PA,7,55,0.5,0.6100000000000001,True
ENZ_PAZY_349,PA,7,55,1.0,0.6100000000000001,True
ENZ_PAZY_349,PA,7,65,0.0,0.6100000000000001,True
ENZ_PAZY_349,PA,7,65,0.5,0.6100000000000001,True
ENZ_PAZY_349,PA,7,65,1.0,0.6100000000000001,True
ENZ_PAZY_349,PA,8,25,0.0,0.6100000000000001,True
ENZ_PAZY_349,PA,8,25,0.5,0.6100000000000001,True
ENZ_PAZY_349,PA,8,25,1.0,0.6100000000000001,True
ENZ_PAZY_349,PA,8,35,0.0,0.6100000000000001,True
ENZ_PAZY_349,PA,8,35,0.5,0.6100000000000001,True
ENZ_PAZY_349,PA,8,35,1.0,0.6100000000000001,True
ENZ_PAZY_349,PA,8,45,0.0,0.6100000000000001,True
ENZ_PAZY_349,PA,8,45,0.5,0.6100000000000001,True
ENZ_PAZY_349,PA,8,45,1.0,0.6100000000000001,True
ENZ_PAZY_349,PA,8,55,0.0,0.6100000000000001,True
ENZ_PAZY_349,PA,8,55,0.5,0.6100000000000001,True
ENZ_PAZY_349,PA,8,55,1.0,0.6100000000000001,True
ENZ_PAZY_349,PA,8,65,0.0,0.6100000000000001,True
ENZ_PAZY_349,PA,8,65,0.5,0.6100000000000001,True
ENZ_PAZY_349,PA,8,65,1.0,0.6100000000000001,True
ENZ_PAZY_349,PA,9,25,0.0,0.6100000000000001,True
ENZ_PAZY_349,PA,9,25,0.5,0.6100000000000001,True
ENZ_PAZY_349,PA,9,25,1.0,0.6100000000000001,True
ENZ_PAZY_349,PA,9,35,0.0,0.6100000000000001,True
ENZ_PAZY_349,PA,9,35,0.5,0.6100000000000001,True
ENZ_PAZY_349,PA,9,35,1.0,0.6100000000000001,True
ENZ_PAZY_349,PA,9,45,0.0,0.6100000000000001,True
ENZ_PAZY_349,PA,9,45,0.5,0.6100000000000001,True
ENZ_PAZY_349,PA,9,45,1.0,0.6100000000000001,True
ENZ_PAZY_349,PA,9,55,0.0,0.6100000000000001,True
ENZ_PAZY_349,PA,9,55,0.5,0.6100000000000001,True
ENZ_PAZY_349,PA,9,55,1.0,0.6100000000000001,True
ENZ_PAZY_349,PA,9,65,0.0,0.6100000000000001,True
ENZ_PAZY_349,PA,9,65,0.5,0.6100000000000001,True
ENZ_PAZY_349,PA,9,65,1.0,0.6100000000000001,True
ENZ_PAZY_349,PA,10,25,0.0,0.6100000000000001,True
ENZ_PAZY_349,PA,10,25,0.5,0.6100000000000001,True
ENZ_PAZY_349,PA,10,25,1.0,0.6100000000000001,True
ENZ_PAZY_349,PA,10,35,0.0,0.6100000000000001,True
ENZ_PAZY_349,PA,10,35,0.5,0.6100000000000001,True
ENZ_PAZY_349,PA,10,35,1.0,0.6100000000000001,True
ENZ_PAZY_349,PA,10,45,0.0,0.6100000000000001,True
ENZ_PAZY_349,PA,10,45,0.5,0.6100000000000001,True
ENZ_PAZY_349,PA,10,45,1.0,0.6100000000000001,True
ENZ_PAZY_349,PA,10,55,0.0,0.6100000000000001,True
ENZ_PAZY_349,PA,10,55,0.5,0.6100000000000001,True
ENZ_PAZY_349,PA,10,55,1.0,0.6100000000000001,True
ENZ_PAZY_349,PA,10,65,0.0,0.6100000000000001,True
ENZ_PAZY_349,PA,10,65,0.5,0.6100000000000001,True
ENZ_PAZY_349,PA,10,65,1.0,0.6100000000000001,True
ENZ_PAZY_350,PA,6,25,0.0,0.6100000000000001,True
ENZ_PAZY_350,PA,6,25,0.5,0.6100000000000001,True
ENZ_PAZY_350,PA,6,25,1.0,0.6100000000000001,True
ENZ_PAZY_350,PA,6,35,0.0,0.6100000000000001,True
ENZ_PAZY_350,PA,6,35,0.5,0.6100000000000001,True
ENZ_PAZY_350,PA,6,35,1.0,0.6100000000000001,True
ENZ_PAZY_350,PA,6,45,0.0,0.6100000000000001,True
ENZ_PAZY_350,PA,6,45,0.5,0.6100000000000001,True
ENZ_PAZY_350,PA,6,45,1.0,0.6100000000000001,True
ENZ_PAZY_350,PA,6,55,0.0,0.6100000000000001,True
ENZ_PAZY_350,PA,6,55,0.5,0.6100000000000001,True
ENZ_PAZY_350,PA,6,55,1.0,0.6100000000000001,True
ENZ_PAZY_350,PA,6,65,0.0,0.6100000000000001,True
ENZ_PAZY_350,PA,6,65,0.5,0.6100000000000001,True
ENZ_PAZY_350,PA,6,65,1.0,0.6100000000000001,True
ENZ_PAZY_350,PA,7,25,0.0,0.6100000000000001,True
ENZ_PAZY_350,PA,7,25,0.5,0.6100000000000001,True
ENZ_PAZY_350,PA,7,25,1.0,0.6100000000000001,True
ENZ_PAZY_350,PA,7,35,0.0,0.6100000000000001,True
ENZ_PAZY_350,PA,7,35,0.5,0.6100000000000001,True
ENZ_PAZY_350,PA,7,35,1.0,0.6100000000000001,True
ENZ_PAZY_350,PA,7,45,0.0,0.6100000000000001,True
ENZ_PAZY_350,PA,7,45,0.5,0.6100000000000001,True
ENZ_PAZY_350,PA,7,45,1.0,0.6100000000000001,True
ENZ_PAZY_350,PA,7,55,0.0,0.6100000000000001,True
ENZ_PAZY_350,PA,7,55,0.5,0.6100000000000001,True
ENZ_PAZY_350,PA,7,55,1.0,0.6100000000000001,True
ENZ_PAZY_350,PA,7,65,0.0,0.6100000000000001,True
ENZ_PAZY_350,PA,7,65,0.5,0.6100000000000001,True
ENZ_PAZY_350,PA,7,65,1.0,0.6100000000000001,True
ENZ_PAZY_350,PA,8,25,0.0,0.6100000000000001,True
ENZ_PAZY_350,PA,8,25,0.5,0.6100000000000001,True
ENZ_PAZY_350,PA,8,25,1.0,0.6100000000000001,True
ENZ_PAZY_350,PA,8,35,0.0,0.6100000000000001,True
ENZ_PAZY_350,PA,8,35,0.5,0.6100000000000001,True
ENZ_PAZY_350,PA,8,35,1.0,0.6100000000000001,True
ENZ_PAZY_350,PA,8,45,0.0,0.6100000000000001,True
ENZ_PAZY_350,PA,8,45,0.5,0.6100000000000001,True
ENZ_PAZY_350,PA,8,45,1.0,0.6100000000000001,True
ENZ_PAZY_350,PA,8,55,0.0,0.6100000000000001,True
ENZ_PAZY_350,PA,8,55,0.5,0.6100000000000001,True
ENZ_PAZY_350,PA,8,55,1.0,0.6100000000000001,True
ENZ_PAZY_350,PA,8,65,0.0,0.6100000000000001,True
ENZ_PAZY_350,PA,8,65,0.5,0.6100000000000001,True
ENZ_PAZY_350,PA,8,65,1.0,0.6100000000000001,True
ENZ_PAZY_350,PA,9,25,0.0,0.6100000000000001,True
ENZ_PAZY_350,PA,9,25,0.5,0.6100000000000001,True
ENZ_PAZY_350,PA,9,25,1.0,0.6100000000000001,True
ENZ_PAZY_350,PA,9,35,0.0,0.6100000000000001,True
ENZ_PAZY_350,PA,9,35,0.5,0.6100000000000001,True
ENZ_PAZY_350,PA,9,35,1.0,0.6100000000000001,True
ENZ_PAZY_350,PA,9,45,0.0,0.6100000000000001,True
ENZ_PAZY_350,PA,9,45,0.5,0.6100000000000001,True
ENZ_PAZY_350,PA,9,45,1.0,0.6100000000000001,True
ENZ_PAZY_350,PA,9,55,0.0,0.6100000000000001,True
ENZ_PAZY_350,PA,9,55,0.5,0.6100000000000001,True
ENZ_PAZY_350,PA,9,55,1.0,0.6100000000000001,True
ENZ_PAZY_350,PA,9,65,0.0,0.6100000000000001,True
ENZ_PAZY_350,PA,9,65,0.5,0.6100000000000001,True
ENZ_PAZY_350,PA,9,65,1.0,0.6100000000000001,True
ENZ_PAZY_350,PA,10,25,0.0,0.6100000000000001,True
ENZ_PAZY_350,PA,10,25,0.5,0.6100000000000001,True
ENZ_PAZY_350,PA,10,25,1.0,0.6100000000000001,True
ENZ_PAZY_350,PA,10,35,0.0,0.6100000000000001,True
ENZ_PAZY_350,PA,10,35,0.5,0.6100000000000001,True
ENZ_PAZY_350,PA,10,35,1.0,0.6100000000000001,True
ENZ_PAZY_350,PA,10,45,0.0,0.6100000000000001,True
ENZ_PAZY_350,PA,10,45,0.5,0.6100000000000001,True
ENZ_PAZY_350,PA,10,45,1.0,0.6100000000000001,True
ENZ_PAZY_350,PA,10,55,0.0,0.6100000000000001,True
ENZ_PAZY_350,PA,10,55,0.5,0.6100000000000001,True
ENZ_PAZY_350,PA,10,55,1.0,0.6100000000000001,True
ENZ_PAZY_350,PA,10,65,0.0,0.6100000000000001,True
ENZ_PAZY_350,PA,10,65,0.5,0.6100000000000001,True
ENZ_PAZY_350,PA,10,65,1.0,0.6100000000000001,True
ENZ_PAZY_351,PA,6,25,0.0,0.6100000000000001,True
ENZ_PAZY_351,PA,6,25,0.5,0.6100000000000001,True
ENZ_PAZY_351,PA,6,25,1.0,0.6100000000000001,True
ENZ_PAZY_351,PA,6,35,0.0,0.6100000000000001,True
ENZ_PAZY_351,PA,6,35,0.5,0.6100000000000001,True
ENZ_PAZY_351,PA,6,35,1.0,0.6100000000000001,True
ENZ_PAZY_351,PA,6,45,0.0,0.6100000000000001,True
ENZ_PAZY_351,PA,6,45,0.5,0.6100000000000001,True
ENZ_PAZY_351,PA,6,45,1.0,0.6100000000000001,True
ENZ_PAZY_351,PA,6,55,0.0,0.6100000000000001,True
ENZ_PAZY_351,PA,6,55,0.5,0.6100000000000001,True
ENZ_PAZY_351,PA,6,55,1.0,0.6100000000000001,True
ENZ_PAZY_351,PA,6,65,0.0,0.6100000000000001,True
ENZ_PAZY_351,PA,6,65,0.5,0.6100000000000001,True
ENZ_PAZY_351,PA,6,65,1.0,0.6100000000000001,True
ENZ_PAZY_351,PA,7,25,0.0,0.6100000000000001,True
ENZ_PAZY_351,PA,7,25,0.5,0.6100000000000001,True
ENZ_PAZY_351,PA,7,25,1.0,0.6100000000000001,True
ENZ_PAZY_351,PA,7,35,0.0,0.6100000000000001,True
ENZ_PAZY_351,PA,7,35,0.5,0.6100000000000001,True
ENZ_PAZY_351,PA,7,35,1.0,0.6100000000000001,True
ENZ_PAZY_351,PA,7,45,0.0,0.6100000000000001,True
ENZ_PAZY_351,PA,7,45,0.5,0.6100000000000001,True
ENZ_PAZY_351,PA,7,45,1.0,0.6100000000000001,True
ENZ_PAZY_351,PA,7,55,0.0,0.6100000000000001,True
ENZ_PAZY_351,PA,7,55,0.5,0.6100000000000001,True
ENZ_PAZY_351,PA,7,55,1.0,0.6100000000000001,True
ENZ_PAZY_351,PA,7,65,0.0,0.6100000000000001,True
ENZ_PAZY_351,PA,7,65,0.5,0.6100000000000001,True
ENZ_PAZY_351,PA,7,65,1.0,0.6100000000000001,True
ENZ_PAZY_351,PA,8,25,0.0,0.6100000000000001,True
ENZ_PAZY_351,PA,8,25,0.5,0.6100000000000001,True
ENZ_PAZY_351,PA,8,25,1.0,0.6100000000000001,True
ENZ_PAZY_351,PA,8,35,0.0,0.6100000000000001,True
ENZ_PAZY_351,PA,8,35,0.5,0.6100000000000001,True
ENZ_PAZY_351,PA,8,35,1.0,0.6100000000000001,True
ENZ_PAZY_351,PA,8,45,0.0,0.6100000000000001,True
ENZ_PAZY_351,PA,8,45,0.5,0.6100000000000001,True
ENZ_PAZY_351,PA,8,45,1.0,0.6100000000000001,True
ENZ_PAZY_351,PA,8,55,0.0,0.6100000000000001,True
ENZ_PAZY_351,PA,8,55,0.5,0.6100000000000001,True
ENZ_PAZY_351,PA,8,55,1.0,0.6100000000000001,True
ENZ_PAZY_351,PA,8,65,0.0,0.6100000000000001,True
ENZ_PAZY_351,PA,8,65,0.5,0.6100000000000001,True
ENZ_PAZY_351,PA,8,65,1.0,0.6100000000000001,True
ENZ_PAZY_351,PA,9,25,0.0,0.6100000000000001,True
ENZ_PAZY_351,PA,9,25,0.5,0.6100000000000001,True
ENZ_PAZY_351,PA,9,25,1.0,0.6100000000000001,True
ENZ_PAZY_351,PA,9,35,0.0,0.6100000000000001,True
ENZ_PAZY_351,PA,9,35,0.5,0.6100000000000001,True
ENZ_PAZY_351,PA,9,35,1.0,0.6100000000000001,True
ENZ_PAZY_351,PA,9,45,0.0,0.6100000000000001,True
ENZ_PAZY_351,PA,9,45,0.5,0.6100000000000001,True
ENZ_PAZY_351,PA,9,45,1.0,0.6100000000000001,True
ENZ_PAZY_351,PA,9,55,0.0,0.6100000000000001,True
ENZ_PAZY_351,PA,9,55,0.5,0.6100000000000001,True
ENZ_PAZY_351,PA,9,55,1.0,0.6100000000000001,True
ENZ_PAZY_351,PA,9,65,0.0,0.6100000000000001,True
ENZ_PAZY_351,PA,9,65,0.5,0.6100000000000001,True
ENZ_PAZY_351,PA,9,65,1.0,0.6100000000000001,True
ENZ_PAZY_351,PA,10,25,0.0,0.6100000000000001,True
ENZ_PAZY_351,PA,10,25,0.5,0.6100000000000001,True
ENZ_PAZY_351,PA,10,25,1.0,0.6100000000000001,True
ENZ_PAZY_351,PA,10,35,0.0,0.6100000000000001,True
ENZ_PAZY_351,PA,10,35,0.5,0.6100000000000001,True
ENZ_PAZY_351,PA,10,35,1.0,0.6100000000000001,True
ENZ_PAZY_351,PA,10,45,0.0,0.6100000000000001,True
ENZ_PAZY_351,PA,10,45,0.5,0.6100000000000001,True
ENZ_PAZY_351,PA,10,45,1.0,0.6100000000000001,True
ENZ_PAZY_351,PA,10,55,0.0,0.6100000000000001,True
ENZ_PAZY_351,PA,10,55,0.5,0.6100000000000001,True
ENZ_PAZY_351,PA,10,55,1.0,0.6100000000000001,True
ENZ_PAZY_351,PA,10,65,0.0,0.6100000000000001,True
ENZ_PAZY_351,PA,10,65,0.5,0.6100000000000001,True
ENZ_PAZY_351,PA,10,65,1.0,0.6100000000000001,True
ENZ_PAZY_352,PA,6,25,0.0,0.6100000000000001,True
ENZ_PAZY_352,PA,6,25,0.5,0.6100000000000001,True
ENZ_PAZY_352,PA,6,25,1.0,0.6100000000000001,True
ENZ_PAZY_352,PA,6,35,0.0,0.6100000000000001,True
ENZ_PAZY_352,PA,6,35,0.5,0.6100000000000001,True
ENZ_PAZY_352,PA,6,35,1.0,0.6100000000000001,True
ENZ_PAZY_352,PA,6,45,0.0,0.6100000000000001,True
ENZ_PAZY_352,PA,6,45,0.5,0.6100000000000001,True
ENZ_PAZY_352,PA,6,45,1.0,0.6100000000000001,True
ENZ_PAZY_352,PA,6,55,0.0,0.6100000000000001,True
ENZ_PAZY_352,PA,6,55,0.5,0.6100000000000001,True
ENZ_PAZY_352,PA,6,55,1.0,0.6100000000000001,True
ENZ_PAZY_352,PA,6,65,0.0,0.6100000000000001,True
ENZ_PAZY_352,PA,6,65,0.5,0.6100000000000001,True
ENZ_PAZY_352,PA,6,65,1.0,0.6100000000000001,True
ENZ_PAZY_352,PA,7,25,0.0,0.6100000000000001,True
ENZ_PAZY_352,PA,7,25,0.5,0.6100000000000001,True
ENZ_PAZY_352,PA,7,25,1.0,0.6100000000000001,True
ENZ_PAZY_352,PA,7,35,0.0,0.6100000000000001,True
ENZ_PAZY_352,PA,7,35,0.5,0.6100000000000001,True
ENZ_PAZY_352,PA,7,35,1.0,0.6100000000000001,True
ENZ_PAZY_352,PA,7,45,0.0,0.6100000000000001,True
ENZ_PAZY_352,PA,7,45,0.5,0.6100000000000001,True
ENZ_PAZY_352,PA,7,45,1.0,0.6100000000000001,True
ENZ_PAZY_352,PA,7,55,0.0,0.6100000000000001,True
ENZ_PAZY_352,PA,7,55,0.5,0.6100000000000001,True
ENZ_PAZY_352,PA,7,55,1.0,0.6100000000000001,True
ENZ_PAZY_352,PA,7,65,0.0,0.6100000000000001,True
ENZ_PAZY_352,PA,7,65,0.5,0.6100000000000001,True
ENZ_PAZY_352,PA,7,65,1.0,0.6100000000000001,True
ENZ_PAZY_352,PA,8,25,0.0,0.6100000000000001,True
ENZ_PAZY_352,PA,8,25,0.5,0.6100000000000001,True
ENZ_PAZY_352,PA,8,25,1.0,0.6100000000000001,True
ENZ_PAZY_352,PA,8,35,0.0,0.6100000000000001,True
ENZ_PAZY_352,PA,8,35,0.5,0.6100000000000001,True
ENZ_PAZY_352,PA,8,35,1.0,0.6100000000000001,True
ENZ_PAZY_352,PA,8,45,0.0,0.6100000000000001,True
ENZ_PAZY_352,PA,8,45,0.5,0.6100000000000001,True
ENZ_PAZY_352,PA,8,45,1.0,0.6100000000000001,True
ENZ_PAZY_352,PA,8,55,0.0,0.6100000000000001,True
ENZ_PAZY_352,PA,8,55,0.5,0.6100000000000001,True
ENZ_PAZY_352,PA,8,55,1.0,0.6100000000000001,True
ENZ_PAZY_352,PA,8,65,0.0,0.6100000000000001,True
ENZ_PAZY_352,PA,8,65,0.5,0.6100000000000001,True
ENZ_PAZY_352,PA,8,65,1.0,0.6100000000000001,True
ENZ_PAZY_352,PA,9,25,0.0,0.6100000000000001,True
ENZ_PAZY_352,PA,9,25,0.5,0.6100000000000001,True
ENZ_PAZY_352,PA,9,25,1.0,0.6100000000000001,True
ENZ_PAZY_352,PA,9,35,0.0,0.6100000000000001,True
ENZ_PAZY_352,PA,9,35,0.5,0.6100000000000001,True
ENZ_PAZY_352,PA,9,35,1.0,0.6100000000000001,True
ENZ_PAZY_352,PA,9,45,0.0,0.6100000000000001,True
ENZ_PAZY_352,PA,9,45,0.5,0.6100000000000001,True
ENZ_PAZY_352,PA,9,45,1.0,0.6100000000000001,True
ENZ_PAZY_352,PA,9,55,0.0,0.6100000000000001,True
ENZ_PAZY_352,PA,9,55,0.5,0.6100000000000001,True
ENZ_PAZY_352,PA,9,55,1.0,0.6100000000000001,True
ENZ_PAZY_352,PA,9,65,0.0,0.6100000000000001,True
ENZ_PAZY_352,PA,9,65,0.5,0.6100000000000001,True
ENZ_PAZY_352,PA,9,65,1.0,0.6100000000000001,True
ENZ_PAZY_352,PA,10,25,0.0,0.6100000000000001,True
ENZ_PAZY_352,PA,10,25,0.5,0.6100000000000001,True
ENZ_PAZY_352,PA,10,25,1.0,0.6100000000000001,True
ENZ_PAZY_352,PA,10,35,0.0,0.6100000000000001,True
ENZ_PAZY_352,PA,10,35,0.5,0.6100000000000001,True
ENZ_PAZY_352,PA,10,35,1.0,0.6100000000000001,True
ENZ_PAZY_352,PA,10,45,0.0,0.6100000000000001,True
ENZ_PAZY_352,PA,10,45,0.5,0.6100000000000001,True
ENZ_PAZY_352,PA,10,45,1.0,0.6100000000000001,True
ENZ_PAZY_352,PA,10,55,0.0,0.6100000000000001,True
ENZ_PAZY_352,PA,10,55,0.5,0.6100000000000001,True
ENZ_PAZY_352,PA,10,55,1.0,0.6100000000000001,True
ENZ_PAZY_352,PA,10,65,0.0,0.6100000000000001,True
ENZ_PAZY_352,PA,10,65,0.5,0.6100000000000001,True
ENZ_PAZY_352,PA,10,65,1.0,0.6100000000000001,True
ENZ_PAZY_353,PA,6,25,0.0,0.6100000000000001,True
ENZ_PAZY_353,PA,6,25,0.5,0.6100000000000001,True
ENZ_PAZY_353,PA,6,25,1.0,0.6100000000000001,True
ENZ_PAZY_353,PA,6,35,0.0,0.6100000000000001,True
ENZ_PAZY_353,PA,6,35,0.5,0.6100000000000001,True
ENZ_PAZY_353,PA,6,35,1.0,0.6100000000000001,True
ENZ_PAZY_353,PA,6,45,0.0,0.6100000000000001,True
ENZ_PAZY_353,PA,6,45,0.5,0.6100000000000001,True
ENZ_PAZY_353,PA,6,45,1.0,0.6100000000000001,True
ENZ_PAZY_353,PA,6,55,0.0,0.6100000000000001,True
ENZ_PAZY_353,PA,6,55,0.5,0.6100000000000001,True
ENZ_PAZY_353,PA,6,55,1.0,0.6100000000000001,True
ENZ_PAZY_353,PA,6,65,0.0,0.6100000000000001,True
ENZ_PAZY_353,PA,6,65,0.5,0.6100000000000001,True
ENZ_PAZY_353,PA,6,65,1.0,0.6100000000000001,True
ENZ_PAZY_353,PA,7,25,0.0,0.6100000000000001,True
ENZ_PAZY_353,PA,7,25,0.5,0.6100000000000001,True
ENZ_PAZY_353,PA,7,25,1.0,0.6100000000000001,True
ENZ_PAZY_353,PA,7,35,0.0,0.6100000000000001,True
ENZ_PAZY_353,PA,7,35,0.5,0.6100000000000001,True
ENZ_PAZY_353,PA,7,35,1.0,0.6100000000000001,True
ENZ_PAZY_353,PA,7,45,0.0,0.6100000000000001,True
ENZ_PAZY_353,PA,7,45,0.5,0.6100000000000001,True
ENZ_PAZY_353,PA,7,45,1.0,0.6100000000000001,True
ENZ_PAZY_353,PA,7,55,0.0,0.6100000000000001,True
ENZ_PAZY_353,PA,7,55,0.5,0.6100000000000001,True
ENZ_PAZY_353,PA,7,55,1.0,0.6100000000000001,True
ENZ_PAZY_353,PA,7,65,0.0,0.6100000000000001,True
ENZ_PAZY_353,PA,7,65,0.5,0.6100000000000001,True
ENZ_PAZY_353,PA,7,65,1.0,0.6100000000000001,True
ENZ_PAZY_353,PA,8,25,0.0,0.6100000000000001,True
ENZ_PAZY_353,PA,8,25,0.5,0.6100000000000001,True
ENZ_PAZY_353,PA,8,25,1.0,0.6100000000000001,True
ENZ_PAZY_353,PA,8,35,0.0,0.6100000000000001,True
ENZ_PAZY_353,PA,8,35,0.5,0.6100000000000001,True
ENZ_PAZY_353,PA,8,35,1.0,0.6100000000000001,True
ENZ_PAZY_353,PA,8,45,0.0,0.6100000000000001,True
ENZ_PAZY_353,PA,8,45,0.5,0.6100000000000001,True
ENZ_PAZY_353,PA,8,45,1.0,0.6100000000000001,True
ENZ_PAZY_353,PA,8,55,0.0,0.6100000000000001,True
ENZ_PAZY_353,PA,8,55,0.5,0.6100000000000001,True
ENZ_PAZY_353,PA,8,55,1.0,0.6100000000000001,True
ENZ_PAZY_353,PA,8,65,0.0,0.6100000000000001,True
ENZ_PAZY_353,PA,8,65,0.5,0.6100000000000001,True
ENZ_PAZY_353,PA,8,65,1.0,0.6100000000000001,True
ENZ_PAZY_353,PA,9,25,0.0,0.6100000000000001,True
ENZ_PAZY_353,PA,9,25,0.5,0.6100000000000001,True
ENZ_PAZY_353,PA,9,25,1.0,0.6100000000000001,True
ENZ_PAZY_353,PA,9,35,0.0,0.6100000000000001,True
ENZ_PAZY_353,PA,9,35,0.5,0.6100000000000001,True
ENZ_PAZY_353,PA,9,35,1.0,0.6100000000000001,True
ENZ_PAZY_353,PA,9,45,0.0,0.6100000000000001,True
ENZ_PAZY_353,PA,9,45,0.5,0.6100000000000001,True
ENZ_PAZY_353,PA,9,45,1.0,0.6100000000000001,True
ENZ_PAZY_353,PA,9,55,0.0,0.6100000000000001,True
ENZ_PAZY_353,PA,9,55,0.5,0.6100000000000001,True
ENZ_PAZY_353,PA,9,55,1.0,0.6100000000000001,True
ENZ_PAZY_353,PA,9,65,0.0,0.6100000000000001,True
ENZ_PAZY_353,PA,9,65,0.5,0.6100000000000001,True
ENZ_PAZY_353,PA,9,65,1.0,0.6100000000000001,True
ENZ_PAZY_353,PA,10,25,0.0,0.6100000000000001,True
ENZ_PAZY_353,PA,10,25,0.5,0.6100000000000001,True
ENZ_PAZY_353,PA,10,25,1.0,0.6100000000000001,True
ENZ_PAZY_353,PA,10,35,0.0,0.6100000000000001,True
ENZ_PAZY_353,PA,10,35,0.5,0.6100000000000001,True
ENZ_PAZY_353,PA,10,35,1.0,0.6100000000000001,True
ENZ_PAZY_353,PA,10,45,0.0,0.6100000000000001,True
ENZ_PAZY_353,PA,10,45,0.5,0.6100000000000001,True
ENZ_PAZY_353,PA,10,45,1.0,0.6100000000000001,True
ENZ_PAZY_353,PA,10,55,0.0,0.6100000000000001,True
ENZ_PAZY_353,PA,10,55,0.5,0.6100000000000001,True
ENZ_PAZY_353,PA,10,55,1.0,0.6100000000000001,True
ENZ_PAZY_353,PA,10,65,0.0,0.6100000000000001,True
ENZ_PAZY_353,PA,10,65,0.5,0.6100000000000001,True
ENZ_PAZY_353,PA,10,65,1.0,0.6100000000000001,True
ENZ_PAZY_354,PA,6,25,0.0,0.6100000000000001,True
ENZ_PAZY_354,PA,6,25,0.5,0.6100000000000001,True
ENZ_PAZY_354,PA,6,25,1.0,0.6100000000000001,True
ENZ_PAZY_354,PA,6,35,0.0,0.6100000000000001,True
ENZ_PAZY_354,PA,6,35,0.5,0.6100000000000001,True
ENZ_PAZY_354,PA,6,35,1.0,0.6100000000000001,True
ENZ_PAZY_354,PA,6,45,0.0,0.6100000000000001,True
ENZ_PAZY_354,PA,6,45,0.5,0.6100000000000001,True
ENZ_PAZY_354,PA,6,45,1.0,0.6100000000000001,True
ENZ_PAZY_354,PA,6,55,0.0,0.6100000000000001,True
ENZ_PAZY_354,PA,6,55,0.5,0.6100000000000001,True
ENZ_PAZY_354,PA,6,55,1.0,0.6100000000000001,True
ENZ_PAZY_354,PA,6,65,0.0,0.6100000000000001,True
ENZ_PAZY_354,PA,6,65,0.5,0.6100000000000001,True
ENZ_PAZY_354,PA,6,65,1.0,0.6100000000000001,True
ENZ_PAZY_354,PA,7,25,0.0,0.6100000000000001,True
ENZ_PAZY_354,PA,7,25,0.5,0.6100000000000001,True
ENZ_PAZY_354,PA,7,25,1.0,0.6100000000000001,True
ENZ_PAZY_354,PA,7,35,0.0,0.6100000000000001,True
ENZ_PAZY_354,PA,7,35,0.5,0.6100000000000001,True
ENZ_PAZY_354,PA,7,35,1.0,0.6100000000000001,True
ENZ_PAZY_354,PA,7,45,0.0,0.6100000000000001,True
ENZ_PAZY_354,PA,7,45,0.5,0.6100000000000001,True
ENZ_PAZY_354,PA,7,45,1.0,0.6100000000000001,True
ENZ_PAZY_354,PA,7,55,0.0,0.6100000000000001,True
ENZ_PAZY_354,PA,7,55,0.5,0.6100000000000001,True
ENZ_PAZY_354,PA,7,55,1.0,0.6100000000000001,True
ENZ_PAZY_354,PA,7,65,0.0,0.6100000000000001,True
ENZ_PAZY_354,PA,7,65,0.5,0.6100000000000001,True
ENZ_PAZY_354,PA,7,65,1.0,0.6100000000000001,True
ENZ_PAZY_354,PA,8,25,0.0,0.6100000000000001,True
ENZ_PAZY_354,PA,8,25,0.5,0.6100000000000001,True
ENZ_PAZY_354,PA,8,25,1.0,0.6100000000000001,True
ENZ_PAZY_354,PA,8,35,0.0,0.6100000000000001,True
ENZ_PAZY_354,PA,8,35,0.5,0.6100000000000001,True
ENZ_PAZY_354,PA,8,35,1.0,0.6100000000000001,True
ENZ_PAZY_354,PA,8,45,0.0,0.6100000000000001,True
ENZ_PAZY_354,PA,8,45,0.5,0.6100000000000001,True
ENZ_PAZY_354,PA,8,45,1.0,0.6100000000000001,True
ENZ_PAZY_354,PA,8,55,0.0,0.6100000000000001,True
ENZ_PAZY_354,PA,8,55,0.5,0.6100000000000001,True
ENZ_PAZY_354,PA,8,55,1.0,0.6100000000000001,True
ENZ_PAZY_354,PA,8,65,0.0,0.6100000000000001,True
ENZ_PAZY_354,PA,8,65,0.5,0.6100000000000001,True
ENZ_PAZY_354,PA,8,65,1.0,0.6100000000000001,True
ENZ_PAZY_354,PA,9,25,0.0,0.6100000000000001,True
ENZ_PAZY_354,PA,9,25,0.5,0.6100000000000001,True
ENZ_PAZY_354,PA,9,25,1.0,0.6100000000000001,True
ENZ_PAZY_354,PA,9,35,0.0,0.6100000000000001,True
ENZ_PAZY_354,PA,9,35,0.5,0.6100000000000001,True
ENZ_PAZY_354,PA,9,35,1.0,0.6100000000000001,True
ENZ_PAZY_354,PA,9,45,0.0,0.6100000000000001,True
ENZ_PAZY_354,PA,9,45,0.5,0.6100000000000001,True
ENZ_PAZY_354,PA,9,45,1.0,0.6100000000000001,True
ENZ_PAZY_354,PA,9,55,0.0,0.6100000000000001,True
ENZ_PAZY_354,PA,9,55,0.5,0.6100000000000001,True
ENZ_PAZY_354,PA,9,55,1.0,0.6100000000000001,True
ENZ_PAZY_354,PA,9,65,0.0,0.6100000000000001,True
ENZ_PAZY_354,PA,9,65,0.5,0.6100000000000001,True
ENZ_PAZY_354,PA,9,65,1.0,0.6100000000000001,True
ENZ_PAZY_354,PA,10,25,0.0,0.6100000000000001,True
ENZ_PAZY_354,PA,10,25,0.5,0.6100000000000001,True
ENZ_PAZY_354,PA,10,25,1.0,0.6100000000000001,True
ENZ_PAZY_354,PA,10,35,0.0,0.6100000000000001,True
ENZ_PAZY_354,PA,10,35,0.5,0.6100000000000001,True
ENZ_PAZY_354,PA,10,35,1.0,0.6100000000000001,True
ENZ_PAZY_354,PA,10,45,0.0,0.6100000000000001,True
ENZ_PAZY_354,PA,10,45,0.5,0.6100000000000001,True
ENZ_PAZY_354,PA,10,45,1.0,0.6100000000000001,True
ENZ_PAZY_354,PA,10,55,0.0,0.6100000000000001,True
ENZ_PAZY_354,PA,10,55,0.5,0.6100000000000001,True
ENZ_PAZY_354,PA,10,55,1.0,0.6100000000000001,True
ENZ_PAZY_354,PA,10,65,0.0,0.6100000000000001,True
ENZ_PAZY_354,PA,10,65,0.5,0.6100000000000001,True
ENZ_PAZY_354,PA,10,65,1.0,0.6100000000000001,True
ENZ_PAZY_355,PA,6,25,0.0,0.6100000000000001,True
ENZ_PAZY_355,PA,6,25,0.5,0.6100000000000001,True
ENZ_PAZY_355,PA,6,25,1.0,0.6100000000000001,True
ENZ_PAZY_355,PA,6,35,0.0,0.6100000000000001,True
ENZ_PAZY_355,PA,6,35,0.5,0.6100000000000001,True
ENZ_PAZY_355,PA,6,35,1.0,0.6100000000000001,True
ENZ_PAZY_355,PA,6,45,0.0,0.6100000000000001,True
ENZ_PAZY_355,PA,6,45,0.5,0.6100000000000001,True
ENZ_PAZY_355,PA,6,45,1.0,0.6100000000000001,True
ENZ_PAZY_355,PA,6,55,0.0,0.6100000000000001,True
ENZ_PAZY_355,PA,6,55,0.5,0.6100000000000001,True
ENZ_PAZY_355,PA,6,55,1.0,0.6100000000000001,True
ENZ_PAZY_355,PA,6,65,0.0,0.6100000000000001,True
ENZ_PAZY_355,PA,6,65,0.5,0.6100000000000001,True
ENZ_PAZY_355,PA,6,65,1.0,0.6100000000000001,True
ENZ_PAZY_355,PA,7,25,0.0,0.6100000000000001,True
ENZ_PAZY_355,PA,7,25,0.5,0.6100000000000001,True
ENZ_PAZY_355,PA,7,25,1.0,0.6100000000000001,True
ENZ_PAZY_355,PA,7,35,0.0,0.6100000000000001,True
ENZ_PAZY_355,PA,7,35,0.5,0.6100000000000001,True
ENZ_PAZY_355,PA,7,35,1.0,0.6100000000000001,True
ENZ_PAZY_355,PA,7,45,0.0,0.6100000000000001,True
ENZ_PAZY_355,PA,7,45,0.5,0.6100000000000001,True
ENZ_PAZY_355,PA,7,45,1.0,0.6100000000000001,True
ENZ_PAZY_355,PA,7,55,0.0,0.6100000000000001,True
ENZ_PAZY_355,PA,7,55,0.5,0.6100000000000001,True
ENZ_PAZY_355,PA,7,55,1.0,0.6100000000000001,True
ENZ_PAZY_355,PA,7,65,0.0,0.6100000000000001,True
ENZ_PAZY_355,PA,7,65,0.5,0.6100000000000001,True
ENZ_PAZY_355,PA,7,65,1.0,0.6100000000000001,True
ENZ_PAZY_355,PA,8,25,0.0,0.6100000000000001,True
ENZ_PAZY_355,PA,8,25,0.5,0.6100000000000001,True
ENZ_PAZY_355,PA,8,25,1.0,0.6100000000000001,True
ENZ_PAZY_355,PA,8,35,0.0,0.6100000000000001,True
ENZ_PAZY_355,PA,8,35,0.5,0.6100000000000001,True
ENZ_PAZY_355,PA,8,35,1.0,0.6100000000000001,True
ENZ_PAZY_355,PA,8,45,0.0,0.6100000000000001,True
ENZ_PAZY_355,PA,8,45,0.5,0.6100000000000001,True
ENZ_PAZY_355,PA,8,45,1.0,0.6100000000000001,True
ENZ_PAZY_355,PA,8,55,0.0,0.6100000000000001,True
ENZ_PAZY_355,PA,8,55,0.5,0.6100000000000001,True
ENZ_PAZY_355,PA,8,55,1.0,0.6100000000000001,True
ENZ_PAZY_355,PA,8,65,0.0,0.6100000000000001,True
ENZ_PAZY_355,PA,8,65,0.5,0.6100000000000001,True
ENZ_PAZY_355,PA,8,65,1.0,0.6100000000000001,True
ENZ_PAZY_355,PA,9,25,0.0,0.6100000000000001,True
ENZ_PAZY_355,PA,9,25,0.5,0.6100000000000001,True
ENZ_PAZY_355,PA,9,25,1.0,0.6100000000000001,True
ENZ_PAZY_355,PA,9,35,0.0,0.6100000000000001,True
ENZ_PAZY_355,PA,9,35,0.5,0.6100000000000001,True
ENZ_PAZY_355,PA,9,35,1.0,0.6100000000000001,True
ENZ_PAZY_355,PA,9,45,0.0,0.6100000000000001,True
ENZ_PAZY_355,PA,9,45,0.5,0.6100000000000001,True
ENZ_PAZY_355,PA,9,45,1.0,0.6100000000000001,True
ENZ_PAZY_355,PA,9,55,0.0,0.6100000000000001,True
ENZ_PAZY_355,PA,9,55,0.5,0.6100000000000001,True
ENZ_PAZY_355,PA,9,55,1.0,0.6100000000000001,True
ENZ_PAZY_355,PA,9,65,0.0,0.6100000000000001,True
ENZ_PAZY_355,PA,9,65,0.5,0.6100000000000001,True
ENZ_PAZY_355,PA,9,65,1.0,0.6100000000000001,True
ENZ_PAZY_355,PA,10,25,0.0,0.6100000000000001,True
ENZ_PAZY_355,PA,10,25,0.5,0.6100000000000001,True
ENZ_PAZY_355,PA,10,25,1.0,0.6100000000000001,True
ENZ_PAZY_355,PA,10,35,0.0,0.6100000000000001,True
ENZ_PAZY_355,PA,10,35,0.5,0.6100000000000001,True
ENZ_PAZY_355,PA,10,35,1.0,0.6100000000000001,True
ENZ_PAZY_355,PA,10,45,0.0,0.6100000000000001,True
ENZ_PAZY_355,PA,10,45,0.5,0.6100000000000001,True
ENZ_PAZY_355,PA,10,45,1.0,0.6100000000000001,True
ENZ_PAZY_355,PA,10,55,0.0,0.6100000000000001,True
ENZ_PAZY_355,PA,10,55,0.5,0.6100000000000001,True
ENZ_PAZY_355,PA,10,55,1.0,0.6100000000000001,True
ENZ_PAZY_355,PA,10,65,0.0,0.6100000000000001,True
ENZ_PAZY_355,PA,10,65,0.5,0.6100000000000001,True
ENZ_PAZY_355,PA,10,65,1.0,0.6100000000000001,True
ENZ_PAZY_356,PA,6,25,0.0,0.6100000000000001,True
ENZ_PAZY_356,PA,6,25,0.5,0.6100000000000001,True
ENZ_PAZY_356,PA,6,25,1.0,0.6100000000000001,True
ENZ_PAZY_356,PA,6,35,0.0,0.6100000000000001,True
ENZ_PAZY_356,PA,6,35,0.5,0.6100000000000001,True
ENZ_PAZY_356,PA,6,35,1.0,0.6100000000000001,True
ENZ_PAZY_356,PA,6,45,0.0,0.6100000000000001,True
ENZ_PAZY_356,PA,6,45,0.5,0.6100000000000001,True
ENZ_PAZY_356,PA,6,45,1.0,0.6100000000000001,True
ENZ_PAZY_356,PA,6,55,0.0,0.6100000000000001,True
ENZ_PAZY_356,PA,6,55,0.5,0.6100000000000001,True
ENZ_PAZY_356,PA,6,55,1.0,0.6100000000000001,True
ENZ_PAZY_356,PA,6,65,0.0,0.6100000000000001,True
ENZ_PAZY_356,PA,6,65,0.5,0.6100000000000001,True
ENZ_PAZY_356,PA,6,65,1.0,0.6100000000000001,True
ENZ_PAZY_356,PA,7,25,0.0,0.6100000000000001,True
ENZ_PAZY_356,PA,7,25,0.5,0.6100000000000001,True
ENZ_PAZY_356,PA,7,25,1.0,0.6100000000000001,True
ENZ_PAZY_356,PA,7,35,0.0,0.6100000000000001,True
ENZ_PAZY_356,PA,7,35,0.5,0.6100000000000001,True
ENZ_PAZY_356,PA,7,35,1.0,0.6100000000000001,True
ENZ_PAZY_356,PA,7,45,0.0,0.6100000000000001,True
ENZ_PAZY_356,PA,7,45,0.5,0.6100000000000001,True
ENZ_PAZY_356,PA,7,45,1.0,0.6100000000000001,True
ENZ_PAZY_356,PA,7,55,0.0,0.6100000000000001,True
ENZ_PAZY_356,PA,7,55,0.5,0.6100000000000001,True
ENZ_PAZY_356,PA,7,55,1.0,0.6100000000000001,True
ENZ_PAZY_356,PA,7,65,0.0,0.6100000000000001,True
ENZ_PAZY_356,PA,7,65,0.5,0.6100000000000001,True
ENZ_PAZY_356,PA,7,65,1.0,0.6100000000000001,True
ENZ_PAZY_356,PA,8,25,0.0,0.6100000000000001,True
ENZ_PAZY_356,PA,8,25,0.5,0.6100000000000001,True
ENZ_PAZY_356,PA,8,25,1.0,0.6100000000000001,True
ENZ_PAZY_356,PA,8,35,0.0,0.6100000000000001,True
ENZ_PAZY_356,PA,8,35,0.5,0.6100000000000001,True
ENZ_PAZY_356,PA,8,35,1.0,0.6100000000000001,True
ENZ_PAZY_356,PA,8,45,0.0,0.6100000000000001,True
ENZ_PAZY_356,PA,8,45,0.5,0.6100000000000001,True
ENZ_PAZY_356,PA,8,45,1.0,0.6100000000000001,True
ENZ_PAZY_356,PA,8,55,0.0,0.6100000000000001,True
ENZ_PAZY_356,PA,8,55,0.5,0.6100000000000001,True
ENZ_PAZY_356,PA,8,55,1.0,0.6100000000000001,True
ENZ_PAZY_356,PA,8,65,0.0,0.6100000000000001,True
ENZ_PAZY_356,PA,8,65,0.5,0.6100000000000001,True
ENZ_PAZY_356,PA,8,65,1.0,0.6100000000000001,True
ENZ_PAZY_356,PA,9,25,0.0,0.6100000000000001,True
ENZ_PAZY_356,PA,9,25,0.5,0.6100000000000001,True
ENZ_PAZY_356,PA,9,25,1.0,0.6100000000000001,True
ENZ_PAZY_356,PA,9,35,0.0,0.6100000000000001,True
ENZ_PAZY_356,PA,9,35,0.5,0.6100000000000001,True
ENZ_PAZY_356,PA,9,35,1.0,0.6100000000000001,True
ENZ_PAZY_356,PA,9,45,0.0,0.6100000000000001,True
ENZ_PAZY_356,PA,9,45,0.5,0.6100000000000001,True
ENZ_PAZY_356,PA,9,45,1.0,0.6100000000000001,True
ENZ_PAZY_356,PA,9,55,0.0,0.6100000000000001,True
ENZ_PAZY_356,PA,9,55,0.5,0.6100000000000001,True
ENZ_PAZY_356,PA,9,55,1.0,0.6100000000000001,True
ENZ_PAZY_356,PA,9,65,0.0,0.6100000000000001,True
ENZ_PAZY_356,PA,9,65,0.5,0.6100000000000001,True
ENZ_PAZY_356,PA,9,65,1.0,0.6100000000000001,True
ENZ_PAZY_356,PA,10,25,0.0,0.6100000000000001,True
ENZ_PAZY_356,PA,10,25,0.5,0.6100000000000001,True
ENZ_PAZY_356,PA,10,25,1.0,0.6100000000000001,True
ENZ_PAZY_356,PA,10,35,0.0,0.6100000000000001,True
ENZ_PAZY_356,PA,10,35,0.5,0.6100000000000001,True
ENZ_PAZY_356,PA,10,35,1.0,0.6100000000000001,True
ENZ_PAZY_356,PA,10,45,0.0,0.6100000000000001,True
ENZ_PAZY_356,PA,10,45,0.5,0.6100000000000001,True
ENZ_PAZY_356,PA,10,45,1.0,0.6100000000000001,True
ENZ_PAZY_356,PA,10,55,0.0,0.6100000000000001,True
ENZ_PAZY_356,PA,10,55,0.5,0.6100000000000001,True
ENZ_PAZY_356,PA,10,55,1.0,0.6100000000000001,True
ENZ_PAZY_356,PA,10,65,0.0,0.6100000000000001,True
ENZ_PAZY_356,PA,10,65,0.5,0.6100000000000001,True
ENZ_PAZY_356,PA,10,65,1.0,0.6100000000000001,True
ENZ_PAZY_357,PA,6,25,0.0,0.6100000000000001,True
ENZ_PAZY_357,PA,6,25,0.5,0.6100000000000001,True
ENZ_PAZY_357,PA,6,25,1.0,0.6100000000000001,True
ENZ_PAZY_357,PA,6,35,0.0,0.6100000000000001,True
ENZ_PAZY_357,PA,6,35,0.5,0.6100000000000001,True
ENZ_PAZY_357,PA,6,35,1.0,0.6100000000000001,True
ENZ_PAZY_357,PA,6,45,0.0,0.6100000000000001,True
ENZ_PAZY_357,PA,6,45,0.5,0.6100000000000001,True
ENZ_PAZY_357,PA,6,45,1.0,0.6100000000000001,True
ENZ_PAZY_357,PA,6,55,0.0,0.6100000000000001,True
ENZ_PAZY_357,PA,6,55,0.5,0.6100000000000001,True
ENZ_PAZY_357,PA,6,55,1.0,0.6100000000000001,True
ENZ_PAZY_357,PA,6,65,0.0,0.6100000000000001,True
ENZ_PAZY_357,PA,6,65,0.5,0.6100000000000001,True
ENZ_PAZY_357,PA,6,65,1.0,0.6100000000000001,True
ENZ_PAZY_357,PA,7,25,0.0,0.6100000000000001,True
ENZ_PAZY_357,PA,7,25,0.5,0.6100000000000001,True
ENZ_PAZY_357,PA,7,25,1.0,0.6100000000000001,True
ENZ_PAZY_357,PA,7,35,0.0,0.6100000000000001,True
ENZ_PAZY_357,PA,7,35,0.5,0.6100000000000001,True
ENZ_PAZY_357,PA,7,35,1.0,0.6100000000000001,True
ENZ_PAZY_357,PA,7,45,0.0,0.6100000000000001,True
ENZ_PAZY_357,PA,7,45,0.5,0.6100000000000001,True
ENZ_PAZY_357,PA,7,45,1.0,0.6100000000000001,True
ENZ_PAZY_357,PA,7,55,0.0,0.6100000000000001,True
ENZ_PAZY_357,PA,7,55,0.5,0.6100000000000001,True
ENZ_PAZY_357,PA,7,55,1.0,0.6100000000000001,True
ENZ_PAZY_357,PA,7,65,0.0,0.6100000000000001,True
ENZ_PAZY_357,PA,7,65,0.5,0.6100000000000001,True
ENZ_PAZY_357,PA,7,65,1.0,0.6100000000000001,True
ENZ_PAZY_357,PA,8,25,0.0,0.6100000000000001,True
ENZ_PAZY_357,PA,8,25,0.5,0.6100000000000001,True
ENZ_PAZY_357,PA,8,25,1.0,0.6100000000000001,True
ENZ_PAZY_357,PA,8,35,0.0,0.6100000000000001,True
ENZ_PAZY_357,PA,8,35,0.5,0.6100000000000001,True
ENZ_PAZY_357,PA,8,35,1.0,0.6100000000000001,True
ENZ_PAZY_357,PA,8,45,0.0,0.6100000000000001,True
ENZ_PAZY_357,PA,8,45,0.5,0.6100000000000001,True
ENZ_PAZY_357,PA,8,45,1.0,0.6100000000000001,True
ENZ_PAZY_357,PA,8,55,0.0,0.6100000000000001,True
ENZ_PAZY_357,PA,8,55,0.5,0.6100000000000001,True
ENZ_PAZY_357,PA,8,55,1.0,0.6100000000000001,True
ENZ_PAZY_357,PA,8,65,0.0,0.6100000000000001,True
ENZ_PAZY_357,PA,8,65,0.5,0.6100000000000001,True
ENZ_PAZY_357,PA,8,65,1.0,0.6100000000000001,True
ENZ_PAZY_357,PA,9,25,0.0,0.6100000000000001,True
ENZ_PAZY_357,PA,9,25,0.5,0.6100000000000001,True
ENZ_PAZY_357,PA,9,25,1.0,0.6100000000000001,True
ENZ_PAZY_357,PA,9,35,0.0,0.6100000000000001,True
ENZ_PAZY_357,PA,9,35,0.5,0.6100000000000001,True
ENZ_PAZY_357,PA,9,35,1.0,0.6100000000000001,True
ENZ_PAZY_357,PA,9,45,0.0,0.6100000000000001,True
ENZ_PAZY_357,PA,9,45,0.5,0.6100000000000001,True
ENZ_PAZY_357,PA,9,45,1.0,0.6100000000000001,True
ENZ_PAZY_357,PA,9,55,0.0,0.6100000000000001,True
ENZ_PAZY_357,PA,9,55,0.5,0.6100000000000001,True
ENZ_PAZY_357,PA,9,55,1.0,0.6100000000000001,True
ENZ_PAZY_357,PA,9,65,0.0,0.6100000000000001,True
ENZ_PAZY_357,PA,9,65,0.5,0.6100000000000001,True
ENZ_PAZY_357,PA,9,65,1.0,0.6100000000000001,True
ENZ_PAZY_357,PA,10,25,0.0,0.6100000000000001,True
ENZ_PAZY_357,PA,10,25,0.5,0.6100000000000001,True
ENZ_PAZY_357,PA,10,25,1.0,0.6100000000000001,True
ENZ_PAZY_357,PA,10,35,0.0,0.6100000000000001,True
ENZ_PAZY_357,PA,10,35,0.5,0.6100000000000001,True
ENZ_PAZY_357,PA,10,35,1.0,0.6100000000000001,True
ENZ_PAZY_357,PA,10,45,0.0,0.6100000000000001,True
ENZ_PAZY_357,PA,10,45,0.5,0.6100000000000001,True
ENZ_PAZY_357,PA,10,45,1.0,0.6100000000000001,True
ENZ_PAZY_357,PA,10,55,0.0,0.6100000000000001,True
ENZ_PAZY_357,PA,10,55,0.5,0.6100000000000001,True
ENZ_PAZY_357,PA,10,55,1.0,0.6100000000000001,True
ENZ_PAZY_357,PA,10,65,0.0,0.6100000000000001,True
ENZ_PAZY_357,PA,10,65,0.5,0.6100000000000001,True
ENZ_PAZY_357,PA,10,65,1.0,0.6100000000000001,True
ENZ_PAZY_358,PA,6,25,0.0,0.6100000000000001,True
ENZ_PAZY_358,PA,6,25,0.5,0.6100000000000001,True
ENZ_PAZY_358,PA,6,25,1.0,0.6100000000000001,True
ENZ_PAZY_358,PA,6,35,0.0,0.6100000000000001,True
ENZ_PAZY_358,PA,6,35,0.5,0.6100000000000001,True
ENZ_PAZY_358,PA,6,35,1.0,0.6100000000000001,True
ENZ_PAZY_358,PA,6,45,0.0,0.6100000000000001,True
ENZ_PAZY_358,PA,6,45,0.5,0.6100000000000001,True
ENZ_PAZY_358,PA,6,45,1.0,0.6100000000000001,True
ENZ_PAZY_358,PA,6,55,0.0,0.6100000000000001,True
ENZ_PAZY_358,PA,6,55,0.5,0.6100000000000001,True
ENZ_PAZY_358,PA,6,55,1.0,0.6100000000000001,True
ENZ_PAZY_358,PA,6,65,0.0,0.6100000000000001,True
ENZ_PAZY_358,PA,6,65,0.5,0.6100000000000001,True
ENZ_PAZY_358,PA,6,65,1.0,0.6100000000000001,True
ENZ_PAZY_358,PA,7,25,0.0,0.6100000000000001,True
ENZ_PAZY_358,PA,7,25,0.5,0.6100000000000001,True
ENZ_PAZY_358,PA,7,25,1.0,0.6100000000000001,True
ENZ_PAZY_358,PA,7,35,0.0,0.6100000000000001,True
ENZ_PAZY_358,PA,7,35,0.5,0.6100000000000001,True
ENZ_PAZY_358,PA,7,35,1.0,0.6100000000000001,True
ENZ_PAZY_358,PA,7,45,0.0,0.6100000000000001,True
ENZ_PAZY_358,PA,7,45,0.5,0.6100000000000001,True
ENZ_PAZY_358,PA,7,45,1.0,0.6100000000000001,True
ENZ_PAZY_358,PA,7,55,0.0,0.6100000000000001,True
ENZ_PAZY_358,PA,7,55,0.5,0.6100000000000001,True
ENZ_PAZY_358,PA,7,55,1.0,0.6100000000000001,True
ENZ_PAZY_358,PA,7,65,0.0,0.6100000000000001,True
ENZ_PAZY_358,PA,7,65,0.5,0.6100000000000001,True
ENZ_PAZY_358,PA,7,65,1.0,0.6100000000000001,True
ENZ_PAZY_358,PA,8,25,0.0,0.6100000000000001,True
ENZ_PAZY_358,PA,8,25,0.5,0.6100000000000001,True
ENZ_PAZY_358,PA,8,25,1.0,0.6100000000000001,True
ENZ_PAZY_358,PA,8,35,0.0,0.6100000000000001,True
ENZ_PAZY_358,PA,8,35,0.5,0.6100000000000001,True
ENZ_PAZY_358,PA,8,35,1.0,0.6100000000000001,True
ENZ_PAZY_358,PA,8,45,0.0,0.6100000000000001,True
ENZ_PAZY_358,PA,8,45,0.5,0.6100000000000001,True
ENZ_PAZY_358,PA,8,45,1.0,0.6100000000000001,True
ENZ_PAZY_358,PA,8,55,0.0,0.6100000000000001,True
ENZ_PAZY_358,PA,8,55,0.5,0.6100000000000001,True
ENZ_PAZY_358,PA,8,55,1.0,0.6100000000000001,True
ENZ_PAZY_358,PA,8,65,0.0,0.6100000000000001,True
ENZ_PAZY_358,PA,8,65,0.5,0.6100000000000001,True
ENZ_PAZY_358,PA,8,65,1.0,0.6100000000000001,True
ENZ_PAZY_358,PA,9,25,0.0,0.6100000000000001,True
ENZ_PAZY_358,PA,9,25,0.5,0.6100000000000001,True
ENZ_PAZY_358,PA,9,25,1.0,0.6100000000000001,True
ENZ_PAZY_358,PA,9,35,0.0,0.6100000000000001,True
ENZ_PAZY_358,PA,9,35,0.5,0.6100000000000001,True
ENZ_PAZY_358,PA,9,35,1.0,0.6100000000000001,True
ENZ_PAZY_358,PA,9,45,0.0,0.6100000000000001,True
ENZ_PAZY_358,PA,9,45,0.5,0.6100000000000001,True
ENZ_PAZY_358,PA,9,45,1.0,0.6100000000000001,True
ENZ_PAZY_358,PA,9,55,0.0,0.6100000000000001,True
ENZ_PAZY_358,PA,9,55,0.5,0.6100000000000001,True
ENZ_PAZY_358,PA,9,55,1.0,0.6100000000000001,True
ENZ_PAZY_358,PA,9,65,0.0,0.6100000000000001,True
ENZ_PAZY_358,PA,9,65,0.5,0.6100000000000001,True
ENZ_PAZY_358,PA,9,65,1.0,0.6100000000000001,True
ENZ_PAZY_358,PA,10,25,0.0,0.6100000000000001,True
ENZ_PAZY_358,PA,10,25,0.5,0.6100000000000001,True
ENZ_PAZY_358,PA,10,25,1.0,0.6100000000000001,True
ENZ_PAZY_358,PA,10,35,0.0,0.6100000000000001,True
ENZ_PAZY_358,PA,10,35,0.5,0.6100000000000001,True
ENZ_PAZY_358,PA,10,35,1.0,0.6100000000000001,True
ENZ_PAZY_358,PA,10,45,0.0,0.6100000000000001,True
ENZ_PAZY_358,PA,10,45,0.5,0.6100000000000001,True
ENZ_PAZY_358,PA,10,45,1.0,0.6100000000000001,True
ENZ_PAZY_358,PA,10,55,0.0,0.6100000000000001,True
ENZ_PAZY_358,PA,10,55,0.5,0.6100000000000001,True
ENZ_PAZY_358,PA,10,55,1.0,0.6100000000000001,True
ENZ_PAZY_358,PA,10,65,0.0,0.6100000000000001,True
ENZ_PAZY_358,PA,10,65,0.5,0.6100000000000001,True
ENZ_PAZY_358,PA,10,65,1.0,0.6100000000000001,True
ENZ_PAZY_359,PA,6,25,0.0,0.6100000000000001,True
ENZ_PAZY_359,PA,6,25,0.5,0.6100000000000001,True
ENZ_PAZY_359,PA,6,25,1.0,0.6100000000000001,True
ENZ_PAZY_359,PA,6,35,0.0,0.6100000000000001,True
ENZ_PAZY_359,PA,6,35,0.5,0.6100000000000001,True
ENZ_PAZY_359,PA,6,35,1.0,0.6100000000000001,True
ENZ_PAZY_359,PA,6,45,0.0,0.6100000000000001,True
ENZ_PAZY_359,PA,6,45,0.5,0.6100000000000001,True
ENZ_PAZY_359,PA,6,45,1.0,0.6100000000000001,True
ENZ_PAZY_359,PA,6,55,0.0,0.6100000000000001,True
ENZ_PAZY_359,PA,6,55,0.5,0.6100000000000001,True
ENZ_PAZY_359,PA,6,55,1.0,0.6100000000000001,True
ENZ_PAZY_359,PA,6,65,0.0,0.6100000000000001,True
ENZ_PAZY_359,PA,6,65,0.5,0.6100000000000001,True
ENZ_PAZY_359,PA,6,65,1.0,0.6100000000000001,True
ENZ_PAZY_359,PA,7,25,0.0,0.6100000000000001,True
ENZ_PAZY_359,PA,7,25,0.5,0.6100000000000001,True
ENZ_PAZY_359,PA,7,25,1.0,0.6100000000000001,True
ENZ_PAZY_359,PA,7,35,0.0,0.6100000000000001,True
ENZ_PAZY_359,PA,7,35,0.5,0.6100000000000001,True
ENZ_PAZY_359,PA,7,35,1.0,0.6100000000000001,True
ENZ_PAZY_359,PA,7,45,0.0,0.6100000000000001,True
ENZ_PAZY_359,PA,7,45,0.5,0.6100000000000001,True
ENZ_PAZY_359,PA,7,45,1.0,0.6100000000000001,True
ENZ_PAZY_359,PA,7,55,0.0,0.6100000000000001,True
ENZ_PAZY_359,PA,7,55,0.5,0.6100000000000001,True
ENZ_PAZY_359,PA,7,55,1.0,0.6100000000000001,True
ENZ_PAZY_359,PA,7,65,0.0,0.6100000000000001,True
ENZ_PAZY_359,PA,7,65,0.5,0.6100000000000001,True
ENZ_PAZY_359,PA,7,65,1.0,0.6100000000000001,True
ENZ_PAZY_359,PA,8,25,0.0,0.6100000000000001,True
ENZ_PAZY_359,PA,8,25,0.5,0.6100000000000001,True
ENZ_PAZY_359,PA,8,25,1.0,0.6100000000000001,True
ENZ_PAZY_359,PA,8,35,0.0,0.6100000000000001,True
ENZ_PAZY_359,PA,8,35,0.5,0.6100000000000001,True
ENZ_PAZY_359,PA,8,35,1.0,0.6100000000000001,True
ENZ_PAZY_359,PA,8,45,0.0,0.6100000000000001,True
ENZ_PAZY_359,PA,8,45,0.5,0.6100000000000001,True
ENZ_PAZY_359,PA,8,45,1.0,0.6100000000000001,True
ENZ_PAZY_359,PA,8,55,0.0,0.6100000000000001,True
ENZ_PAZY_359,PA,8,55,0.5,0.6100000000000001,True
ENZ_PAZY_359,PA,8,55,1.0,0.6100000000000001,True
ENZ_PAZY_359,PA,8,65,0.0,0.6100000000000001,True
ENZ_PAZY_359,PA,8,65,0.5,0.6100000000000001,True
ENZ_PAZY_359,PA,8,65,1.0,0.6100000000000001,True
ENZ_PAZY_359,PA,9,25,0.0,0.6100000000000001,True
ENZ_PAZY_359,PA,9,25,0.5,0.6100000000000001,True
ENZ_PAZY_359,PA,9,25,1.0,0.6100000000000001,True
ENZ_PAZY_359,PA,9,35,0.0,0.6100000000000001,True
ENZ_PAZY_359,PA,9,35,0.5,0.6100000000000001,True
ENZ_PAZY_359,PA,9,35,1.0,0.6100000000000001,True
ENZ_PAZY_359,PA,9,45,0.0,0.6100000000000001,True
ENZ_PAZY_359,PA,9,45,0.5,0.6100000000000001,True
ENZ_PAZY_359,PA,9,45,1.0,0.6100000000000001,True
ENZ_PAZY_359,PA,9,55,0.0,0.6100000000000001,True
ENZ_PAZY_359,PA,9,55,0.5,0.6100000000000001,True
ENZ_PAZY_359,PA,9,55,1.0,0.6100000000000001,True
ENZ_PAZY_359,PA,9,65,0.0,0.6100000000000001,True
ENZ_PAZY_359,PA,9,65,0.5,0.6100000000000001,True
ENZ_PAZY_359,PA,9,65,1.0,0.6100000000000001,True
ENZ_PAZY_359,PA,10,25,0.0,0.6100000000000001,True
ENZ_PAZY_359,PA,10,25,0.5,0.6100000000000001,True
ENZ_PAZY_359,PA,10,25,1.0,0.6100000000000001,True
ENZ_PAZY_359,PA,10,35,0.0,0.6100000000000001,True
ENZ_PAZY_359,PA,10,35,0.5,0.6100000000000001,True
ENZ_PAZY_359,PA,10,35,1.0,0.6100000000000001,True
ENZ_PAZY_359,PA,10,45,0.0,0.6100000000000001,True
ENZ_PAZY_359,PA,10,45,0.5,0.6100000000000001,True
ENZ_PAZY_359,PA,10,45,1.0,0.6100000000000001,True
ENZ_PAZY_359,PA,10,55,0.0,0.6100000000000001,True
ENZ_PAZY_359,PA,10,55,0.5,0.6100000000000001,True
ENZ_PAZY_359,PA,10,55,1.0,0.6100000000000001,True
ENZ_PAZY_359,PA,10,65,0.0,0.6100000000000001,True
ENZ_PAZY_359,PA,10,65,0.5,0.6100000000000001,True
ENZ_PAZY_359,PA,10,65,1.0,0.6100000000000001,True
ENZ_PAZY_360,PA,6,25,0.0,0.6100000000000001,True
ENZ_PAZY_360,PA,6,25,0.5,0.6100000000000001,True
ENZ_PAZY_360,PA,6,25,1.0,0.6100000000000001,True
ENZ_PAZY_360,PA,6,35,0.0,0.6100000000000001,True
ENZ_PAZY_360,PA,6,35,0.5,0.6100000000000001,True
ENZ_PAZY_360,PA,6,35,1.0,0.6100000000000001,True
ENZ_PAZY_360,PA,6,45,0.0,0.6100000000000001,True
ENZ_PAZY_360,PA,6,45,0.5,0.6100000000000001,True
ENZ_PAZY_360,PA,6,45,1.0,0.6100000000000001,True
ENZ_PAZY_360,PA,6,55,0.0,0.6100000000000001,True
ENZ_PAZY_360,PA,6,55,0.5,0.6100000000000001,True
ENZ_PAZY_360,PA,6,55,1.0,0.6100000000000001,True
ENZ_PAZY_360,PA,6,65,0.0,0.6100000000000001,True
ENZ_PAZY_360,PA,6,65,0.5,0.6100000000000001,True
ENZ_PAZY_360,PA,6,65,1.0,0.6100000000000001,True
ENZ_PAZY_360,PA,7,25,0.0,0.6100000000000001,True
ENZ_PAZY_360,PA,7,25,0.5,0.6100000000000001,True
ENZ_PAZY_360,PA,7,25,1.0,0.6100000000000001,True
ENZ_PAZY_360,PA,7,35,0.0,0.6100000000000001,True
ENZ_PAZY_360,PA,7,35,0.5,0.6100000000000001,True
ENZ_PAZY_360,PA,7,35,1.0,0.6100000000000001,True
ENZ_PAZY_360,PA,7,45,0.0,0.6100000000000001,True
ENZ_PAZY_360,PA,7,45,0.5,0.6100000000000001,True
ENZ_PAZY_360,PA,7,45,1.0,0.6100000000000001,True
ENZ_PAZY_360,PA,7,55,0.0,0.6100000000000001,True
ENZ_PAZY_360,PA,7,55,0.5,0.6100000000000001,True
ENZ_PAZY_360,PA,7,55,1.0,0.6100000000000001,True
ENZ_PAZY_360,PA,7,65,0.0,0.6100000000000001,True
ENZ_PAZY_360,PA,7,65,0.5,0.6100000000000001,True
ENZ_PAZY_360,PA,7,65,1.0,0.6100000000000001,True
ENZ_PAZY_360,PA,8,25,0.0,0.6100000000000001,True
ENZ_PAZY_360,PA,8,25,0.5,0.6100000000000001,True
ENZ_PAZY_360,PA,8,25,1.0,0.6100000000000001,True
ENZ_PAZY_360,PA,8,35,0.0,0.6100000000000001,True
ENZ_PAZY_360,PA,8,35,0.5,0.6100000000000001,True
ENZ_PAZY_360,PA,8,35,1.0,0.6100000000000001,True
ENZ_PAZY_360,PA,8,45,0.0,0.6100000000000001,True
ENZ_PAZY_360,PA,8,45,0.5,0.6100000000000001,True
ENZ_PAZY_360,PA,8,45,1.0,0.6100000000000001,True
ENZ_PAZY_360,PA,8,55,0.0,0.6100000000000001,True
ENZ_PAZY_360,PA,8,55,0.5,0.6100000000000001,True
ENZ_PAZY_360,PA,8,55,1.0,0.6100000000000001,True
ENZ_PAZY_360,PA,8,65,0.0,0.6100000000000001,True
ENZ_PAZY_360,PA,8,65,0.5,0.6100000000000001,True
ENZ_PAZY_360,PA,8,65,1.0,0.6100000000000001,True
ENZ_PAZY_360,PA,9,25,0.0,0.6100000000000001,True
ENZ_PAZY_360,PA,9,25,0.5,0.6100000000000001,True
ENZ_PAZY_360,PA,9,25,1.0,0.6100000000000001,True
ENZ_PAZY_360,PA,9,35,0.0,0.6100000000000001,True
ENZ_PAZY_360,PA,9,35,0.5,0.6100000000000001,True
ENZ_PAZY_360,PA,9,35,1.0,0.6100000000000001,True
ENZ_PAZY_360,PA,9,45,0.0,0.6100000000000001,True
ENZ_PAZY_360,PA,9,45,0.5,0.6100000000000001,True
ENZ_PAZY_360,PA,9,45,1.0,0.6100000000000001,True
ENZ_PAZY_360,PA,9,55,0.0,0.6100000000000001,True
ENZ_PAZY_360,PA,9,55,0.5,0.6100000000000001,True
ENZ_PAZY_360,PA,9,55,1.0,0.6100000000000001,True
ENZ_PAZY_360,PA,9,65,0.0,0.6100000000000001,True
ENZ_PAZY_360,PA,9,65,0.5,0.6100000000000001,True
ENZ_PAZY_360,PA,9,65,1.0,0.6100000000000001,True
ENZ_PAZY_360,PA,10,25,0.0,0.6100000000000001,True
ENZ_PAZY_360,PA,10,25,0.5,0.6100000000000001,True
ENZ_PAZY_360,PA,10,25,1.0,0.6100000000000001,True
ENZ_PAZY_360,PA,10,35,0.0,0.6100000000000001,True
ENZ_PAZY_360,PA,10,35,0.5,0.6100000000000001,True
ENZ_PAZY_360,PA,10,35,1.0,0.6100000000000001,True
ENZ_PAZY_360,PA,10,45,0.0,0.6100000000000001,True
ENZ_PAZY_360,PA,10,45,0.5,0.6100000000000001,True
ENZ_PAZY_360,PA,10,45,1.0,0.6100000000000001,True
ENZ_PAZY_360,PA,10,55,0.0,0.6100000000000001,True
ENZ_PAZY_360,PA,10,55,0.5,0.6100000000000001,True
ENZ_PAZY_360,PA,10,55,1.0,0.6100000000000001,True
ENZ_PAZY_360,PA,10,65,0.0,0.6100000000000001,True
ENZ_PAZY_360,PA,10,65,0.5,0.6100000000000001,True
ENZ_PAZY_360,PA,10,65,1.0,0.6100000000000001,True
ENZ_PAZY_361,PA,6,25,0.0,0.6100000000000001,True
ENZ_PAZY_361,PA,6,25,0.5,0.6100000000000001,True
ENZ_PAZY_361,PA,6,25,1.0,0.6100000000000001,True
ENZ_PAZY_361,PA,6,35,0.0,0.6100000000000001,True
ENZ_PAZY_361,PA,6,35,0.5,0.6100000000000001,True
ENZ_PAZY_361,PA,6,35,1.0,0.6100000000000001,True
ENZ_PAZY_361,PA,6,45,0.0,0.6100000000000001,True
ENZ_PAZY_361,PA,6,45,0.5,0.6100000000000001,True
ENZ_PAZY_361,PA,6,45,1.0,0.6100000000000001,True
ENZ_PAZY_361,PA,6,55,0.0,0.6100000000000001,True
ENZ_PAZY_361,PA,6,55,0.5,0.6100000000000001,True
ENZ_PAZY_361,PA,6,55,1.0,0.6100000000000001,True
ENZ_PAZY_361,PA,6,65,0.0,0.6100000000000001,True
ENZ_PAZY_361,PA,6,65,0.5,0.6100000000000001,True
ENZ_PAZY_361,PA,6,65,1.0,0.6100000000000001,True
ENZ_PAZY_361,PA,7,25,0.0,0.6100000000000001,True
ENZ_PAZY_361,PA,7,25,0.5,0.6100000000000001,True
ENZ_PAZY_361,PA,7,25,1.0,0.6100000000000001,True
ENZ_PAZY_361,PA,7,35,0.0,0.6100000000000001,True
ENZ_PAZY_361,PA,7,35,0.5,0.6100000000000001,True
ENZ_PAZY_361,PA,7,35,1.0,0.6100000000000001,True
ENZ_PAZY_361,PA,7,45,0.0,0.6100000000000001,True
ENZ_PAZY_361,PA,7,45,0.5,0.6100000000000001,True
ENZ_PAZY_361,PA,7,45,1.0,0.6100000000000001,True
ENZ_PAZY_361,PA,7,55,0.0,0.6100000000000001,True
ENZ_PAZY_361,PA,7,55,0.5,0.6100000000000001,True
ENZ_PAZY_361,PA,7,55,1.0,0.6100000000000001,True
ENZ_PAZY_361,PA,7,65,0.0,0.6100000000000001,True
ENZ_PAZY_361,PA,7,65,0.5,0.6100000000000001,True
ENZ_PAZY_361,PA,7,65,1.0,0.6100000000000001,True
ENZ_PAZY_361,PA,8,25,0.0,0.6100000000000001,True
ENZ_PAZY_361,PA,8,25,0.5,0.6100000000000001,True
ENZ_PAZY_361,PA,8,25,1.0,0.6100000000000001,True
ENZ_PAZY_361,PA,8,35,0.0,0.6100000000000001,True
ENZ_PAZY_361,PA,8,35,0.5,0.6100000000000001,True
ENZ_PAZY_361,PA,8,35,1.0,0.6100000000000001,True
ENZ_PAZY_361,PA,8,45,0.0,0.6100000000000001,True
ENZ_PAZY_361,PA,8,45,0.5,0.6100000000000001,True
ENZ_PAZY_361,PA,8,45,1.0,0.6100000000000001,True
ENZ_PAZY_361,PA,8,55,0.0,0.6100000000000001,True
ENZ_PAZY_361,PA,8,55,0.5,0.6100000000000001,True
ENZ_PAZY_361,PA,8,55,1.0,0.6100000000000001,True
ENZ_PAZY_361,PA,8,65,0.0,0.6100000000000001,True
ENZ_PAZY_361,PA,8,65,0.5,0.6100000000000001,True
ENZ_PAZY_361,PA,8,65,1.0,0.6100000000000001,True
ENZ_PAZY_361,PA,9,25,0.0,0.6100000000000001,True
ENZ_PAZY_361,PA,9,25,0.5,0.6100000000000001,True
ENZ_PAZY_361,PA,9,25,1.0,0.6100000000000001,True
ENZ_PAZY_361,PA,9,35,0.0,0.6100000000000001,True
ENZ_PAZY_361,PA,9,35,0.5,0.6100000000000001,True
ENZ_PAZY_361,PA,9,35,1.0,0.6100000000000001,True
ENZ_PAZY_361,PA,9,45,0.0,0.6100000000000001,True
ENZ_PAZY_361,PA,9,45,0.5,0.6100000000000001,True
ENZ_PAZY_361,PA,9,45,1.0,0.6100000000000001,True
ENZ_PAZY_361,PA,9,55,0.0,0.6100000000000001,True
ENZ_PAZY_361,PA,9,55,0.5,0.6100000000000001,True
ENZ_PAZY_361,PA,9,55,1.0,0.6100000000000001,True
ENZ_PAZY_361,PA,9,65,0.0,0.6100000000000001,True
ENZ_PAZY_361,PA,9,65,0.5,0.6100000000000001,True
ENZ_PAZY_361,PA,9,65,1.0,0.6100000000000001,True
ENZ_PAZY_361,PA,10,25,0.0,0.6100000000000001,True
ENZ_PAZY_361,PA,10,25,0.5,0.6100000000000001,True
ENZ_PAZY_361,PA,10,25,1.0,0.6100000000000001,True
ENZ_PAZY_361,PA,10,35,0.0,0.6100000000000001,True
ENZ_PAZY_361,PA,10,35,0.5,0.6100000000000001,True
ENZ_PAZY_361,PA,10,35,1.0,0.6100000000000001,True
ENZ_PAZY_361,PA,10,45,0.0,0.6100000000000001,True
ENZ_PAZY_361,PA,10,45,0.5,0.6100000000000001,True
ENZ_PAZY_361,PA,10,45,1.0,0.6100000000000001,True
ENZ_PAZY_361,PA,10,55,0.0,0.6100000000000001,True
ENZ_PAZY_361,PA,10,55,0.5,0.6100000000000001,True
ENZ_PAZY_361,PA,10,55,1.0,0.6100000000000001,True
ENZ_PAZY_361,PA,10,65,0.0,0.6100000000000001,True
ENZ_PAZY_361,PA,10,65,0.5,0.6100000000000001,True
ENZ_PAZY_361,PA,10,65,1.0,0.6100000000000001,True
ENZ_PAZY_362,PA,6,25,0.0,0.6100000000000001,True
ENZ_PAZY_362,PA,6,25,0.5,0.6100000000000001,True
ENZ_PAZY_362,PA,6,25,1.0,0.6100000000000001,True
ENZ_PAZY_362,PA,6,35,0.0,0.6100000000000001,True
ENZ_PAZY_362,PA,6,35,0.5,0.6100000000000001,True
ENZ_PAZY_362,PA,6,35,1.0,0.6100000000000001,True
ENZ_PAZY_362,PA,6,45,0.0,0.6100000000000001,True
ENZ_PAZY_362,PA,6,45,0.5,0.6100000000000001,True
ENZ_PAZY_362,PA,6,45,1.0,0.6100000000000001,True
ENZ_PAZY_362,PA,6,55,0.0,0.6100000000000001,True
ENZ_PAZY_362,PA,6,55,0.5,0.6100000000000001,True
ENZ_PAZY_362,PA,6,55,1.0,0.6100000000000001,True
ENZ_PAZY_362,PA,6,65,0.0,0.6100000000000001,True
ENZ_PAZY_362,PA,6,65,0.5,0.6100000000000001,True
ENZ_PAZY_362,PA,6,65,1.0,0.6100000000000001,True
ENZ_PAZY_362,PA,7,25,0.0,0.6100000000000001,True
ENZ_PAZY_362,PA,7,25,0.5,0.6100000000000001,True
ENZ_PAZY_362,PA,7,25,1.0,0.6100000000000001,True
ENZ_PAZY_362,PA,7,35,0.0,0.6100000000000001,True
ENZ_PAZY_362,PA,7,35,0.5,0.6100000000000001,True
ENZ_PAZY_362,PA,7,35,1.0,0.6100000000000001,True
ENZ_PAZY_362,PA,7,45,0.0,0.6100000000000001,True
ENZ_PAZY_362,PA,7,45,0.5,0.6100000000000001,True
ENZ_PAZY_362,PA,7,45,1.0,0.6100000000000001,True
ENZ_PAZY_362,PA,7,55,0.0,0.6100000000000001,True
ENZ_PAZY_362,PA,7,55,0.5,0.6100000000000001,True
ENZ_PAZY_362,PA,7,55,1.0,0.6100000000000001,True
ENZ_PAZY_362,PA,7,65,0.0,0.6100000000000001,True
ENZ_PAZY_362,PA,7,65,0.5,0.6100000000000001,True
ENZ_PAZY_362,PA,7,65,1.0,0.6100000000000001,True
ENZ_PAZY_362,PA,8,25,0.0,0.6100000000000001,True
ENZ_PAZY_362,PA,8,25,0.5,0.6100000000000001,True
ENZ_PAZY_362,PA,8,25,1.0,0.6100000000000001,True
ENZ_PAZY_362,PA,8,35,0.0,0.6100000000000001,True
ENZ_PAZY_362,PA,8,35,0.5,0.6100000000000001,True
ENZ_PAZY_362,PA,8,35,1.0,0.6100000000000001,True
ENZ_PAZY_362,PA,8,45,0.0,0.6100000000000001,True
ENZ_PAZY_362,PA,8,45,0.5,0.6100000000000001,True
ENZ_PAZY_362,PA,8,45,1.0,0.6100000000000001,True
ENZ_PAZY_362,PA,8,55,0.0,0.6100000000000001,True
ENZ_PAZY_362,PA,8,55,0.5,0.6100000000000001,True
ENZ_PAZY_362,PA,8,55,1.0,0.6100000000000001,True
ENZ_PAZY_362,PA,8,65,0.0,0.6100000000000001,True
ENZ_PAZY_362,PA,8,65,0.5,0.6100000000000001,True
ENZ_PAZY_362,PA,8,65,1.0,0.6100000000000001,True
ENZ_PAZY_362,PA,9,25,0.0,0.6100000000000001,True
ENZ_PAZY_362,PA,9,25,0.5,0.6100000000000001,True
ENZ_PAZY_362,PA,9,25,1.0,0.6100000000000001,True
ENZ_PAZY_362,PA,9,35,0.0,0.6100000000000001,True
ENZ_PAZY_362,PA,9,35,0.5,0.6100000000000001,True
ENZ_PAZY_362,PA,9,35,1.0,0.6100000000000001,True
ENZ_PAZY_362,PA,9,45,0.0,0.6100000000000001,True
ENZ_PAZY_362,PA,9,45,0.5,0.6100000000000001,True
ENZ_PAZY_362,PA,9,45,1.0,0.6100000000000001,True
ENZ_PAZY_362,PA,9,55,0.0,0.6100000000000001,True
ENZ_PAZY_362,PA,9,55,0.5,0.6100000000000001,True
ENZ_PAZY_362,PA,9,55,1.0,0.6100000000000001,True
ENZ_PAZY_362,PA,9,65,0.0,0.6100000000000001,True
ENZ_PAZY_362,PA,9,65,0.5,0.6100000000000001,True
ENZ_PAZY_362,PA,9,65,1.0,0.6100000000000001,True
ENZ_PAZY_362,PA,10,25,0.0,0.6100000000000001,True
ENZ_PAZY_362,PA,10,25,0.5,0.6100000000000001,True
ENZ_PAZY_362,PA,10,25,1.0,0.6100000000000001,True
ENZ_PAZY_362,PA,10,35,0.0,0.6100000000000001,True
ENZ_PAZY_362,PA,10,35,0.5,0.6100000000000001,True
ENZ_PAZY_362,PA,10,35,1.0,0.6100000000000001,True
ENZ_PAZY_362,PA,10,45,0.0,0.6100000000000001,True
ENZ_PAZY_362,PA,10,45,0.5,0.6100000000000001,True
ENZ_PAZY_362,PA,10,45,1.0,0.6100000000000001,True
ENZ_PAZY_362,PA,10,55,0.0,0.6100000000000001,True
ENZ_PAZY_362,PA,10,55,0.5,0.6100000000000001,True
ENZ_PAZY_362,PA,10,55,1.0,0.6100000000000001,True
ENZ_PAZY_362,PA,10,65,0.0,0.6100000000000001,True
ENZ_PAZY_362,PA,10,65,0.5,0.6100000000000001,True
ENZ_PAZY_362,PA,10,65,1.0,0.6100000000000001,True
ENZ_PAZY_363,PA,6,25,0.0,0.6100000000000001,True
ENZ_PAZY_363,PA,6,25,0.5,0.6100000000000001,True
ENZ_PAZY_363,PA,6,25,1.0,0.6100000000000001,True
ENZ_PAZY_363,PA,6,35,0.0,0.6100000000000001,True
ENZ_PAZY_363,PA,6,35,0.5,0.6100000000000001,True
ENZ_PAZY_363,PA,6,35,1.0,0.6100000000000001,True
ENZ_PAZY_363,PA,6,45,0.0,0.6100000000000001,True
ENZ_PAZY_363,PA,6,45,0.5,0.6100000000000001,True
ENZ_PAZY_363,PA,6,45,1.0,0.6100000000000001,True
ENZ_PAZY_363,PA,6,55,0.0,0.6100000000000001,True
ENZ_PAZY_363,PA,6,55,0.5,0.6100000000000001,True
ENZ_PAZY_363,PA,6,55,1.0,0.6100000000000001,True
ENZ_PAZY_363,PA,6,65,0.0,0.6100000000000001,True
ENZ_PAZY_363,PA,6,65,0.5,0.6100000000000001,True
ENZ_PAZY_363,PA,6,65,1.0,0.6100000000000001,True
ENZ_PAZY_363,PA,7,25,0.0,0.6100000000000001,True
ENZ_PAZY_363,PA,7,25,0.5,0.6100000000000001,True
ENZ_PAZY_363,PA,7,25,1.0,0.6100000000000001,True
ENZ_PAZY_363,PA,7,35,0.0,0.6100000000000001,True
ENZ_PAZY_363,PA,7,35,0.5,0.6100000000000001,True
ENZ_PAZY_363,PA,7,35,1.0,0.6100000000000001,True
ENZ_PAZY_363,PA,7,45,0.0,0.6100000000000001,True
ENZ_PAZY_363,PA,7,45,0.5,0.6100000000000001,True
ENZ_PAZY_363,PA,7,45,1.0,0.6100000000000001,True
ENZ_PAZY_363,PA,7,55,0.0,0.6100000000000001,True
ENZ_PAZY_363,PA,7,55,0.5,0.6100000000000001,True
ENZ_PAZY_363,PA,7,55,1.0,0.6100000000000001,True
ENZ_PAZY_363,PA,7,65,0.0,0.6100000000000001,True
ENZ_PAZY_363,PA,7,65,0.5,0.6100000000000001,True
ENZ_PAZY_363,PA,7,65,1.0,0.6100000000000001,True
ENZ_PAZY_363,PA,8,25,0.0,0.6100000000000001,True
ENZ_PAZY_363,PA,8,25,0.5,0.6100000000000001,True
ENZ_PAZY_363,PA,8,25,1.0,0.6100000000000001,True
ENZ_PAZY_363,PA,8,35,0.0,0.6100000000000001,True
ENZ_PAZY_363,PA,8,35,0.5,0.6100000000000001,True
ENZ_PAZY_363,PA,8,35,1.0,0.6100000000000001,True
ENZ_PAZY_363,PA,8,45,0.0,0.6100000000000001,True
ENZ_PAZY_363,PA,8,45,0.5,0.6100000000000001,True
ENZ_PAZY_363,PA,8,45,1.0,0.6100000000000001,True
ENZ_PAZY_363,PA,8,55,0.0,0.6100000000000001,True
ENZ_PAZY_363,PA,8,55,0.5,0.6100000000000001,True
ENZ_PAZY_363,PA,8,55,1.0,0.6100000000000001,True
ENZ_PAZY_363,PA,8,65,0.0,0.6100000000000001,True
ENZ_PAZY_363,PA,8,65,0.5,0.6100000000000001,True
ENZ_PAZY_363,PA,8,65,1.0,0.6100000000000001,True
ENZ_PAZY_363,PA,9,25,0.0,0.6100000000000001,True
ENZ_PAZY_363,PA,9,25,0.5,0.6100000000000001,True
ENZ_PAZY_363,PA,9,25,1.0,0.6100000000000001,True
ENZ_PAZY_363,PA,9,35,0.0,0.6100000000000001,True
ENZ_PAZY_363,PA,9,35,0.5,0.6100000000000001,True
ENZ_PAZY_363,PA,9,35,1.0,0.6100000000000001,True
ENZ_PAZY_363,PA,9,45,0.0,0.6100000000000001,True
ENZ_PAZY_363,PA,9,45,0.5,0.6100000000000001,True
ENZ_PAZY_363,PA,9,45,1.0,0.6100000000000001,True
ENZ_PAZY_363,PA,9,55,0.0,0.6100000000000001,True
ENZ_PAZY_363,PA,9,55,0.5,0.6100000000000001,True
ENZ_PAZY_363,PA,9,55,1.0,0.6100000000000001,True
ENZ_PAZY_363,PA,9,65,0.0,0.6100000000000001,True
ENZ_PAZY_363,PA,9,65,0.5,0.6100000000000001,True
ENZ_PAZY_363,PA,9,65,1.0,0.6100000000000001,True
ENZ_PAZY_363,PA,10,25,0.0,0.6100000000000001,True
ENZ_PAZY_363,PA,10,25,0.5,0.6100000000000001,True
ENZ_PAZY_363,PA,10,25,1.0,0.6100000000000001,True
ENZ_PAZY_363,PA,10,35,0.0,0.6100000000000001,True
ENZ_PAZY_363,PA,10,35,0.5,0.6100000000000001,True
ENZ_PAZY_363,PA,10,35,1.0,0.6100000000000001,True
ENZ_PAZY_363,PA,10,45,0.0,0.6100000000000001,True
ENZ_PAZY_363,PA,10,45,0.5,0.6100000000000001,True
ENZ_PAZY_363,PA,10,45,1.0,0.6100000000000001,True
ENZ_PAZY_363,PA,10,55,0.0,0.6100000000000001,True
ENZ_PAZY_363,PA,10,55,0.5,0.6100000000000001,True
ENZ_PAZY_363,PA,10,55,1.0,0.6100000000000001,True
ENZ_PAZY_363,PA,10,65,0.0,0.6100000000000001,True
ENZ_PAZY_363,PA,10,65,0.5,0.6100000000000001,True
ENZ_PAZY_363,PA,10,65,1.0,0.6100000000000001,True
ENZ_PAZY_364,PA,6,25,0.0,0.6100000000000001,True
ENZ_PAZY_364,PA,6,25,0.5,0.6100000000000001,True
ENZ_PAZY_364,PA,6,25,1.0,0.6100000000000001,True
ENZ_PAZY_364,PA,6,35,0.0,0.6100000000000001,True
ENZ_PAZY_364,PA,6,35,0.5,0.6100000000000001,True
ENZ_PAZY_364,PA,6,35,1.0,0.6100000000000001,True
ENZ_PAZY_364,PA,6,45,0.0,0.6100000000000001,True
ENZ_PAZY_364,PA,6,45,0.5,0.6100000000000001,True
ENZ_PAZY_364,PA,6,45,1.0,0.6100000000000001,True
ENZ_PAZY_364,PA,6,55,0.0,0.6100000000000001,True
ENZ_PAZY_364,PA,6,55,0.5,0.6100000000000001,True
ENZ_PAZY_364,PA,6,55,1.0,0.6100000000000001,True
ENZ_PAZY_364,PA,6,65,0.0,0.6100000000000001,True
ENZ_PAZY_364,PA,6,65,0.5,0.6100000000000001,True
ENZ_PAZY_364,PA,6,65,1.0,0.6100000000000001,True
ENZ_PAZY_364,PA,7,25,0.0,0.6100000000000001,True
ENZ_PAZY_364,PA,7,25,0.5,0.6100000000000001,True
ENZ_PAZY_364,PA,7,25,1.0,0.6100000000000001,True
ENZ_PAZY_364,PA,7,35,0.0,0.6100000000000001,True
ENZ_PAZY_364,PA,7,35,0.5,0.6100000000000001,True
ENZ_PAZY_364,PA,7,35,1.0,0.6100000000000001,True
ENZ_PAZY_364,PA,7,45,0.0,0.6100000000000001,True
ENZ_PAZY_364,PA,7,45,0.5,0.6100000000000001,True
ENZ_PAZY_364,PA,7,45,1.0,0.6100000000000001,True
ENZ_PAZY_364,PA,7,55,0.0,0.6100000000000001,True
ENZ_PAZY_364,PA,7,55,0.5,0.6100000000000001,True
ENZ_PAZY_364,PA,7,55,1.0,0.6100000000000001,True
ENZ_PAZY_364,PA,7,65,0.0,0.6100000000000001,True
ENZ_PAZY_364,PA,7,65,0.5,0.6100000000000001,True
ENZ_PAZY_364,PA,7,65,1.0,0.6100000000000001,True
ENZ_PAZY_364,PA,8,25,0.0,0.6100000000000001,True
ENZ_PAZY_364,PA,8,25,0.5,0.6100000000000001,True
ENZ_PAZY_364,PA,8,25,1.0,0.6100000000000001,True
ENZ_PAZY_364,PA,8,35,0.0,0.6100000000000001,True
ENZ_PAZY_364,PA,8,35,0.5,0.6100000000000001,True
ENZ_PAZY_364,PA,8,35,1.0,0.6100000000000001,True
ENZ_PAZY_364,PA,8,45,0.0,0.6100000000000001,True
ENZ_PAZY_364,PA,8,45,0.5,0.6100000000000001,True
ENZ_PAZY_364,PA,8,45,1.0,0.6100000000000001,True
ENZ_PAZY_364,PA,8,55,0.0,0.6100000000000001,True
ENZ_PAZY_364,PA,8,55,0.5,0.6100000000000001,True
ENZ_PAZY_364,PA,8,55,1.0,0.6100000000000001,True
ENZ_PAZY_364,PA,8,65,0.0,0.6100000000000001,True
ENZ_PAZY_364,PA,8,65,0.5,0.6100000000000001,True
ENZ_PAZY_364,PA,8,65,1.0,0.6100000000000001,True
ENZ_PAZY_364,PA,9,25,0.0,0.6100000000000001,True
ENZ_PAZY_364,PA,9,25,0.5,0.6100000000000001,True
ENZ_PAZY_364,PA,9,25,1.0,0.6100000000000001,True
ENZ_PAZY_364,PA,9,35,0.0,0.6100000000000001,True
ENZ_PAZY_364,PA,9,35,0.5,0.6100000000000001,True
ENZ_PAZY_364,PA,9,35,1.0,0.6100000000000001,True
ENZ_PAZY_364,PA,9,45,0.0,0.6100000000000001,True
ENZ_PAZY_364,PA,9,45,0.5,0.6100000000000001,True
ENZ_PAZY_364,PA,9,45,1.0,0.6100000000000001,True
ENZ_PAZY_364,PA,9,55,0.0,0.6100000000000001,True
ENZ_PAZY_364,PA,9,55,0.5,0.6100000000000001,True
ENZ_PAZY_364,PA,9,55,1.0,0.6100000000000001,True
ENZ_PAZY_364,PA,9,65,0.0,0.6100000000000001,True
ENZ_PAZY_364,PA,9,65,0.5,0.6100000000000001,True
ENZ_PAZY_364,PA,9,65,1.0,0.6100000000000001,True
ENZ_PAZY_364,PA,10,25,0.0,0.6100000000000001,True
ENZ_PAZY_364,PA,10,25,0.5,0.6100000000000001,True
ENZ_PAZY_364,PA,10,25,1.0,0.6100000000000001,True
ENZ_PAZY_364,PA,10,35,0.0,0.6100000000000001,True
ENZ_PAZY_364,PA,10,35,0.5,0.6100000000000001,True
ENZ_PAZY_364,PA,10,35,1.0,0.6100000000000001,True
ENZ_PAZY_364,PA,10,45,0.0,0.6100000000000001,True
ENZ_PAZY_364,PA,10,45,0.5,0.6100000000000001,True
ENZ_PAZY_364,PA,10,45,1.0,0.6100000000000001,True
ENZ_PAZY_364,PA,10,55,0.0,0.6100000000000001,True
ENZ_PAZY_364,PA,10,55,0.5,0.6100000000000001,True
ENZ_PAZY_364,PA,10,55,1.0,0.6100000000000001,True
ENZ_PAZY_364,PA,10,65,0.0,0.6100000000000001,True
ENZ_PAZY_364,PA,10,65,0.5,0.6100000000000001,True
ENZ_PAZY_364,PA,10,65,1.0,0.6100000000000001,True
ENZ_PAZY_365,PA,6,25,0.0,0.6100000000000001,True
ENZ_PAZY_365,PA,6,25,0.5,0.6100000000000001,True
ENZ_PAZY_365,PA,6,25,1.0,0.6100000000000001,True
ENZ_PAZY_365,PA,6,35,0.0,0.6100000000000001,True
ENZ_PAZY_365,PA,6,35,0.5,0.6100000000000001,True
ENZ_PAZY_365,PA,6,35,1.0,0.6100000000000001,True
ENZ_PAZY_365,PA,6,45,0.0,0.6100000000000001,True
ENZ_PAZY_365,PA,6,45,0.5,0.6100000000000001,True
ENZ_PAZY_365,PA,6,45,1.0,0.6100000000000001,True
ENZ_PAZY_365,PA,6,55,0.0,0.6100000000000001,True
ENZ_PAZY_365,PA,6,55,0.5,0.6100000000000001,True
ENZ_PAZY_365,PA,6,55,1.0,0.6100000000000001,True
ENZ_PAZY_365,PA,6,65,0.0,0.6100000000000001,True
ENZ_PAZY_365,PA,6,65,0.5,0.6100000000000001,True
ENZ_PAZY_365,PA,6,65,1.0,0.6100000000000001,True
ENZ_PAZY_365,PA,7,25,0.0,0.6100000000000001,True
ENZ_PAZY_365,PA,7,25,0.5,0.6100000000000001,True
ENZ_PAZY_365,PA,7,25,1.0,0.6100000000000001,True
ENZ_PAZY_365,PA,7,35,0.0,0.6100000000000001,True
ENZ_PAZY_365,PA,7,35,0.5,0.6100000000000001,True
ENZ_PAZY_365,PA,7,35,1.0,0.6100000000000001,True
ENZ_PAZY_365,PA,7,45,0.0,0.6100000000000001,True
ENZ_PAZY_365,PA,7,45,0.5,0.6100000000000001,True
ENZ_PAZY_365,PA,7,45,1.0,0.6100000000000001,True
ENZ_PAZY_365,PA,7,55,0.0,0.6100000000000001,True
ENZ_PAZY_365,PA,7,55,0.5,0.6100000000000001,True
ENZ_PAZY_365,PA,7,55,1.0,0.6100000000000001,True
ENZ_PAZY_365,PA,7,65,0.0,0.6100000000000001,True
ENZ_PAZY_365,PA,7,65,0.5,0.6100000000000001,True
ENZ_PAZY_365,PA,7,65,1.0,0.6100000000000001,True
ENZ_PAZY_365,PA,8,25,0.0,0.6100000000000001,True
ENZ_PAZY_365,PA,8,25,0.5,0.6100000000000001,True
ENZ_PAZY_365,PA,8,25,1.0,0.6100000000000001,True
ENZ_PAZY_365,PA,8,35,0.0,0.6100000000000001,True
ENZ_PAZY_365,PA,8,35,0.5,0.6100000000000001,True
ENZ_PAZY_365,PA,8,35,1.0,0.6100000000000001,True
ENZ_PAZY_365,PA,8,45,0.0,0.6100000000000001,True
ENZ_PAZY_365,PA,8,45,0.5,0.6100000000000001,True
ENZ_PAZY_365,PA,8,45,1.0,0.6100000000000001,True
ENZ_PAZY_365,PA,8,55,0.0,0.6100000000000001,True
ENZ_PAZY_365,PA,8,55,0.5,0.6100000000000001,True
ENZ_PAZY_365,PA,8,55,1.0,0.6100000000000001,True
ENZ_PAZY_365,PA,8,65,0.0,0.6100000000000001,True
ENZ_PAZY_365,PA,8,65,0.5,0.6100000000000001,True
ENZ_PAZY_365,PA,8,65,1.0,0.6100000000000001,True
ENZ_PAZY_365,PA,9,25,0.0,0.6100000000000001,True
ENZ_PAZY_365,PA,9,25,0.5,0.6100000000000001,True
ENZ_PAZY_365,PA,9,25,1.0,0.6100000000000001,True
ENZ_PAZY_365,PA,9,35,0.0,0.6100000000000001,True
ENZ_PAZY_365,PA,9,35,0.5,0.6100000000000001,True
ENZ_PAZY_365,PA,9,35,1.0,0.6100000000000001,True
ENZ_PAZY_365,PA,9,45,0.0,0.6100000000000001,True
ENZ_PAZY_365,PA,9,45,0.5,0.6100000000000001,True
ENZ_PAZY_365,PA,9,45,1.0,0.6100000000000001,True
ENZ_PAZY_365,PA,9,55,0.0,0.6100000000000001,True
ENZ_PAZY_365,PA,9,55,0.5,0.6100000000000001,True
ENZ_PAZY_365,PA,9,55,1.0,0.6100000000000001,True
ENZ_PAZY_365,PA,9,65,0.0,0.6100000000000001,True
ENZ_PAZY_365,PA,9,65,0.5,0.6100000000000001,True
ENZ_PAZY_365,PA,9,65,1.0,0.6100000000000001,True
ENZ_PAZY_365,PA,10,25,0.0,0.6100000000000001,True
ENZ_PAZY_365,PA,10,25,0.5,0.6100000000000001,True
ENZ_PAZY_365,PA,10,25,1.0,0.6100000000000001,True
ENZ_PAZY_365,PA,10,35,0.0,0.6100000000000001,True
ENZ_PAZY_365,PA,10,35,0.5,0.6100000000000001,True
ENZ_PAZY_365,PA,10,35,1.0,0.6100000000000001,True
ENZ_PAZY_365,PA,10,45,0.0,0.6100000000000001,True
ENZ_PAZY_365,PA,10,45,0.5,0.6100000000000001,True
ENZ_PAZY_365,PA,10,45,1.0,0.6100000000000001,True
ENZ_PAZY_365,PA,10,55,0.0,0.6100000000000001,True
ENZ_PAZY_365,PA,10,55,0.5,0.6100000000000001,True
ENZ_PAZY_365,PA,10,55,1.0,0.6100000000000001,True
ENZ_PAZY_365,PA,10,65,0.0,0.6100000000000001,True
ENZ_PAZY_365,PA,10,65,0.5,0.6100000000000001,True
ENZ_PAZY_365,PA,10,65,1.0,0.6100000000000001,True
ENZ_PAZY_366,PA,6,25,0.0,0.6100000000000001,True
ENZ_PAZY_366,PA,6,25,0.5,0.6100000000000001,True
ENZ_PAZY_366,PA,6,25,1.0,0.6100000000000001,True
ENZ_PAZY_366,PA,6,35,0.0,0.6100000000000001,True
ENZ_PAZY_366,PA,6,35,0.5,0.6100000000000001,True
ENZ_PAZY_366,PA,6,35,1.0,0.6100000000000001,True
ENZ_PAZY_366,PA,6,45,0.0,0.6100000000000001,True
ENZ_PAZY_366,PA,6,45,0.5,0.6100000000000001,True
ENZ_PAZY_366,PA,6,45,1.0,0.6100000000000001,True
ENZ_PAZY_366,PA,6,55,0.0,0.6100000000000001,True
ENZ_PAZY_366,PA,6,55,0.5,0.6100000000000001,True
ENZ_PAZY_366,PA,6,55,1.0,0.6100000000000001,True
ENZ_PAZY_366,PA,6,65,0.0,0.6100000000000001,True
ENZ_PAZY_366,PA,6,65,0.5,0.6100000000000001,True
ENZ_PAZY_366,PA,6,65,1.0,0.6100000000000001,True
ENZ_PAZY_366,PA,7,25,0.0,0.6100000000000001,True
ENZ_PAZY_366,PA,7,25,0.5,0.6100000000000001,True
ENZ_PAZY_366,PA,7,25,1.0,0.6100000000000001,True
ENZ_PAZY_366,PA,7,35,0.0,0.6100000000000001,True
ENZ_PAZY_366,PA,7,35,0.5,0.6100000000000001,True
ENZ_PAZY_366,PA,7,35,1.0,0.6100000000000001,True
ENZ_PAZY_366,PA,7,45,0.0,0.6100000000000001,True
ENZ_PAZY_366,PA,7,45,0.5,0.6100000000000001,True
ENZ_PAZY_366,PA,7,45,1.0,0.6100000000000001,True
ENZ_PAZY_366,PA,7,55,0.0,0.6100000000000001,True
ENZ_PAZY_366,PA,7,55,0.5,0.6100000000000001,True
ENZ_PAZY_366,PA,7,55,1.0,0.6100000000000001,True
ENZ_PAZY_366,PA,7,65,0.0,0.6100000000000001,True
ENZ_PAZY_366,PA,7,65,0.5,0.6100000000000001,True
ENZ_PAZY_366,PA,7,65,1.0,0.6100000000000001,True
ENZ_PAZY_366,PA,8,25,0.0,0.6100000000000001,True
ENZ_PAZY_366,PA,8,25,0.5,0.6100000000000001,True
ENZ_PAZY_366,PA,8,25,1.0,0.6100000000000001,True
ENZ_PAZY_366,PA,8,35,0.0,0.6100000000000001,True
ENZ_PAZY_366,PA,8,35,0.5,0.6100000000000001,True
ENZ_PAZY_366,PA,8,35,1.0,0.6100000000000001,True
ENZ_PAZY_366,PA,8,45,0.0,0.6100000000000001,True
ENZ_PAZY_366,PA,8,45,0.5,0.6100000000000001,True
ENZ_PAZY_366,PA,8,45,1.0,0.6100000000000001,True
ENZ_PAZY_366,PA,8,55,0.0,0.6100000000000001,True
ENZ_PAZY_366,PA,8,55,0.5,0.6100000000000001,True
ENZ_PAZY_366,PA,8,55,1.0,0.6100000000000001,True
ENZ_PAZY_366,PA,8,65,0.0,0.6100000000000001,True
ENZ_PAZY_366,PA,8,65,0.5,0.6100000000000001,True
ENZ_PAZY_366,PA,8,65,1.0,0.6100000000000001,True
ENZ_PAZY_366,PA,9,25,0.0,0.6100000000000001,True
ENZ_PAZY_366,PA,9,25,0.5,0.6100000000000001,True
ENZ_PAZY_366,PA,9,25,1.0,0.6100000000000001,True
ENZ_PAZY_366,PA,9,35,0.0,0.6100000000000001,True
ENZ_PAZY_366,PA,9,35,0.5,0.6100000000000001,True
ENZ_PAZY_366,PA,9,35,1.0,0.6100000000000001,True
ENZ_PAZY_366,PA,9,45,0.0,0.6100000000000001,True
ENZ_PAZY_366,PA,9,45,0.5,0.6100000000000001,True
ENZ_PAZY_366,PA,9,45,1.0,0.6100000000000001,True
ENZ_PAZY_366,PA,9,55,0.0,0.6100000000000001,True
ENZ_PAZY_366,PA,9,55,0.5,0.6100000000000001,True
ENZ_PAZY_366,PA,9,55,1.0,0.6100000000000001,True
ENZ_PAZY_366,PA,9,65,0.0,0.6100000000000001,True
ENZ_PAZY_366,PA,9,65,0.5,0.6100000000000001,True
ENZ_PAZY_366,PA,9,65,1.0,0.6100000000000001,True
ENZ_PAZY_366,PA,10,25,0.0,0.6100000000000001,True
ENZ_PAZY_366,PA,10,25,0.5,0.6100000000000001,True
ENZ_PAZY_366,PA,10,25,1.0,0.6100000000000001,True
ENZ_PAZY_366,PA,10,35,0.0,0.6100000000000001,True
ENZ_PAZY_366,PA,10,35,0.5,0.6100000000000001,True
ENZ_PAZY_366,PA,10,35,1.0,0.6100000000000001,True
ENZ_PAZY_366,PA,10,45,0.0,0.6100000000000001,True
ENZ_PAZY_366,PA,10,45,0.5,0.6100000000000001,True
ENZ_PAZY_366,PA,10,45,1.0,0.6100000000000001,True
ENZ_PAZY_366,PA,10,55,0.0,0.6100000000000001,True
ENZ_PAZY_366,PA,10,55,0.5,0.6100000000000001,True
ENZ_PAZY_366,PA,10,55,1.0,0.6100000000000001,True
ENZ_PAZY_366,PA,10,65,0.0,0.6100000000000001,True
ENZ_PAZY_366,PA,10,65,0.5,0.6100000000000001,True
ENZ_PAZY_366,PA,10,65,1.0,0.6100000000000001,True
ENZ_PAZY_367,PA,6,25,0.0,0.6100000000000001,True
ENZ_PAZY_367,PA,6,25,0.5,0.6100000000000001,True
ENZ_PAZY_367,PA,6,25,1.0,0.6100000000000001,True
ENZ_PAZY_367,PA,6,35,0.0,0.6100000000000001,True
ENZ_PAZY_367,PA,6,35,0.5,0.6100000000000001,True
ENZ_PAZY_367,PA,6,35,1.0,0.6100000000000001,True
ENZ_PAZY_367,PA,6,45,0.0,0.6100000000000001,True
ENZ_PAZY_367,PA,6,45,0.5,0.6100000000000001,True
ENZ_PAZY_367,PA,6,45,1.0,0.6100000000000001,True
ENZ_PAZY_367,PA,6,55,0.0,0.6100000000000001,True
ENZ_PAZY_367,PA,6,55,0.5,0.6100000000000001,True
ENZ_PAZY_367,PA,6,55,1.0,0.6100000000000001,True
ENZ_PAZY_367,PA,6,65,0.0,0.6100000000000001,True
ENZ_PAZY_367,PA,6,65,0.5,0.6100000000000001,True
ENZ_PAZY_367,PA,6,65,1.0,0.6100000000000001,True
ENZ_PAZY_367,PA,7,25,0.0,0.6100000000000001,True
ENZ_PAZY_367,PA,7,25,0.5,0.6100000000000001,True
ENZ_PAZY_367,PA,7,25,1.0,0.6100000000000001,True
ENZ_PAZY_367,PA,7,35,0.0,0.6100000000000001,True
ENZ_PAZY_367,PA,7,35,0.5,0.6100000000000001,True
ENZ_PAZY_367,PA,7,35,1.0,0.6100000000000001,True
ENZ_PAZY_367,PA,7,45,0.0,0.6100000000000001,True
ENZ_PAZY_367,PA,7,45,0.5,0.6100000000000001,True
ENZ_PAZY_367,PA,7,45,1.0,0.6100000000000001,True
ENZ_PAZY_367,PA,7,55,0.0,0.6100000000000001,True
ENZ_PAZY_367,PA,7,55,0.5,0.6100000000000001,True
ENZ_PAZY_367,PA,7,55,1.0,0.6100000000000001,True
ENZ_PAZY_367,PA,7,65,0.0,0.6100000000000001,True
ENZ_PAZY_367,PA,7,65,0.5,0.6100000000000001,True
ENZ_PAZY_367,PA,7,65,1.0,0.6100000000000001,True
ENZ_PAZY_367,PA,8,25,0.0,0.6100000000000001,True
ENZ_PAZY_367,PA,8,25,0.5,0.6100000000000001,True
ENZ_PAZY_367,PA,8,25,1.0,0.6100000000000001,True
ENZ_PAZY_367,PA,8,35,0.0,0.6100000000000001,True
ENZ_PAZY_367,PA,8,35,0.5,0.6100000000000001,True
ENZ_PAZY_367,PA,8,35,1.0,0.6100000000000001,True
ENZ_PAZY_367,PA,8,45,0.0,0.6100000000000001,True
ENZ_PAZY_367,PA,8,45,0.5,0.6100000000000001,True
ENZ_PAZY_367,PA,8,45,1.0,0.6100000000000001,True
ENZ_PAZY_367,PA,8,55,0.0,0.6100000000000001,True
ENZ_PAZY_367,PA,8,55,0.5,0.6100000000000001,True
ENZ_PAZY_367,PA,8,55,1.0,0.6100000000000001,True
ENZ_PAZY_367,PA,8,65,0.0,0.6100000000000001,True
ENZ_PAZY_367,PA,8,65,0.5,0.6100000000000001,True
ENZ_PAZY_367,PA,8,65,1.0,0.6100000000000001,True
ENZ_PAZY_367,PA,9,25,0.0,0.6100000000000001,True
ENZ_PAZY_367,PA,9,25,0.5,0.6100000000000001,True
ENZ_PAZY_367,PA,9,25,1.0,0.6100000000000001,True
ENZ_PAZY_367,PA,9,35,0.0,0.6100000000000001,True
ENZ_PAZY_367,PA,9,35,0.5,0.6100000000000001,True
ENZ_PAZY_367,PA,9,35,1.0,0.6100000000000001,True
ENZ_PAZY_367,PA,9,45,0.0,0.6100000000000001,True
ENZ_PAZY_367,PA,9,45,0.5,0.6100000000000001,True
ENZ_PAZY_367,PA,9,45,1.0,0.6100000000000001,True
ENZ_PAZY_367,PA,9,55,0.0,0.6100000000000001,True
ENZ_PAZY_367,PA,9,55,0.5,0.6100000000000001,True
ENZ_PAZY_367,PA,9,55,1.0,0.6100000000000001,True
ENZ_PAZY_367,PA,9,65,0.0,0.6100000000000001,True
ENZ_PAZY_367,PA,9,65,0.5,0.6100000000000001,True
ENZ_PAZY_367,PA,9,65,1.0,0.6100000000000001,True
ENZ_PAZY_367,PA,10,25,0.0,0.6100000000000001,True
ENZ_PAZY_367,PA,10,25,0.5,0.6100000000000001,True
ENZ_PAZY_367,PA,10,25,1.0,0.6100000000000001,True
ENZ_PAZY_367,PA,10,35,0.0,0.6100000000000001,True
ENZ_PAZY_367,PA,10,35,0.5,0.6100000000000001,True
ENZ_PAZY_367,PA,10,35,1.0,0.6100000000000001,True
ENZ_PAZY_367,PA,10,45,0.0,0.6100000000000001,True
ENZ_PAZY_367,PA,10,45,0.5,0.6100000000000001,True
ENZ_PAZY_367,PA,10,45,1.0,0.6100000000000001,True
ENZ_PAZY_367,PA,10,55,0.0,0.6100000000000001,True
ENZ_PAZY_367,PA,10,55,0.5,0.6100000000000001,True
ENZ_PAZY_367,PA,10,55,1.0,0.6100000000000001,True
ENZ_PAZY_367,PA,10,65,0.0,0.6100000000000001,True
ENZ_PAZY_367,PA,10,65,0.5,0.6100000000000001,True
ENZ_PAZY_367,PA,10,65,1.0,0.6100000000000001,True
ENZ_PAZY_368,PA,6,25,0.0,0.6100000000000001,True
ENZ_PAZY_368,PA,6,25,0.5,0.6100000000000001,True
ENZ_PAZY_368,PA,6,25,1.0,0.6100000000000001,True
ENZ_PAZY_368,PA,6,35,0.0,0.6100000000000001,True
ENZ_PAZY_368,PA,6,35,0.5,0.6100000000000001,True
ENZ_PAZY_368,PA,6,35,1.0,0.6100000000000001,True
ENZ_PAZY_368,PA,6,45,0.0,0.6100000000000001,True
ENZ_PAZY_368,PA,6,45,0.5,0.6100000000000001,True
ENZ_PAZY_368,PA,6,45,1.0,0.6100000000000001,True
ENZ_PAZY_368,PA,6,55,0.0,0.6100000000000001,True
ENZ_PAZY_368,PA,6,55,0.5,0.6100000000000001,True
ENZ_PAZY_368,PA,6,55,1.0,0.6100000000000001,True
ENZ_PAZY_368,PA,6,65,0.0,0.6100000000000001,True
ENZ_PAZY_368,PA,6,65,0.5,0.6100000000000001,True
ENZ_PAZY_368,PA,6,65,1.0,0.6100000000000001,True
ENZ_PAZY_368,PA,7,25,0.0,0.6100000000000001,True
ENZ_PAZY_368,PA,7,25,0.5,0.6100000000000001,True
ENZ_PAZY_368,PA,7,25,1.0,0.6100000000000001,True
ENZ_PAZY_368,PA,7,35,0.0,0.6100000000000001,True
ENZ_PAZY_368,PA,7,35,0.5,0.6100000000000001,True
ENZ_PAZY_368,PA,7,35,1.0,0.6100000000000001,True
ENZ_PAZY_368,PA,7,45,0.0,0.6100000000000001,True
ENZ_PAZY_368,PA,7,45,0.5,0.6100000000000001,True
ENZ_PAZY_368,PA,7,45,1.0,0.6100000000000001,True
ENZ_PAZY_368,PA,7,55,0.0,0.6100000000000001,True
ENZ_PAZY_368,PA,7,55,0.5,0.6100000000000001,True
ENZ_PAZY_368,PA,7,55,1.0,0.6100000000000001,True
ENZ_PAZY_368,PA,7,65,0.0,0.6100000000000001,True
ENZ_PAZY_368,PA,7,65,0.5,0.6100000000000001,True
ENZ_PAZY_368,PA,7,65,1.0,0.6100000000000001,True
ENZ_PAZY_368,PA,8,25,0.0,0.6100000000000001,True
ENZ_PAZY_368,PA,8,25,0.5,0.6100000000000001,True
ENZ_PAZY_368,PA,8,25,1.0,0.6100000000000001,True
ENZ_PAZY_368,PA,8,35,0.0,0.6100000000000001,True
ENZ_PAZY_368,PA,8,35,0.5,0.6100000000000001,True
ENZ_PAZY_368,PA,8,35,1.0,0.6100000000000001,True
ENZ_PAZY_368,PA,8,45,0.0,0.6100000000000001,True
ENZ_PAZY_368,PA,8,45,0.5,0.6100000000000001,True
ENZ_PAZY_368,PA,8,45,1.0,0.6100000000000001,True
ENZ_PAZY_368,PA,8,55,0.0,0.6100000000000001,True
ENZ_PAZY_368,PA,8,55,0.5,0.6100000000000001,True
ENZ_PAZY_368,PA,8,55,1.0,0.6100000000000001,True
ENZ_PAZY_368,PA,8,65,0.0,0.6100000000000001,True
ENZ_PAZY_368,PA,8,65,0.5,0.6100000000000001,True
ENZ_PAZY_368,PA,8,65,1.0,0.6100000000000001,True
ENZ_PAZY_368,PA,9,25,0.0,0.6100000000000001,True
ENZ_PAZY_368,PA,9,25,0.5,0.6100000000000001,True
ENZ_PAZY_368,PA,9,25,1.0,0.6100000000000001,True
ENZ_PAZY_368,PA,9,35,0.0,0.6100000000000001,True
ENZ_PAZY_368,PA,9,35,0.5,0.6100000000000001,True
ENZ_PAZY_368,PA,9,35,1.0,0.6100000000000001,True
ENZ_PAZY_368,PA,9,45,0.0,0.6100000000000001,True
ENZ_PAZY_368,PA,9,45,0.5,0.6100000000000001,True
ENZ_PAZY_368,PA,9,45,1.0,0.6100000000000001,True
ENZ_PAZY_368,PA,9,55,0.0,0.6100000000000001,True
ENZ_PAZY_368,PA,9,55,0.5,0.6100000000000001,True
ENZ_PAZY_368,PA,9,55,1.0,0.6100000000000001,True
ENZ_PAZY_368,PA,9,65,0.0,0.6100000000000001,True
ENZ_PAZY_368,PA,9,65,0.5,0.6100000000000001,True
ENZ_PAZY_368,PA,9,65,1.0,0.6100000000000001,True
ENZ_PAZY_368,PA,10,25,0.0,0.6100000000000001,True
ENZ_PAZY_368,PA,10,25,0.5,0.6100000000000001,True
ENZ_PAZY_368,PA,10,25,1.0,0.6100000000000001,True
ENZ_PAZY_368,PA,10,35,0.0,0.6100000000000001,True
ENZ_PAZY_368,PA,10,35,0.5,0.6100000000000001,True
ENZ_PAZY_368,PA,10,35,1.0,0.6100000000000001,True
ENZ_PAZY_368,PA,10,45,0.0,0.6100000000000001,True
ENZ_PAZY_368,PA,10,45,0.5,0.6100000000000001,True
ENZ_PAZY_368,PA,10,45,1.0,0.6100000000000001,True
ENZ_PAZY_368,PA,10,55,0.0,0.6100000000000001,True
ENZ_PAZY_368,PA,10,55,0.5,0.6100000000000001,True
ENZ_PAZY_368,PA,10,55,1.0,0.6100000000000001,True
ENZ_PAZY_368,PA,10,65,0.0,0.6100000000000001,True
ENZ_PAZY_368,PA,10,65,0.5,0.6100000000000001,True
ENZ_PAZY_368,PA,10,65,1.0,0.6100000000000001,True
ENZ_PAZY_369,PA,6,25,0.0,0.6100000000000001,True
ENZ_PAZY_369,PA,6,25,0.5,0.6100000000000001,True
ENZ_PAZY_369,PA,6,25,1.0,0.6100000000000001,True
ENZ_PAZY_369,PA,6,35,0.0,0.6100000000000001,True
ENZ_PAZY_369,PA,6,35,0.5,0.6100000000000001,True
ENZ_PAZY_369,PA,6,35,1.0,0.6100000000000001,True
ENZ_PAZY_369,PA,6,45,0.0,0.6100000000000001,True
ENZ_PAZY_369,PA,6,45,0.5,0.6100000000000001,True
ENZ_PAZY_369,PA,6,45,1.0,0.6100000000000001,True
ENZ_PAZY_369,PA,6,55,0.0,0.6100000000000001,True
ENZ_PAZY_369,PA,6,55,0.5,0.6100000000000001,True
ENZ_PAZY_369,PA,6,55,1.0,0.6100000000000001,True
ENZ_PAZY_369,PA,6,65,0.0,0.6100000000000001,True
ENZ_PAZY_369,PA,6,65,0.5,0.6100000000000001,True
ENZ_PAZY_369,PA,6,65,1.0,0.6100000000000001,True
ENZ_PAZY_369,PA,7,25,0.0,0.6100000000000001,True
ENZ_PAZY_369,PA,7,25,0.5,0.6100000000000001,True
ENZ_PAZY_369,PA,7,25,1.0,0.6100000000000001,True
ENZ_PAZY_369,PA,7,35,0.0,0.6100000000000001,True
ENZ_PAZY_369,PA,7,35,0.5,0.6100000000000001,True
ENZ_PAZY_369,PA,7,35,1.0,0.6100000000000001,True
ENZ_PAZY_369,PA,7,45,0.0,0.6100000000000001,True
ENZ_PAZY_369,PA,7,45,0.5,0.6100000000000001,True
ENZ_PAZY_369,PA,7,45,1.0,0.6100000000000001,True
ENZ_PAZY_369,PA,7,55,0.0,0.6100000000000001,True
ENZ_PAZY_369,PA,7,55,0.5,0.6100000000000001,True
ENZ_PAZY_369,PA,7,55,1.0,0.6100000000000001,True
ENZ_PAZY_369,PA,7,65,0.0,0.6100000000000001,True
ENZ_PAZY_369,PA,7,65,0.5,0.6100000000000001,True
ENZ_PAZY_369,PA,7,65,1.0,0.6100000000000001,True
ENZ_PAZY_369,PA,8,25,0.0,0.6100000000000001,True
ENZ_PAZY_369,PA,8,25,0.5,0.6100000000000001,True
ENZ_PAZY_369,PA,8,25,1.0,0.6100000000000001,True
ENZ_PAZY_369,PA,8,35,0.0,0.6100000000000001,True
ENZ_PAZY_369,PA,8,35,0.5,0.6100000000000001,True
ENZ_PAZY_369,PA,8,35,1.0,0.6100000000000001,True
ENZ_PAZY_369,PA,8,45,0.0,0.6100000000000001,True
ENZ_PAZY_369,PA,8,45,0.5,0.6100000000000001,True
ENZ_PAZY_369,PA,8,45,1.0,0.6100000000000001,True
ENZ_PAZY_369,PA,8,55,0.0,0.6100000000000001,True
ENZ_PAZY_369,PA,8,55,0.5,0.6100000000000001,True
ENZ_PAZY_369,PA,8,55,1.0,0.6100000000000001,True
ENZ_PAZY_369,PA,8,65,0.0,0.6100000000000001,True
ENZ_PAZY_369,PA,8,65,0.5,0.6100000000000001,True
ENZ_PAZY_369,PA,8,65,1.0,0.6100000000000001,True
ENZ_PAZY_369,PA,9,25,0.0,0.6100000000000001,True
ENZ_PAZY_369,PA,9,25,0.5,0.6100000000000001,True
ENZ_PAZY_369,PA,9,25,1.0,0.6100000000000001,True
ENZ_PAZY_369,PA,9,35,0.0,0.6100000000000001,True
ENZ_PAZY_369,PA,9,35,0.5,0.6100000000000001,True
ENZ_PAZY_369,PA,9,35,1.0,0.6100000000000001,True
ENZ_PAZY_369,PA,9,45,0.0,0.6100000000000001,True
ENZ_PAZY_369,PA,9,45,0.5,0.6100000000000001,True
ENZ_PAZY_369,PA,9,45,1.0,0.6100000000000001,True
ENZ_PAZY_369,PA,9,55,0.0,0.6100000000000001,True
ENZ_PAZY_369,PA,9,55,0.5,0.6100000000000001,True
ENZ_PAZY_369,PA,9,55,1.0,0.6100000000000001,True
ENZ_PAZY_369,PA,9,65,0.0,0.6100000000000001,True
ENZ_PAZY_369,PA,9,65,0.5,0.6100000000000001,True
ENZ_PAZY_369,PA,9,65,1.0,0.6100000000000001,True
ENZ_PAZY_369,PA,10,25,0.0,0.6100000000000001,True
ENZ_PAZY_369,PA,10,25,0.5,0.6100000000000001,True
ENZ_PAZY_369,PA,10,25,1.0,0.6100000000000001,True
ENZ_PAZY_369,PA,10,35,0.0,0.6100000000000001,True
ENZ_PAZY_369,PA,10,35,0.5,0.6100000000000001,True
ENZ_PAZY_369,PA,10,35,1.0,0.6100000000000001,True
ENZ_PAZY_369,PA,10,45,0.0,0.6100000000000001,True
ENZ_PAZY_369,PA,10,45,0.5,0.6100000000000001,True
ENZ_PAZY_369,PA,10,45,1.0,0.6100000000000001,True
ENZ_PAZY_369,PA,10,55,0.0,0.6100000000000001,True
ENZ_PAZY_369,PA,10,55,0.5,0.6100000000000001,True
ENZ_PAZY_369,PA,10,55,1.0,0.6100000000000001,True
ENZ_PAZY_369,PA,10,65,0.0,0.6100000000000001,True
ENZ_PAZY_369,PA,10,65,0.5,0.6100000000000001,True
ENZ_PAZY_369,PA,10,65,1.0,0.6100000000000001,True
ENZ_PAZY_370,PA,6,25,0.0,0.6100000000000001,True
ENZ_PAZY_370,PA,6,25,0.5,0.6100000000000001,True
ENZ_PAZY_370,PA,6,25,1.0,0.6100000000000001,True
ENZ_PAZY_370,PA,6,35,0.0,0.6100000000000001,True
ENZ_PAZY_370,PA,6,35,0.5,0.6100000000000001,True
ENZ_PAZY_370,PA,6,35,1.0,0.6100000000000001,True
ENZ_PAZY_370,PA,6,45,0.0,0.6100000000000001,True
ENZ_PAZY_370,PA,6,45,0.5,0.6100000000000001,True
ENZ_PAZY_370,PA,6,45,1.0,0.6100000000000001,True
ENZ_PAZY_370,PA,6,55,0.0,0.6100000000000001,True
ENZ_PAZY_370,PA,6,55,0.5,0.6100000000000001,True
ENZ_PAZY_370,PA,6,55,1.0,0.6100000000000001,True
ENZ_PAZY_370,PA,6,65,0.0,0.6100000000000001,True
ENZ_PAZY_370,PA,6,65,0.5,0.6100000000000001,True
ENZ_PAZY_370,PA,6,65,1.0,0.6100000000000001,True
ENZ_PAZY_370,PA,7,25,0.0,0.6100000000000001,True
ENZ_PAZY_370,PA,7,25,0.5,0.6100000000000001,True
ENZ_PAZY_370,PA,7,25,1.0,0.6100000000000001,True
ENZ_PAZY_370,PA,7,35,0.0,0.6100000000000001,True
ENZ_PAZY_370,PA,7,35,0.5,0.6100000000000001,True
ENZ_PAZY_370,PA,7,35,1.0,0.6100000000000001,True
ENZ_PAZY_370,PA,7,45,0.0,0.6100000000000001,True
ENZ_PAZY_370,PA,7,45,0.5,0.6100000000000001,True
ENZ_PAZY_370,PA,7,45,1.0,0.6100000000000001,True
ENZ_PAZY_370,PA,7,55,0.0,0.6100000000000001,True
ENZ_PAZY_370,PA,7,55,0.5,0.6100000000000001,True
ENZ_PAZY_370,PA,7,55,1.0,0.6100000000000001,True
ENZ_PAZY_370,PA,7,65,0.0,0.6100000000000001,True
ENZ_PAZY_370,PA,7,65,0.5,0.6100000000000001,True
ENZ_PAZY_370,PA,7,65,1.0,0.6100000000000001,True
ENZ_PAZY_370,PA,8,25,0.0,0.6100000000000001,True
ENZ_PAZY_370,PA,8,25,0.5,0.6100000000000001,True
ENZ_PAZY_370,PA,8,25,1.0,0.6100000000000001,True
ENZ_PAZY_370,PA,8,35,0.0,0.6100000000000001,True
ENZ_PAZY_370,PA,8,35,0.5,0.6100000000000001,True
ENZ_PAZY_370,PA,8,35,1.0,0.6100000000000001,True
ENZ_PAZY_370,PA,8,45,0.0,0.6100000000000001,True
ENZ_PAZY_370,PA,8,45,0.5,0.6100000000000001,True
ENZ_PAZY_370,PA,8,45,1.0,0.6100000000000001,True
ENZ_PAZY_370,PA,8,55,0.0,0.6100000000000001,True
ENZ_PAZY_370,PA,8,55,0.5,0.6100000000000001,True
ENZ_PAZY_370,PA,8,55,1.0,0.6100000000000001,True
ENZ_PAZY_370,PA,8,65,0.0,0.6100000000000001,True
ENZ_PAZY_370,PA,8,65,0.5,0.6100000000000001,True
ENZ_PAZY_370,PA,8,65,1.0,0.6100000000000001,True
ENZ_PAZY_370,PA,9,25,0.0,0.6100000000000001,True
ENZ_PAZY_370,PA,9,25,0.5,0.6100000000000001,True
ENZ_PAZY_370,PA,9,25,1.0,0.6100000000000001,True
ENZ_PAZY_370,PA,9,35,0.0,0.6100000000000001,True
ENZ_PAZY_370,PA,9,35,0.5,0.6100000000000001,True
ENZ_PAZY_370,PA,9,35,1.0,0.6100000000000001,True
ENZ_PAZY_370,PA,9,45,0.0,0.6100000000000001,True
ENZ_PAZY_370,PA,9,45,0.5,0.6100000000000001,True
ENZ_PAZY_370,PA,9,45,1.0,0.6100000000000001,True
ENZ_PAZY_370,PA,9,55,0.0,0.6100000000000001,True
ENZ_PAZY_370,PA,9,55,0.5,0.6100000000000001,True
ENZ_PAZY_370,PA,9,55,1.0,0.6100000000000001,True
ENZ_PAZY_370,PA,9,65,0.0,0.6100000000000001,True
ENZ_PAZY_370,PA,9,65,0.5,0.6100000000000001,True
ENZ_PAZY_370,PA,9,65,1.0,0.6100000000000001,True
ENZ_PAZY_370,PA,10,25,0.0,0.6100000000000001,True
ENZ_PAZY_370,PA,10,25,0.5,0.6100000000000001,True
ENZ_PAZY_370,PA,10,25,1.0,0.6100000000000001,True
ENZ_PAZY_370,PA,10,35,0.0,0.6100000000000001,True
ENZ_PAZY_370,PA,10,35,0.5,0.6100000000000001,True
ENZ_PAZY_370,PA,10,35,1.0,0.6100000000000001,True
ENZ_PAZY_370,PA,10,45,0.0,0.6100000000000001,True
ENZ_PAZY_370,PA,10,45,0.5,0.6100000000000001,True
ENZ_PAZY_370,PA,10,45,1.0,0.6100000000000001,True
ENZ_PAZY_370,PA,10,55,0.0,0.6100000000000001,True
ENZ_PAZY_370,PA,10,55,0.5,0.6100000000000001,True
ENZ_PAZY_370,PA,10,55,1.0,0.6100000000000001,True
ENZ_PAZY_370,PA,10,65,0.0,0.6100000000000001,True
ENZ_PAZY_370,PA,10,65,0.5,0.6100000000000001,True
ENZ_PAZY_370,PA,10,65,1.0,0.6100000000000001,True
ENZ_PAZY_371,PA,6,25,0.0,0.6100000000000001,True
ENZ_PAZY_371,PA,6,25,0.5,0.6100000000000001,True
ENZ_PAZY_371,PA,6,25,1.0,0.6100000000000001,True
ENZ_PAZY_371,PA,6,35,0.0,0.6100000000000001,True
ENZ_PAZY_371,PA,6,35,0.5,0.6100000000000001,True
ENZ_PAZY_371,PA,6,35,1.0,0.6100000000000001,True
ENZ_PAZY_371,PA,6,45,0.0,0.6100000000000001,True
ENZ_PAZY_371,PA,6,45,0.5,0.6100000000000001,True
ENZ_PAZY_371,PA,6,45,1.0,0.6100000000000001,True
ENZ_PAZY_371,PA,6,55,0.0,0.6100000000000001,True
ENZ_PAZY_371,PA,6,55,0.5,0.6100000000000001,True
ENZ_PAZY_371,PA,6,55,1.0,0.6100000000000001,True
ENZ_PAZY_371,PA,6,65,0.0,0.6100000000000001,True
ENZ_PAZY_371,PA,6,65,0.5,0.6100000000000001,True
ENZ_PAZY_371,PA,6,65,1.0,0.6100000000000001,True
ENZ_PAZY_371,PA,7,25,0.0,0.6100000000000001,True
ENZ_PAZY_371,PA,7,25,0.5,0.6100000000000001,True
ENZ_PAZY_371,PA,7,25,1.0,0.6100000000000001,True
ENZ_PAZY_371,PA,7,35,0.0,0.6100000000000001,True
ENZ_PAZY_371,PA,7,35,0.5,0.6100000000000001,True
ENZ_PAZY_371,PA,7,35,1.0,0.6100000000000001,True
ENZ_PAZY_371,PA,7,45,0.0,0.6100000000000001,True
ENZ_PAZY_371,PA,7,45,0.5,0.6100000000000001,True
ENZ_PAZY_371,PA,7,45,1.0,0.6100000000000001,True
ENZ_PAZY_371,PA,7,55,0.0,0.6100000000000001,True
ENZ_PAZY_371,PA,7,55,0.5,0.6100000000000001,True
ENZ_PAZY_371,PA,7,55,1.0,0.6100000000000001,True
ENZ_PAZY_371,PA,7,65,0.0,0.6100000000000001,True
ENZ_PAZY_371,PA,7,65,0.5,0.6100000000000001,True
ENZ_PAZY_371,PA,7,65,1.0,0.6100000000000001,True
ENZ_PAZY_371,PA,8,25,0.0,0.6100000000000001,True
ENZ_PAZY_371,PA,8,25,0.5,0.6100000000000001,True
ENZ_PAZY_371,PA,8,25,1.0,0.6100000000000001,True
ENZ_PAZY_371,PA,8,35,0.0,0.6100000000000001,True
ENZ_PAZY_371,PA,8,35,0.5,0.6100000000000001,True
ENZ_PAZY_371,PA,8,35,1.0,0.6100000000000001,True
ENZ_PAZY_371,PA,8,45,0.0,0.6100000000000001,True
ENZ_PAZY_371,PA,8,45,0.5,0.6100000000000001,True
ENZ_PAZY_371,PA,8,45,1.0,0.6100000000000001,True
ENZ_PAZY_371,PA,8,55,0.0,0.6100000000000001,True
ENZ_PAZY_371,PA,8,55,0.5,0.6100000000000001,True
ENZ_PAZY_371,PA,8,55,1.0,0.6100000000000001,True
ENZ_PAZY_371,PA,8,65,0.0,0.6100000000000001,True
ENZ_PAZY_371,PA,8,65,0.5,0.6100000000000001,True
ENZ_PAZY_371,PA,8,65,1.0,0.6100000000000001,True
ENZ_PAZY_371,PA,9,25,0.0,0.6100000000000001,True
ENZ_PAZY_371,PA,9,25,0.5,0.6100000000000001,True
ENZ_PAZY_371,PA,9,25,1.0,0.6100000000000001,True
ENZ_PAZY_371,PA,9,35,0.0,0.6100000000000001,True
ENZ_PAZY_371,PA,9,35,0.5,0.6100000000000001,True
ENZ_PAZY_371,PA,9,35,1.0,0.6100000000000001,True
ENZ_PAZY_371,PA,9,45,0.0,0.6100000000000001,True
ENZ_PAZY_371,PA,9,45,0.5,0.6100000000000001,True
ENZ_PAZY_371,PA,9,45,1.0,0.6100000000000001,True
ENZ_PAZY_371,PA,9,55,0.0,0.6100000000000001,True
ENZ_PAZY_371,PA,9,55,0.5,0.6100000000000001,True
ENZ_PAZY_371,PA,9,55,1.0,0.6100000000000001,True
ENZ_PAZY_371,PA,9,65,0.0,0.6100000000000001,True
ENZ_PAZY_371,PA,9,65,0.5,0.6100000000000001,True
ENZ_PAZY_371,PA,9,65,1.0,0.6100000000000001,True
ENZ_PAZY_371,PA,10,25,0.0,0.6100000000000001,True
ENZ_PAZY_371,PA,10,25,0.5,0.6100000000000001,True
ENZ_PAZY_371,PA,10,25,1.0,0.6100000000000001,True
ENZ_PAZY_371,PA,10,35,0.0,0.6100000000000001,True
ENZ_PAZY_371,PA,10,35,0.5,0.6100000000000001,True
ENZ_PAZY_371,PA,10,35,1.0,0.6100000000000001,True
ENZ_PAZY_371,PA,10,45,0.0,0.6100000000000001,True
ENZ_PAZY_371,PA,10,45,0.5,0.6100000000000001,True
ENZ_PAZY_371,PA,10,45,1.0,0.6100000000000001,True
ENZ_PAZY_371,PA,10,55,0.0,0.6100000000000001,True
ENZ_PAZY_371,PA,10,55,0.5,0.6100000000000001,True
ENZ_PAZY_371,PA,10,55,1.0,0.6100000000000001,True
ENZ_PAZY_371,PA,10,65,0.0,0.6100000000000001,True
ENZ_PAZY_371,PA,10,65,0.5,0.6100000000000001,True
ENZ_PAZY_371,PA,10,65,1.0,0.6100000000000001,True
ENZ_PAZY_372,PA,6,25,0.0,0.6100000000000001,True
ENZ_PAZY_372,PA,6,25,0.5,0.6100000000000001,True
ENZ_PAZY_372,PA,6,25,1.0,0.6100000000000001,True
ENZ_PAZY_372,PA,6,35,0.0,0.6100000000000001,True
ENZ_PAZY_372,PA,6,35,0.5,0.6100000000000001,True
ENZ_PAZY_372,PA,6,35,1.0,0.6100000000000001,True
ENZ_PAZY_372,PA,6,45,0.0,0.6100000000000001,True
ENZ_PAZY_372,PA,6,45,0.5,0.6100000000000001,True
ENZ_PAZY_372,PA,6,45,1.0,0.6100000000000001,True
ENZ_PAZY_372,PA,6,55,0.0,0.6100000000000001,True
ENZ_PAZY_372,PA,6,55,0.5,0.6100000000000001,True
ENZ_PAZY_372,PA,6,55,1.0,0.6100000000000001,True
ENZ_PAZY_372,PA,6,65,0.0,0.6100000000000001,True
ENZ_PAZY_372,PA,6,65,0.5,0.6100000000000001,True
ENZ_PAZY_372,PA,6,65,1.0,0.6100000000000001,True
ENZ_PAZY_372,PA,7,25,0.0,0.6100000000000001,True
ENZ_PAZY_372,PA,7,25,0.5,0.6100000000000001,True
ENZ_PAZY_372,PA,7,25,1.0,0.6100000000000001,True
ENZ_PAZY_372,PA,7,35,0.0,0.6100000000000001,True
ENZ_PAZY_372,PA,7,35,0.5,0.6100000000000001,True
ENZ_PAZY_372,PA,7,35,1.0,0.6100000000000001,True
ENZ_PAZY_372,PA,7,45,0.0,0.6100000000000001,True
ENZ_PAZY_372,PA,7,45,0.5,0.6100000000000001,True
ENZ_PAZY_372,PA,7,45,1.0,0.6100000000000001,True
ENZ_PAZY_372,PA,7,55,0.0,0.6100000000000001,True
ENZ_PAZY_372,PA,7,55,0.5,0.6100000000000001,True
ENZ_PAZY_372,PA,7,55,1.0,0.6100000000000001,True
ENZ_PAZY_372,PA,7,65,0.0,0.6100000000000001,True
ENZ_PAZY_372,PA,7,65,0.5,0.6100000000000001,True
ENZ_PAZY_372,PA,7,65,1.0,0.6100000000000001,True
ENZ_PAZY_372,PA,8,25,0.0,0.6100000000000001,True
ENZ_PAZY_372,PA,8,25,0.5,0.6100000000000001,True
ENZ_PAZY_372,PA,8,25,1.0,0.6100000000000001,True
ENZ_PAZY_372,PA,8,35,0.0,0.6100000000000001,True
ENZ_PAZY_372,PA,8,35,0.5,0.6100000000000001,True
ENZ_PAZY_372,PA,8,35,1.0,0.6100000000000001,True
ENZ_PAZY_372,PA,8,45,0.0,0.6100000000000001,True
ENZ_PAZY_372,PA,8,45,0.5,0.6100000000000001,True
ENZ_PAZY_372,PA,8,45,1.0,0.6100000000000001,True
ENZ_PAZY_372,PA,8,55,0.0,0.6100000000000001,True
ENZ_PAZY_372,PA,8,55,0.5,0.6100000000000001,True
ENZ_PAZY_372,PA,8,55,1.0,0.6100000000000001,True
ENZ_PAZY_372,PA,8,65,0.0,0.6100000000000001,True
ENZ_PAZY_372,PA,8,65,0.5,0.6100000000000001,True
ENZ_PAZY_372,PA,8,65,1.0,0.6100000000000001,True
ENZ_PAZY_372,PA,9,25,0.0,0.6100000000000001,True
ENZ_PAZY_372,PA,9,25,0.5,0.6100000000000001,True
ENZ_PAZY_372,PA,9,25,1.0,0.6100000000000001,True
ENZ_PAZY_372,PA,9,35,0.0,0.6100000000000001,True
ENZ_PAZY_372,PA,9,35,0.5,0.6100000000000001,True
ENZ_PAZY_372,PA,9,35,1.0,0.6100000000000001,True
ENZ_PAZY_372,PA,9,45,0.0,0.6100000000000001,True
ENZ_PAZY_372,PA,9,45,0.5,0.6100000000000001,True
ENZ_PAZY_372,PA,9,45,1.0,0.6100000000000001,True
ENZ_PAZY_372,PA,9,55,0.0,0.6100000000000001,True
ENZ_PAZY_372,PA,9,55,0.5,0.6100000000000001,True
ENZ_PAZY_372,PA,9,55,1.0,0.6100000000000001,True
ENZ_PAZY_372,PA,9,65,0.0,0.6100000000000001,True
ENZ_PAZY_372,PA,9,65,0.5,0.6100000000000001,True
ENZ_PAZY_372,PA,9,65,1.0,0.6100000000000001,True
ENZ_PAZY_372,PA,10,25,0.0,0.6100000000000001,True
ENZ_PAZY_372,PA,10,25,0.5,0.6100000000000001,True
ENZ_PAZY_372,PA,10,25,1.0,0.6100000000000001,True
ENZ_PAZY_372,PA,10,35,0.0,0.6100000000000001,True
ENZ_PAZY_372,PA,10,35,0.5,0.6100000000000001,True
ENZ_PAZY_372,PA,10,35,1.0,0.6100000000000001,True
ENZ_PAZY_372,PA,10,45,0.0,0.6100000000000001,True
ENZ_PAZY_372,PA,10,45,0.5,0.6100000000000001,True
ENZ_PAZY_372,PA,10,45,1.0,0.6100000000000001,True
ENZ_PAZY_372,PA,10,55,0.0,0.6100000000000001,True
ENZ_PAZY_372,PA,10,55,0.5,0.6100000000000001,True
ENZ_PAZY_372,PA,10,55,1.0,0.6100000000000001,True
ENZ_PAZY_372,PA,10,65,0.0,0.6100000000000001,True
ENZ_PAZY_372,PA,10,65,0.5,0.6100000000000001,True
ENZ_PAZY_372,PA,10,65,1.0,0.6100000000000001,True
ENZ_PAZY_373,PA,6,25,0.0,0.6100000000000001,True
ENZ_PAZY_373,PA,6,25,0.5,0.6100000000000001,True
ENZ_PAZY_373,PA,6,25,1.0,0.6100000000000001,True
ENZ_PAZY_373,PA,6,35,0.0,0.6100000000000001,True
ENZ_PAZY_373,PA,6,35,0.5,0.6100000000000001,True
ENZ_PAZY_373,PA,6,35,1.0,0.6100000000000001,True
ENZ_PAZY_373,PA,6,45,0.0,0.6100000000000001,True
ENZ_PAZY_373,PA,6,45,0.5,0.6100000000000001,True
ENZ_PAZY_373,PA,6,45,1.0,0.6100000000000001,True
ENZ_PAZY_373,PA,6,55,0.0,0.6100000000000001,True
ENZ_PAZY_373,PA,6,55,0.5,0.6100000000000001,True
ENZ_PAZY_373,PA,6,55,1.0,0.6100000000000001,True
ENZ_PAZY_373,PA,6,65,0.0,0.6100000000000001,True
ENZ_PAZY_373,PA,6,65,0.5,0.6100000000000001,True
ENZ_PAZY_373,PA,6,65,1.0,0.6100000000000001,True
ENZ_PAZY_373,PA,7,25,0.0,0.6100000000000001,True
ENZ_PAZY_373,PA,7,25,0.5,0.6100000000000001,True
ENZ_PAZY_373,PA,7,25,1.0,0.6100000000000001,True
ENZ_PAZY_373,PA,7,35,0.0,0.6100000000000001,True
ENZ_PAZY_373,PA,7,35,0.5,0.6100000000000001,True
ENZ_PAZY_373,PA,7,35,1.0,0.6100000000000001,True
ENZ_PAZY_373,PA,7,45,0.0,0.6100000000000001,True
ENZ_PAZY_373,PA,7,45,0.5,0.6100000000000001,True
ENZ_PAZY_373,PA,7,45,1.0,0.6100000000000001,True
ENZ_PAZY_373,PA,7,55,0.0,0.6100000000000001,True
ENZ_PAZY_373,PA,7,55,0.5,0.6100000000000001,True
ENZ_PAZY_373,PA,7,55,1.0,0.6100000000000001,True
ENZ_PAZY_373,PA,7,65,0.0,0.6100000000000001,True
ENZ_PAZY_373,PA,7,65,0.5,0.6100000000000001,True
ENZ_PAZY_373,PA,7,65,1.0,0.6100000000000001,True
ENZ_PAZY_373,PA,8,25,0.0,0.6100000000000001,True
ENZ_PAZY_373,PA,8,25,0.5,0.6100000000000001,True
ENZ_PAZY_373,PA,8,25,1.0,0.6100000000000001,True
ENZ_PAZY_373,PA,8,35,0.0,0.6100000000000001,True
ENZ_PAZY_373,PA,8,35,0.5,0.6100000000000001,True
ENZ_PAZY_373,PA,8,35,1.0,0.6100000000000001,True
ENZ_PAZY_373,PA,8,45,0.0,0.6100000000000001,True
ENZ_PAZY_373,PA,8,45,0.5,0.6100000000000001,True
ENZ_PAZY_373,PA,8,45,1.0,0.6100000000000001,True
ENZ_PAZY_373,PA,8,55,0.0,0.6100000000000001,True
ENZ_PAZY_373,PA,8,55,0.5,0.6100000000000001,True
ENZ_PAZY_373,PA,8,55,1.0,0.6100000000000001,True
ENZ_PAZY_373,PA,8,65,0.0,0.6100000000000001,True
ENZ_PAZY_373,PA,8,65,0.5,0.6100000000000001,True
ENZ_PAZY_373,PA,8,65,1.0,0.6100000000000001,True
ENZ_PAZY_373,PA,9,25,0.0,0.6100000000000001,True
ENZ_PAZY_373,PA,9,25,0.5,0.6100000000000001,True
ENZ_PAZY_373,PA,9,25,1.0,0.6100000000000001,True
ENZ_PAZY_373,PA,9,35,0.0,0.6100000000000001,True
ENZ_PAZY_373,PA,9,35,0.5,0.6100000000000001,True
ENZ_PAZY_373,PA,9,35,1.0,0.6100000000000001,True
ENZ_PAZY_373,PA,9,45,0.0,0.6100000000000001,True
ENZ_PAZY_373,PA,9,45,0.5,0.6100000000000001,True
ENZ_PAZY_373,PA,9,45,1.0,0.6100000000000001,True
ENZ_PAZY_373,PA,9,55,0.0,0.6100000000000001,True
ENZ_PAZY_373,PA,9,55,0.5,0.6100000000000001,True
ENZ_PAZY_373,PA,9,55,1.0,0.6100000000000001,True
ENZ_PAZY_373,PA,9,65,0.0,0.6100000000000001,True
ENZ_PAZY_373,PA,9,65,0.5,0.6100000000000001,True
ENZ_PAZY_373,PA,9,65,1.0,0.6100000000000001,True
ENZ_PAZY_373,PA,10,25,0.0,0.6100000000000001,True
ENZ_PAZY_373,PA,10,25,0.5,0.6100000000000001,True
ENZ_PAZY_373,PA,10,25,1.0,0.6100000000000001,True
ENZ_PAZY_373,PA,10,35,0.0,0.6100000000000001,True
ENZ_PAZY_373,PA,10,35,0.5,0.6100000000000001,True
ENZ_PAZY_373,PA,10,35,1.0,0.6100000000000001,True
ENZ_PAZY_373,PA,10,45,0.0,0.6100000000000001,True
ENZ_PAZY_373,PA,10,45,0.5,0.6100000000000001,True
ENZ_PAZY_373,PA,10,45,1.0,0.6100000000000001,True
ENZ_PAZY_373,PA,10,55,0.0,0.6100000000000001,True
ENZ_PAZY_373,PA,10,55,0.5,0.6100000000000001,True
ENZ_PAZY_373,PA,10,55,1.0,0.6100000000000001,True
ENZ_PAZY_373,PA,10,65,0.0,0.6100000000000001,True
ENZ_PAZY_373,PA,10,65,0.5,0.6100000000000001,True
ENZ_PAZY_373,PA,10,65,1.0,0.6100000000000001,True
ENZ_PAZY_374,PA,6,25,0.0,0.6100000000000001,True
ENZ_PAZY_374,PA,6,25,0.5,0.6100000000000001,True
ENZ_PAZY_374,PA,6,25,1.0,0.6100000000000001,True
ENZ_PAZY_374,PA,6,35,0.0,0.6100000000000001,True
ENZ_PAZY_374,PA,6,35,0.5,0.6100000000000001,True
ENZ_PAZY_374,PA,6,35,1.0,0.6100000000000001,True
ENZ_PAZY_374,PA,6,45,0.0,0.6100000000000001,True
ENZ_PAZY_374,PA,6,45,0.5,0.6100000000000001,True
ENZ_PAZY_374,PA,6,45,1.0,0.6100000000000001,True
ENZ_PAZY_374,PA,6,55,0.0,0.6100000000000001,True
ENZ_PAZY_374,PA,6,55,0.5,0.6100000000000001,True
ENZ_PAZY_374,PA,6,55,1.0,0.6100000000000001,True
ENZ_PAZY_374,PA,6,65,0.0,0.6100000000000001,True
ENZ_PAZY_374,PA,6,65,0.5,0.6100000000000001,True
ENZ_PAZY_374,PA,6,65,1.0,0.6100000000000001,True
ENZ_PAZY_374,PA,7,25,0.0,0.6100000000000001,True
ENZ_PAZY_374,PA,7,25,0.5,0.6100000000000001,True
ENZ_PAZY_374,PA,7,25,1.0,0.6100000000000001,True
ENZ_PAZY_374,PA,7,35,0.0,0.6100000000000001,True
ENZ_PAZY_374,PA,7,35,0.5,0.6100000000000001,True
ENZ_PAZY_374,PA,7,35,1.0,0.6100000000000001,True
ENZ_PAZY_374,PA,7,45,0.0,0.6100000000000001,True
ENZ_PAZY_374,PA,7,45,0.5,0.6100000000000001,True
ENZ_PAZY_374,PA,7,45,1.0,0.6100000000000001,True
ENZ_PAZY_374,PA,7,55,0.0,0.6100000000000001,True
ENZ_PAZY_374,PA,7,55,0.5,0.6100000000000001,True
ENZ_PAZY_374,PA,7,55,1.0,0.6100000000000001,True
ENZ_PAZY_374,PA,7,65,0.0,0.6100000000000001,True
ENZ_PAZY_374,PA,7,65,0.5,0.6100000000000001,True
ENZ_PAZY_374,PA,7,65,1.0,0.6100000000000001,True
ENZ_PAZY_374,PA,8,25,0.0,0.6100000000000001,True
ENZ_PAZY_374,PA,8,25,0.5,0.6100000000000001,True
ENZ_PAZY_374,PA,8,25,1.0,0.6100000000000001,True
ENZ_PAZY_374,PA,8,35,0.0,0.6100000000000001,True
ENZ_PAZY_374,PA,8,35,0.5,0.6100000000000001,True
ENZ_PAZY_374,PA,8,35,1.0,0.6100000000000001,True
ENZ_PAZY_374,PA,8,45,0.0,0.6100000000000001,True
ENZ_PAZY_374,PA,8,45,0.5,0.6100000000000001,True
ENZ_PAZY_374,PA,8,45,1.0,0.6100000000000001,True
ENZ_PAZY_374,PA,8,55,0.0,0.6100000000000001,True
ENZ_PAZY_374,PA,8,55,0.5,0.6100000000000001,True
ENZ_PAZY_374,PA,8,55,1.0,0.6100000000000001,True
ENZ_PAZY_374,PA,8,65,0.0,0.6100000000000001,True
ENZ_PAZY_374,PA,8,65,0.5,0.6100000000000001,True
ENZ_PAZY_374,PA,8,65,1.0,0.6100000000000001,True
ENZ_PAZY_374,PA,9,25,0.0,0.6100000000000001,True
ENZ_PAZY_374,PA,9,25,0.5,0.6100000000000001,True
ENZ_PAZY_374,PA,9,25,1.0,0.6100000000000001,True
ENZ_PAZY_374,PA,9,35,0.0,0.6100000000000001,True
ENZ_PAZY_374,PA,9,35,0.5,0.6100000000000001,True
ENZ_PAZY_374,PA,9,35,1.0,0.6100000000000001,True
ENZ_PAZY_374,PA,9,45,0.0,0.6100000000000001,True
ENZ_PAZY_374,PA,9,45,0.5,0.6100000000000001,True
ENZ_PAZY_374,PA,9,45,1.0,0.6100000000000001,True
ENZ_PAZY_374,PA,9,55,0.0,0.6100000000000001,True
ENZ_PAZY_374,PA,9,55,0.5,0.6100000000000001,True
ENZ_PAZY_374,PA,9,55,1.0,0.6100000000000001,True
ENZ_PAZY_374,PA,9,65,0.0,0.6100000000000001,True
ENZ_PAZY_374,PA,9,65,0.5,0.6100000000000001,True
ENZ_PAZY_374,PA,9,65,1.0,0.6100000000000001,True
ENZ_PAZY_374,PA,10,25,0.0,0.6100000000000001,True
ENZ_PAZY_374,PA,10,25,0.5,0.6100000000000001,True
ENZ_PAZY_374,PA,10,25,1.0,0.6100000000000001,True
ENZ_PAZY_374,PA,10,35,0.0,0.6100000000000001,True
ENZ_PAZY_374,PA,10,35,0.5,0.6100000000000001,True
ENZ_PAZY_374,PA,10,35,1.0,0.6100000000000001,True
ENZ_PAZY_374,PA,10,45,0.0,0.6100000000000001,True
ENZ_PAZY_374,PA,10,45,0.5,0.6100000000000001,True
ENZ_PAZY_374,PA,10,45,1.0,0.6100000000000001,True
ENZ_PAZY_374,PA,10,55,0.0,0.6100000000000001,True
ENZ_PAZY_374,PA,10,55,0.5,0.6100000000000001,True
ENZ_PAZY_374,PA,10,55,1.0,0.6100000000000001,True
ENZ_PAZY_374,PA,10,65,0.0,0.6100000000000001,True
ENZ_PAZY_374,PA,10,65,0.5,0.6100000000000001,True
ENZ_PAZY_374,PA,10,65,1.0,0.6100000000000001,True
ENZ_PAZY_375,PA,6,25,0.0,0.6100000000000001,True
ENZ_PAZY_375,PA,6,25,0.5,0.6100000000000001,True
ENZ_PAZY_375,PA,6,25,1.0,0.6100000000000001,True
ENZ_PAZY_375,PA,6,35,0.0,0.6100000000000001,True
ENZ_PAZY_375,PA,6,35,0.5,0.6100000000000001,True
ENZ_PAZY_375,PA,6,35,1.0,0.6100000000000001,True
ENZ_PAZY_375,PA,6,45,0.0,0.6100000000000001,True
ENZ_PAZY_375,PA,6,45,0.5,0.6100000000000001,True
ENZ_PAZY_375,PA,6,45,1.0,0.6100000000000001,True
ENZ_PAZY_375,PA,6,55,0.0,0.6100000000000001,True
ENZ_PAZY_375,PA,6,55,0.5,0.6100000000000001,True
ENZ_PAZY_375,PA,6,55,1.0,0.6100000000000001,True
ENZ_PAZY_375,PA,6,65,0.0,0.6100000000000001,True
ENZ_PAZY_375,PA,6,65,0.5,0.6100000000000001,True
ENZ_PAZY_375,PA,6,65,1.0,0.6100000000000001,True
ENZ_PAZY_375,PA,7,25,0.0,0.6100000000000001,True
ENZ_PAZY_375,PA,7,25,0.5,0.6100000000000001,True
ENZ_PAZY_375,PA,7,25,1.0,0.6100000000000001,True
ENZ_PAZY_375,PA,7,35,0.0,0.6100000000000001,True
ENZ_PAZY_375,PA,7,35,0.5,0.6100000000000001,True
ENZ_PAZY_375,PA,7,35,1.0,0.6100000000000001,True
ENZ_PAZY_375,PA,7,45,0.0,0.6100000000000001,True
ENZ_PAZY_375,PA,7,45,0.5,0.6100000000000001,True
ENZ_PAZY_375,PA,7,45,1.0,0.6100000000000001,True
ENZ_PAZY_375,PA,7,55,0.0,0.6100000000000001,True
ENZ_PAZY_375,PA,7,55,0.5,0.6100000000000001,True
ENZ_PAZY_375,PA,7,55,1.0,0.6100000000000001,True
ENZ_PAZY_375,PA,7,65,0.0,0.6100000000000001,True
ENZ_PAZY_375,PA,7,65,0.5,0.6100000000000001,True
ENZ_PAZY_375,PA,7,65,1.0,0.6100000000000001,True
ENZ_PAZY_375,PA,8,25,0.0,0.6100000000000001,True
ENZ_PAZY_375,PA,8,25,0.5,0.6100000000000001,True
ENZ_PAZY_375,PA,8,25,1.0,0.6100000000000001,True
ENZ_PAZY_375,PA,8,35,0.0,0.6100000000000001,True
ENZ_PAZY_375,PA,8,35,0.5,0.6100000000000001,True
ENZ_PAZY_375,PA,8,35,1.0,0.6100000000000001,True
ENZ_PAZY_375,PA,8,45,0.0,0.6100000000000001,True
ENZ_PAZY_375,PA,8,45,0.5,0.6100000000000001,True
ENZ_PAZY_375,PA,8,45,1.0,0.6100000000000001,True
ENZ_PAZY_375,PA,8,55,0.0,0.6100000000000001,True
ENZ_PAZY_375,PA,8,55,0.5,0.6100000000000001,True
ENZ_PAZY_375,PA,8,55,1.0,0.6100000000000001,True
ENZ_PAZY_375,PA,8,65,0.0,0.6100000000000001,True
ENZ_PAZY_375,PA,8,65,0.5,0.6100000000000001,True
ENZ_PAZY_375,PA,8,65,1.0,0.6100000000000001,True
ENZ_PAZY_375,PA,9,25,0.0,0.6100000000000001,True
ENZ_PAZY_375,PA,9,25,0.5,0.6100000000000001,True
ENZ_PAZY_375,PA,9,25,1.0,0.6100000000000001,True
ENZ_PAZY_375,PA,9,35,0.0,0.6100000000000001,True
ENZ_PAZY_375,PA,9,35,0.5,0.6100000000000001,True
ENZ_PAZY_375,PA,9,35,1.0,0.6100000000000001,True
ENZ_PAZY_375,PA,9,45,0.0,0.6100000000000001,True
ENZ_PAZY_375,PA,9,45,0.5,0.6100000000000001,True
ENZ_PAZY_375,PA,9,45,1.0,0.6100000000000001,True
ENZ_PAZY_375,PA,9,55,0.0,0.6100000000000001,True
ENZ_PAZY_375,PA,9,55,0.5,0.6100000000000001,True
ENZ_PAZY_375,PA,9,55,1.0,0.6100000000000001,True
ENZ_PAZY_375,PA,9,65,0.0,0.6100000000000001,True
ENZ_PAZY_375,PA,9,65,0.5,0.6100000000000001,True
ENZ_PAZY_375,PA,9,65,1.0,0.6100000000000001,True
ENZ_PAZY_375,PA,10,25,0.0,0.6100000000000001,True
ENZ_PAZY_375,PA,10,25,0.5,0.6100000000000001,True
ENZ_PAZY_375,PA,10,25,1.0,0.6100000000000001,True
ENZ_PAZY_375,PA,10,35,0.0,0.6100000000000001,True
ENZ_PAZY_375,PA,10,35,0.5,0.6100000000000001,True
ENZ_PAZY_375,PA,10,35,1.0,0.6100000000000001,True
ENZ_PAZY_375,PA,10,45,0.0,0.6100000000000001,True
ENZ_PAZY_375,PA,10,45,0.5,0.6100000000000001,True
ENZ_PAZY_375,PA,10,45,1.0,0.6100000000000001,True
ENZ_PAZY_375,PA,10,55,0.0,0.6100000000000001,True
ENZ_PAZY_375,PA,10,55,0.5,0.6100000000000001,True
ENZ_PAZY_375,PA,10,55,1.0,0.6100000000000001,True
ENZ_PAZY_375,PA,10,65,0.0,0.6100000000000001,True
ENZ_PAZY_375,PA,10,65,0.5,0.6100000000000001,True
ENZ_PAZY_375,PA,10,65,1.0,0.6100000000000001,True
ENZ_PAZY_376,PA,6,25,0.0,0.6100000000000001,True
ENZ_PAZY_376,PA,6,25,0.5,0.6100000000000001,True
ENZ_PAZY_376,PA,6,25,1.0,0.6100000000000001,True
ENZ_PAZY_376,PA,6,35,0.0,0.6100000000000001,True
ENZ_PAZY_376,PA,6,35,0.5,0.6100000000000001,True
ENZ_PAZY_376,PA,6,35,1.0,0.6100000000000001,True
ENZ_PAZY_376,PA,6,45,0.0,0.6100000000000001,True
ENZ_PAZY_376,PA,6,45,0.5,0.6100000000000001,True
ENZ_PAZY_376,PA,6,45,1.0,0.6100000000000001,True
ENZ_PAZY_376,PA,6,55,0.0,0.6100000000000001,True
ENZ_PAZY_376,PA,6,55,0.5,0.6100000000000001,True
ENZ_PAZY_376,PA,6,55,1.0,0.6100000000000001,True
ENZ_PAZY_376,PA,6,65,0.0,0.6100000000000001,True
ENZ_PAZY_376,PA,6,65,0.5,0.6100000000000001,True
ENZ_PAZY_376,PA,6,65,1.0,0.6100000000000001,True
ENZ_PAZY_376,PA,7,25,0.0,0.6100000000000001,True
ENZ_PAZY_376,PA,7,25,0.5,0.6100000000000001,True
ENZ_PAZY_376,PA,7,25,1.0,0.6100000000000001,True
ENZ_PAZY_376,PA,7,35,0.0,0.6100000000000001,True
ENZ_PAZY_376,PA,7,35,0.5,0.6100000000000001,True
ENZ_PAZY_376,PA,7,35,1.0,0.6100000000000001,True
ENZ_PAZY_376,PA,7,45,0.0,0.6100000000000001,True
ENZ_PAZY_376,PA,7,45,0.5,0.6100000000000001,True
ENZ_PAZY_376,PA,7,45,1.0,0.6100000000000001,True
ENZ_PAZY_376,PA,7,55,0.0,0.6100000000000001,True
ENZ_PAZY_376,PA,7,55,0.5,0.6100000000000001,True
ENZ_PAZY_376,PA,7,55,1.0,0.6100000000000001,True
ENZ_PAZY_376,PA,7,65,0.0,0.6100000000000001,True
ENZ_PAZY_376,PA,7,65,0.5,0.6100000000000001,True
ENZ_PAZY_376,PA,7,65,1.0,0.6100000000000001,True
ENZ_PAZY_376,PA,8,25,0.0,0.6100000000000001,True
ENZ_PAZY_376,PA,8,25,0.5,0.6100000000000001,True
ENZ_PAZY_376,PA,8,25,1.0,0.6100000000000001,True
ENZ_PAZY_376,PA,8,35,0.0,0.6100000000000001,True
ENZ_PAZY_376,PA,8,35,0.5,0.6100000000000001,True
ENZ_PAZY_376,PA,8,35,1.0,0.6100000000000001,True
ENZ_PAZY_376,PA,8,45,0.0,0.6100000000000001,True
ENZ_PAZY_376,PA,8,45,0.5,0.6100000000000001,True
ENZ_PAZY_376,PA,8,45,1.0,0.6100000000000001,True
ENZ_PAZY_376,PA,8,55,0.0,0.6100000000000001,True
ENZ_PAZY_376,PA,8,55,0.5,0.6100000000000001,True
ENZ_PAZY_376,PA,8,55,1.0,0.6100000000000001,True
ENZ_PAZY_376,PA,8,65,0.0,0.6100000000000001,True
ENZ_PAZY_376,PA,8,65,0.5,0.6100000000000001,True
ENZ_PAZY_376,PA,8,65,1.0,0.6100000000000001,True
ENZ_PAZY_376,PA,9,25,0.0,0.6100000000000001,True
ENZ_PAZY_376,PA,9,25,0.5,0.6100000000000001,True
ENZ_PAZY_376,PA,9,25,1.0,0.6100000000000001,True
ENZ_PAZY_376,PA,9,35,0.0,0.6100000000000001,True
ENZ_PAZY_376,PA,9,35,0.5,0.6100000000000001,True
ENZ_PAZY_376,PA,9,35,1.0,0.6100000000000001,True
ENZ_PAZY_376,PA,9,45,0.0,0.6100000000000001,True
ENZ_PAZY_376,PA,9,45,0.5,0.6100000000000001,True
ENZ_PAZY_376,PA,9,45,1.0,0.6100000000000001,True
ENZ_PAZY_376,PA,9,55,0.0,0.6100000000000001,True
ENZ_PAZY_376,PA,9,55,0.5,0.6100000000000001,True
ENZ_PAZY_376,PA,9,55,1.0,0.6100000000000001,True
ENZ_PAZY_376,PA,9,65,0.0,0.6100000000000001,True
ENZ_PAZY_376,PA,9,65,0.5,0.6100000000000001,True
ENZ_PAZY_376,PA,9,65,1.0,0.6100000000000001,True
ENZ_PAZY_376,PA,10,25,0.0,0.6100000000000001,True
ENZ_PAZY_376,PA,10,25,0.5,0.6100000000000001,True
ENZ_PAZY_376,PA,10,25,1.0,0.6100000000000001,True
ENZ_PAZY_376,PA,10,35,0.0,0.6100000000000001,True
ENZ_PAZY_376,PA,10,35,0.5,0.6100000000000001,True
ENZ_PAZY_376,PA,10,35,1.0,0.6100000000000001,True
ENZ_PAZY_376,PA,10,45,0.0,0.6100000000000001,True
ENZ_PAZY_376,PA,10,45,0.5,0.6100000000000001,True
ENZ_PAZY_376,PA,10,45,1.0,0.6100000000000001,True
ENZ_PAZY_376,PA,10,55,0.0,0.6100000000000001,True
ENZ_PAZY_376,PA,10,55,0.5,0.6100000000000001,True
ENZ_PAZY_376,PA,10,55,1.0,0.6100000000000001,True
ENZ_PAZY_376,PA,10,65,0.0,0.6100000000000001,True
ENZ_PAZY_376,PA,10,65,0.5,0.6100000000000001,True
ENZ_PAZY_376,PA,10,65,1.0,0.6100000000000001,True
ENZ_PAZY_377,PA,6,25,0.0,0.6100000000000001,True
ENZ_PAZY_377,PA,6,25,0.5,0.6100000000000001,True
ENZ_PAZY_377,PA,6,25,1.0,0.6100000000000001,True
ENZ_PAZY_377,PA,6,35,0.0,0.6100000000000001,True
ENZ_PAZY_377,PA,6,35,0.5,0.6100000000000001,True
ENZ_PAZY_377,PA,6,35,1.0,0.6100000000000001,True
ENZ_PAZY_377,PA,6,45,0.0,0.6100000000000001,True
ENZ_PAZY_377,PA,6,45,0.5,0.6100000000000001,True
ENZ_PAZY_377,PA,6,45,1.0,0.6100000000000001,True
ENZ_PAZY_377,PA,6,55,0.0,0.6100000000000001,True
ENZ_PAZY_377,PA,6,55,0.5,0.6100000000000001,True
ENZ_PAZY_377,PA,6,55,1.0,0.6100000000000001,True
ENZ_PAZY_377,PA,6,65,0.0,0.6100000000000001,True
ENZ_PAZY_377,PA,6,65,0.5,0.6100000000000001,True
ENZ_PAZY_377,PA,6,65,1.0,0.6100000000000001,True
ENZ_PAZY_377,PA,7,25,0.0,0.6100000000000001,True
ENZ_PAZY_377,PA,7,25,0.5,0.6100000000000001,True
ENZ_PAZY_377,PA,7,25,1.0,0.6100000000000001,True
ENZ_PAZY_377,PA,7,35,0.0,0.6100000000000001,True
ENZ_PAZY_377,PA,7,35,0.5,0.6100000000000001,True
ENZ_PAZY_377,PA,7,35,1.0,0.6100000000000001,True
ENZ_PAZY_377,PA,7,45,0.0,0.6100000000000001,True
ENZ_PAZY_377,PA,7,45,0.5,0.6100000000000001,True
ENZ_PAZY_377,PA,7,45,1.0,0.6100000000000001,True
ENZ_PAZY_377,PA,7,55,0.0,0.6100000000000001,True
ENZ_PAZY_377,PA,7,55,0.5,0.6100000000000001,True
ENZ_PAZY_377,PA,7,55,1.0,0.6100000000000001,True
ENZ_PAZY_377,PA,7,65,0.0,0.6100000000000001,True
ENZ_PAZY_377,PA,7,65,0.5,0.6100000000000001,True
ENZ_PAZY_377,PA,7,65,1.0,0.6100000000000001,True
ENZ_PAZY_377,PA,8,25,0.0,0.6100000000000001,True
ENZ_PAZY_377,PA,8,25,0.5,0.6100000000000001,True
ENZ_PAZY_377,PA,8,25,1.0,0.6100000000000001,True
ENZ_PAZY_377,PA,8,35,0.0,0.6100000000000001,True
ENZ_PAZY_377,PA,8,35,0.5,0.6100000000000001,True
ENZ_PAZY_377,PA,8,35,1.0,0.6100000000000001,True
ENZ_PAZY_377,PA,8,45,0.0,0.6100000000000001,True
ENZ_PAZY_377,PA,8,45,0.5,0.6100000000000001,True
ENZ_PAZY_377,PA,8,45,1.0,0.6100000000000001,True
ENZ_PAZY_377,PA,8,55,0.0,0.6100000000000001,True
ENZ_PAZY_377,PA,8,55,0.5,0.6100000000000001,True
ENZ_PAZY_377,PA,8,55,1.0,0.6100000000000001,True
ENZ_PAZY_377,PA,8,65,0.0,0.6100000000000001,True
ENZ_PAZY_377,PA,8,65,0.5,0.6100000000000001,True
ENZ_PAZY_377,PA,8,65,1.0,0.6100000000000001,True
ENZ_PAZY_377,PA,9,25,0.0,0.6100000000000001,True
ENZ_PAZY_377,PA,9,25,0.5,0.6100000000000001,True
ENZ_PAZY_377,PA,9,25,1.0,0.6100000000000001,True
ENZ_PAZY_377,PA,9,35,0.0,0.6100000000000001,True
ENZ_PAZY_377,PA,9,35,0.5,0.6100000000000001,True
ENZ_PAZY_377,PA,9,35,1.0,0.6100000000000001,True
ENZ_PAZY_377,PA,9,45,0.0,0.6100000000000001,True
ENZ_PAZY_377,PA,9,45,0.5,0.6100000000000001,True
ENZ_PAZY_377,PA,9,45,1.0,0.6100000000000001,True
ENZ_PAZY_377,PA,9,55,0.0,0.6100000000000001,True
ENZ_PAZY_377,PA,9,55,0.5,0.6100000000000001,True
ENZ_PAZY_377,PA,9,55,1.0,0.6100000000000001,True
ENZ_PAZY_377,PA,9,65,0.0,0.6100000000000001,True
ENZ_PAZY_377,PA,9,65,0.5,0.6100000000000001,True
ENZ_PAZY_377,PA,9,65,1.0,0.6100000000000001,True
ENZ_PAZY_377,PA,10,25,0.0,0.6100000000000001,True
ENZ_PAZY_377,PA,10,25,0.5,0.6100000000000001,True
ENZ_PAZY_377,PA,10,25,1.0,0.6100000000000001,True
ENZ_PAZY_377,PA,10,35,0.0,0.6100000000000001,True
ENZ_PAZY_377,PA,10,35,0.5,0.6100000000000001,True
ENZ_PAZY_377,PA,10,35,1.0,0.6100000000000001,True
ENZ_PAZY_377,PA,10,45,0.0,0.6100000000000001,True
ENZ_PAZY_377,PA,10,45,0.5,0.6100000000000001,True
ENZ_PAZY_377,PA,10,45,1.0,0.6100000000000001,True
ENZ_PAZY_377,PA,10,55,0.0,0.6100000000000001,True
ENZ_PAZY_377,PA,10,55,0.5,0.6100000000000001,True
ENZ_PAZY_377,PA,10,55,1.0,0.6100000000000001,True
ENZ_PAZY_377,PA,10,65,0.0,0.6100000000000001,True
ENZ_PAZY_377,PA,10,65,0.5,0.6100000000000001,True
ENZ_PAZY_377,PA,10,65,1.0,0.6100000000000001,True
ENZ_PAZY_378,PA,6,25,0.0,0.6100000000000001,True
ENZ_PAZY_378,PA,6,25,0.5,0.6100000000000001,True
ENZ_PAZY_378,PA,6,25,1.0,0.6100000000000001,True
ENZ_PAZY_378,PA,6,35,0.0,0.6100000000000001,True
ENZ_PAZY_378,PA,6,35,0.5,0.6100000000000001,True
ENZ_PAZY_378,PA,6,35,1.0,0.6100000000000001,True
ENZ_PAZY_378,PA,6,45,0.0,0.6100000000000001,True
ENZ_PAZY_378,PA,6,45,0.5,0.6100000000000001,True
ENZ_PAZY_378,PA,6,45,1.0,0.6100000000000001,True
ENZ_PAZY_378,PA,6,55,0.0,0.6100000000000001,True
ENZ_PAZY_378,PA,6,55,0.5,0.6100000000000001,True
ENZ_PAZY_378,PA,6,55,1.0,0.6100000000000001,True
ENZ_PAZY_378,PA,6,65,0.0,0.6100000000000001,True
ENZ_PAZY_378,PA,6,65,0.5,0.6100000000000001,True
ENZ_PAZY_378,PA,6,65,1.0,0.6100000000000001,True
ENZ_PAZY_378,PA,7,25,0.0,0.6100000000000001,True
ENZ_PAZY_378,PA,7,25,0.5,0.6100000000000001,True
ENZ_PAZY_378,PA,7,25,1.0,0.6100000000000001,True
ENZ_PAZY_378,PA,7,35,0.0,0.6100000000000001,True
ENZ_PAZY_378,PA,7,35,0.5,0.6100000000000001,True
ENZ_PAZY_378,PA,7,35,1.0,0.6100000000000001,True
ENZ_PAZY_378,PA,7,45,0.0,0.6100000000000001,True
ENZ_PAZY_378,PA,7,45,0.5,0.6100000000000001,True
ENZ_PAZY_378,PA,7,45,1.0,0.6100000000000001,True
ENZ_PAZY_378,PA,7,55,0.0,0.6100000000000001,True
ENZ_PAZY_378,PA,7,55,0.5,0.6100000000000001,True
ENZ_PAZY_378,PA,7,55,1.0,0.6100000000000001,True
ENZ_PAZY_378,PA,7,65,0.0,0.6100000000000001,True
ENZ_PAZY_378,PA,7,65,0.5,0.6100000000000001,True
ENZ_PAZY_378,PA,7,65,1.0,0.6100000000000001,True
ENZ_PAZY_378,PA,8,25,0.0,0.6100000000000001,True
ENZ_PAZY_378,PA,8,25,0.5,0.6100000000000001,True
ENZ_PAZY_378,PA,8,25,1.0,0.6100000000000001,True
ENZ_PAZY_378,PA,8,35,0.0,0.6100000000000001,True
ENZ_PAZY_378,PA,8,35,0.5,0.6100000000000001,True
ENZ_PAZY_378,PA,8,35,1.0,0.6100000000000001,True
ENZ_PAZY_378,PA,8,45,0.0,0.6100000000000001,True
ENZ_PAZY_378,PA,8,45,0.5,0.6100000000000001,True
ENZ_PAZY_378,PA,8,45,1.0,0.6100000000000001,True
ENZ_PAZY_378,PA,8,55,0.0,0.6100000000000001,True
ENZ_PAZY_378,PA,8,55,0.5,0.6100000000000001,True
ENZ_PAZY_378,PA,8,55,1.0,0.6100000000000001,True
ENZ_PAZY_378,PA,8,65,0.0,0.6100000000000001,True
ENZ_PAZY_378,PA,8,65,0.5,0.6100000000000001,True
ENZ_PAZY_378,PA,8,65,1.0,0.6100000000000001,True
ENZ_PAZY_378,PA,9,25,0.0,0.6100000000000001,True
ENZ_PAZY_378,PA,9,25,0.5,0.6100000000000001,True
ENZ_PAZY_378,PA,9,25,1.0,0.6100000000000001,True
ENZ_PAZY_378,PA,9,35,0.0,0.6100000000000001,True
ENZ_PAZY_378,PA,9,35,0.5,0.6100000000000001,True
ENZ_PAZY_378,PA,9,35,1.0,0.6100000000000001,True
ENZ_PAZY_378,PA,9,45,0.0,0.6100000000000001,True
ENZ_PAZY_378,PA,9,45,0.5,0.6100000000000001,True
ENZ_PAZY_378,PA,9,45,1.0,0.6100000000000001,True
ENZ_PAZY_378,PA,9,55,0.0,0.6100000000000001,True
ENZ_PAZY_378,PA,9,55,0.5,0.6100000000000001,True
ENZ_PAZY_378,PA,9,55,1.0,0.6100000000000001,True
ENZ_PAZY_378,PA,9,65,0.0,0.6100000000000001,True
ENZ_PAZY_378,PA,9,65,0.5,0.6100000000000001,True
ENZ_PAZY_378,PA,9,65,1.0,0.6100000000000001,True
ENZ_PAZY_378,PA,10,25,0.0,0.6100000000000001,True
ENZ_PAZY_378,PA,10,25,0.5,0.6100000000000001,True
ENZ_PAZY_378,PA,10,25,1.0,0.6100000000000001,True
ENZ_PAZY_378,PA,10,35,0.0,0.6100000000000001,True
ENZ_PAZY_378,PA,10,35,0.5,0.6100000000000001,True
ENZ_PAZY_378,PA,10,35,1.0,0.6100000000000001,True
ENZ_PAZY_378,PA,10,45,0.0,0.6100000000000001,True
ENZ_PAZY_378,PA,10,45,0.5,0.6100000000000001,True
ENZ_PAZY_378,PA,10,45,1.0,0.6100000000000001,True
ENZ_PAZY_378,PA,10,55,0.0,0.6100000000000001,True
ENZ_PAZY_378,PA,10,55,0.5,0.6100000000000001,True
ENZ_PAZY_378,PA,10,55,1.0,0.6100000000000001,True
ENZ_PAZY_378,PA,10,65,0.0,0.6100000000000001,True
ENZ_PAZY_378,PA,10,65,0.5,0.6100000000000001,True
ENZ_PAZY_378,PA,10,65,1.0,0.6100000000000001,True
ENZ_PAZY_379,PA,6,25,0.0,0.6100000000000001,True
ENZ_PAZY_379,PA,6,25,0.5,0.6100000000000001,True
ENZ_PAZY_379,PA,6,25,1.0,0.6100000000000001,True
ENZ_PAZY_379,PA,6,35,0.0,0.6100000000000001,True
ENZ_PAZY_379,PA,6,35,0.5,0.6100000000000001,True
ENZ_PAZY_379,PA,6,35,1.0,0.6100000000000001,True
ENZ_PAZY_379,PA,6,45,0.0,0.6100000000000001,True
ENZ_PAZY_379,PA,6,45,0.5,0.6100000000000001,True
ENZ_PAZY_379,PA,6,45,1.0,0.6100000000000001,True
ENZ_PAZY_379,PA,6,55,0.0,0.6100000000000001,True
ENZ_PAZY_379,PA,6,55,0.5,0.6100000000000001,True
ENZ_PAZY_379,PA,6,55,1.0,0.6100000000000001,True
ENZ_PAZY_379,PA,6,65,0.0,0.6100000000000001,True
ENZ_PAZY_379,PA,6,65,0.5,0.6100000000000001,True
ENZ_PAZY_379,PA,6,65,1.0,0.6100000000000001,True
ENZ_PAZY_379,PA,7,25,0.0,0.6100000000000001,True
ENZ_PAZY_379,PA,7,25,0.5,0.6100000000000001,True
ENZ_PAZY_379,PA,7,25,1.0,0.6100000000000001,True
ENZ_PAZY_379,PA,7,35,0.0,0.6100000000000001,True
ENZ_PAZY_379,PA,7,35,0.5,0.6100000000000001,True
ENZ_PAZY_379,PA,7,35,1.0,0.6100000000000001,True
ENZ_PAZY_379,PA,7,45,0.0,0.6100000000000001,True
ENZ_PAZY_379,PA,7,45,0.5,0.6100000000000001,True
ENZ_PAZY_379,PA,7,45,1.0,0.6100000000000001,True
ENZ_PAZY_379,PA,7,55,0.0,0.6100000000000001,True
ENZ_PAZY_379,PA,7,55,0.5,0.6100000000000001,True
ENZ_PAZY_379,PA,7,55,1.0,0.6100000000000001,True
ENZ_PAZY_379,PA,7,65,0.0,0.6100000000000001,True
ENZ_PAZY_379,PA,7,65,0.5,0.6100000000000001,True
ENZ_PAZY_379,PA,7,65,1.0,0.6100000000000001,True
ENZ_PAZY_379,PA,8,25,0.0,0.6100000000000001,True
ENZ_PAZY_379,PA,8,25,0.5,0.6100000000000001,True
ENZ_PAZY_379,PA,8,25,1.0,0.6100000000000001,True
ENZ_PAZY_379,PA,8,35,0.0,0.6100000000000001,True
ENZ_PAZY_379,PA,8,35,0.5,0.6100000000000001,True
ENZ_PAZY_379,PA,8,35,1.0,0.6100000000000001,True
ENZ_PAZY_379,PA,8,45,0.0,0.6100000000000001,True
ENZ_PAZY_379,PA,8,45,0.5,0.6100000000000001,True
ENZ_PAZY_379,PA,8,45,1.0,0.6100000000000001,True
ENZ_PAZY_379,PA,8,55,0.0,0.6100000000000001,True
ENZ_PAZY_379,PA,8,55,0.5,0.6100000000000001,True
ENZ_PAZY_379,PA,8,55,1.0,0.6100000000000001,True
ENZ_PAZY_379,PA,8,65,0.0,0.6100000000000001,True
ENZ_PAZY_379,PA,8,65,0.5,0.6100000000000001,True
ENZ_PAZY_379,PA,8,65,1.0,0.6100000000000001,True
ENZ_PAZY_379,PA,9,25,0.0,0.6100000000000001,True
ENZ_PAZY_379,PA,9,25,0.5,0.6100000000000001,True
ENZ_PAZY_379,PA,9,25,1.0,0.6100000000000001,True
ENZ_PAZY_379,PA,9,35,0.0,0.6100000000000001,True
ENZ_PAZY_379,PA,9,35,0.5,0.6100000000000001,True
ENZ_PAZY_379,PA,9,35,1.0,0.6100000000000001,True
ENZ_PAZY_379,PA,9,45,0.0,0.6100000000000001,True
ENZ_PAZY_379,PA,9,45,0.5,0.6100000000000001,True
ENZ_PAZY_379,PA,9,45,1.0,0.6100000000000001,True
ENZ_PAZY_379,PA,9,55,0.0,0.6100000000000001,True
ENZ_PAZY_379,PA,9,55,0.5,0.6100000000000001,True
ENZ_PAZY_379,PA,9,55,1.0,0.6100000000000001,True
ENZ_PAZY_379,PA,9,65,0.0,0.6100000000000001,True
ENZ_PAZY_379,PA,9,65,0.5,0.6100000000000001,True
ENZ_PAZY_379,PA,9,65,1.0,0.6100000000000001,True
ENZ_PAZY_379,PA,10,25,0.0,0.6100000000000001,True
ENZ_PAZY_379,PA,10,25,0.5,0.6100000000000001,True
ENZ_PAZY_379,PA,10,25,1.0,0.6100000000000001,True
ENZ_PAZY_379,PA,10,35,0.0,0.6100000000000001,True
ENZ_PAZY_379,PA,10,35,0.5,0.6100000000000001,True
ENZ_PAZY_379,PA,10,35,1.0,0.6100000000000001,True
ENZ_PAZY_379,PA,10,45,0.0,0.6100000000000001,True
ENZ_PAZY_379,PA,10,45,0.5,0.6100000000000001,True
ENZ_PAZY_379,PA,10,45,1.0,0.6100000000000001,True
ENZ_PAZY_379,PA,10,55,0.0,0.6100000000000001,True
ENZ_PAZY_379,PA,10,55,0.5,0.6100000000000001,True
ENZ_PAZY_379,PA,10,55,1.0,0.6100000000000001,True
ENZ_PAZY_379,PA,10,65,0.0,0.6100000000000001,True
ENZ_PAZY_379,PA,10,65,0.5,0.6100000000000001,True
ENZ_PAZY_379,PA,10,65,1.0,0.6100000000000001,True
ENZ_PAZY_380,PA,6,25,0.0,0.6100000000000001,True
ENZ_PAZY_380,PA,6,25,0.5,0.6100000000000001,True
ENZ_PAZY_380,PA,6,25,1.0,0.6100000000000001,True
ENZ_PAZY_380,PA,6,35,0.0,0.6100000000000001,True
ENZ_PAZY_380,PA,6,35,0.5,0.6100000000000001,True
ENZ_PAZY_380,PA,6,35,1.0,0.6100000000000001,True
ENZ_PAZY_380,PA,6,45,0.0,0.6100000000000001,True
ENZ_PAZY_380,PA,6,45,0.5,0.6100000000000001,True
ENZ_PAZY_380,PA,6,45,1.0,0.6100000000000001,True
ENZ_PAZY_380,PA,6,55,0.0,0.6100000000000001,True
ENZ_PAZY_380,PA,6,55,0.5,0.6100000000000001,True
ENZ_PAZY_380,PA,6,55,1.0,0.6100000000000001,True
ENZ_PAZY_380,PA,6,65,0.0,0.6100000000000001,True
ENZ_PAZY_380,PA,6,65,0.5,0.6100000000000001,True
ENZ_PAZY_380,PA,6,65,1.0,0.6100000000000001,True
ENZ_PAZY_380,PA,7,25,0.0,0.6100000000000001,True
ENZ_PAZY_380,PA,7,25,0.5,0.6100000000000001,True
ENZ_PAZY_380,PA,7,25,1.0,0.6100000000000001,True
ENZ_PAZY_380,PA,7,35,0.0,0.6100000000000001,True
ENZ_PAZY_380,PA,7,35,0.5,0.6100000000000001,True
ENZ_PAZY_380,PA,7,35,1.0,0.6100000000000001,True
ENZ_PAZY_380,PA,7,45,0.0,0.6100000000000001,True
ENZ_PAZY_380,PA,7,45,0.5,0.6100000000000001,True
ENZ_PAZY_380,PA,7,45,1.0,0.6100000000000001,True
ENZ_PAZY_380,PA,7,55,0.0,0.6100000000000001,True
ENZ_PAZY_380,PA,7,55,0.5,0.6100000000000001,True
ENZ_PAZY_380,PA,7,55,1.0,0.6100000000000001,True
ENZ_PAZY_380,PA,7,65,0.0,0.6100000000000001,True
ENZ_PAZY_380,PA,7,65,0.5,0.6100000000000001,True
ENZ_PAZY_380,PA,7,65,1.0,0.6100000000000001,True
ENZ_PAZY_380,PA,8,25,0.0,0.6100000000000001,True
ENZ_PAZY_380,PA,8,25,0.5,0.6100000000000001,True
ENZ_PAZY_380,PA,8,25,1.0,0.6100000000000001,True
ENZ_PAZY_380,PA,8,35,0.0,0.6100000000000001,True
ENZ_PAZY_380,PA,8,35,0.5,0.6100000000000001,True
ENZ_PAZY_380,PA,8,35,1.0,0.6100000000000001,True
ENZ_PAZY_380,PA,8,45,0.0,0.6100000000000001,True
ENZ_PAZY_380,PA,8,45,0.5,0.6100000000000001,True
ENZ_PAZY_380,PA,8,45,1.0,0.6100000000000001,True
ENZ_PAZY_380,PA,8,55,0.0,0.6100000000000001,True
ENZ_PAZY_380,PA,8,55,0.5,0.6100000000000001,True
ENZ_PAZY_380,PA,8,55,1.0,0.6100000000000001,True
ENZ_PAZY_380,PA,8,65,0.0,0.6100000000000001,True
ENZ_PAZY_380,PA,8,65,0.5,0.6100000000000001,True
ENZ_PAZY_380,PA,8,65,1.0,0.6100000000000001,True
ENZ_PAZY_380,PA,9,25,0.0,0.6100000000000001,True
ENZ_PAZY_380,PA,9,25,0.5,0.6100000000000001,True
ENZ_PAZY_380,PA,9,25,1.0,0.6100000000000001,True
ENZ_PAZY_380,PA,9,35,0.0,0.6100000000000001,True
ENZ_PAZY_380,PA,9,35,0.5,0.6100000000000001,True
ENZ_PAZY_380,PA,9,35,1.0,0.6100000000000001,True
ENZ_PAZY_380,PA,9,45,0.0,0.6100000000000001,True
ENZ_PAZY_380,PA,9,45,0.5,0.6100000000000001,True
ENZ_PAZY_380,PA,9,45,1.0,0.6100000000000001,True
ENZ_PAZY_380,PA,9,55,0.0,0.6100000000000001,True
ENZ_PAZY_380,PA,9,55,0.5,0.6100000000000001,True
ENZ_PAZY_380,PA,9,55,1.0,0.6100000000000001,True
ENZ_PAZY_380,PA,9,65,0.0,0.6100000000000001,True
ENZ_PAZY_380,PA,9,65,0.5,0.6100000000000001,True
ENZ_PAZY_380,PA,9,65,1.0,0.6100000000000001,True
ENZ_PAZY_380,PA,10,25,0.0,0.6100000000000001,True
ENZ_PAZY_380,PA,10,25,0.5,0.6100000000000001,True
ENZ_PAZY_380,PA,10,25,1.0,0.6100000000000001,True
ENZ_PAZY_380,PA,10,35,0.0,0.6100000000000001,True
ENZ_PAZY_380,PA,10,35,0.5,0.6100000000000001,True
ENZ_PAZY_380,PA,10,35,1.0,0.6100000000000001,True
ENZ_PAZY_380,PA,10,45,0.0,0.6100000000000001,True
ENZ_PAZY_380,PA,10,45,0.5,0.6100000000000001,True
ENZ_PAZY_380,PA,10,45,1.0,0.6100000000000001,True
ENZ_PAZY_380,PA,10,55,0.0,0.6100000000000001,True
ENZ_PAZY_380,PA,10,55,0.5,0.6100000000000001,True
ENZ_PAZY_380,PA,10,55,1.0,0.6100000000000001,True
ENZ_PAZY_380,PA,10,65,0.0,0.6100000000000001,True
ENZ_PAZY_380,PA,10,65,0.5,0.6100000000000001,True
ENZ_PAZY_380,PA,10,65,1.0,0.6100000000000001,True
ENZ_PAZY_482,PA,6,25,0.0,0.6100000000000001,True
ENZ_PAZY_482,PA,6,25,0.5,0.6100000000000001,True
ENZ_PAZY_482,PA,6,25,1.0,0.6100000000000001,True
ENZ_PAZY_482,PA,6,35,0.0,0.6100000000000001,True
ENZ_PAZY_482,PA,6,35,0.5,0.6100000000000001,True
ENZ_PAZY_482,PA,6,35,1.0,0.6100000000000001,True
ENZ_PAZY_482,PA,6,45,0.0,0.6100000000000001,True
ENZ_PAZY_482,PA,6,45,0.5,0.6100000000000001,True
ENZ_PAZY_482,PA,6,45,1.0,0.6100000000000001,True
ENZ_PAZY_482,PA,6,55,0.0,0.6100000000000001,True
ENZ_PAZY_482,PA,6,55,0.5,0.6100000000000001,True
ENZ_PAZY_482,PA,6,55,1.0,0.6100000000000001,True
ENZ_PAZY_482,PA,6,65,0.0,0.6100000000000001,True
ENZ_PAZY_482,PA,6,65,0.5,0.6100000000000001,True
ENZ_PAZY_482,PA,6,65,1.0,0.6100000000000001,True
ENZ_PAZY_482,PA,7,25,0.0,0.6100000000000001,True
ENZ_PAZY_482,PA,7,25,0.5,0.6100000000000001,True
ENZ_PAZY_482,PA,7,25,1.0,0.6100000000000001,True
ENZ_PAZY_482,PA,7,35,0.0,0.6100000000000001,True
ENZ_PAZY_482,PA,7,35,0.5,0.6100000000000001,True
ENZ_PAZY_482,PA,7,35,1.0,0.6100000000000001,True
ENZ_PAZY_482,PA,7,45,0.0,0.6100000000000001,True
ENZ_PAZY_482,PA,7,45,0.5,0.6100000000000001,True
ENZ_PAZY_482,PA,7,45,1.0,0.6100000000000001,True
ENZ_PAZY_482,PA,7,55,0.0,0.6100000000000001,True
ENZ_PAZY_482,PA,7,55,0.5,0.6100000000000001,True
ENZ_PAZY_482,PA,7,55,1.0,0.6100000000000001,True
ENZ_PAZY_482,PA,7,65,0.0,0.6100000000000001,True
ENZ_PAZY_482,PA,7,65,0.5,0.6100000000000001,True
ENZ_PAZY_482,PA,7,65,1.0,0.6100000000000001,True
ENZ_PAZY_482,PA,8,25,0.0,0.6100000000000001,True
ENZ_PAZY_482,PA,8,25,0.5,0.6100000000000001,True
ENZ_PAZY_482,PA,8,25,1.0,0.6100000000000001,True
ENZ_PAZY_482,PA,8,35,0.0,0.6100000000000001,True
ENZ_PAZY_482,PA,8,35,0.5,0.6100000000000001,True
ENZ_PAZY_482,PA,8,35,1.0,0.6100000000000001,True
ENZ_PAZY_482,PA,8,45,0.0,0.6100000000000001,True
ENZ_PAZY_482,PA,8,45,0.5,0.6100000000000001,True
ENZ_PAZY_482,PA,8,45,1.0,0.6100000000000001,True
ENZ_PAZY_482,PA,8,55,0.0,0.6100000000000001,True
ENZ_PAZY_482,PA,8,55,0.5,0.6100000000000001,True
ENZ_PAZY_482,PA,8,55,1.0,0.6100000000000001,True
ENZ_PAZY_482,PA,8,65,0.0,0.6100000000000001,True
ENZ_PAZY_482,PA,8,65,0.5,0.6100000000000001,True
ENZ_PAZY_482,PA,8,65,1.0,0.6100000000000001,True
ENZ_PAZY_482,PA,9,25,0.0,0.6100000000000001,True
ENZ_PAZY_482,PA,9,25,0.5,0.6100000000000001,True
ENZ_PAZY_482,PA,9,25,1.0,0.6100000000000001,True
ENZ_PAZY_482,PA,9,35,0.0,0.6100000000000001,True
ENZ_PAZY_482,PA,9,35,0.5,0.6100000000000001,True
ENZ_PAZY_482,PA,9,35,1.0,0.6100000000000001,True
ENZ_PAZY_482,PA,9,45,0.0,0.6100000000000001,True
ENZ_PAZY_482,PA,9,45,0.5,0.6100000000000001,True
ENZ_PAZY_482,PA,9,45,1.0,0.6100000000000001,True
ENZ_PAZY_482,PA,9,55,0.0,0.6100000000000001,True
ENZ_PAZY_482,PA,9,55,0.5,0.6100000000000001,True
ENZ_PAZY_482,PA,9,55,1.0,0.6100000000000001,True
ENZ_PAZY_482,PA,9,65,0.0,0.6100000000000001,True
ENZ_PAZY_482,PA,9,65,0.5,0.6100000000000001,True
ENZ_PAZY_482,PA,9,65,1.0,0.6100000000000001,True
ENZ_PAZY_482,PA,10,25,0.0,0.6100000000000001,True
ENZ_PAZY_482,PA,10,25,0.5,0.6100000000000001,True
ENZ_PAZY_482,PA,10,25,1.0,0.6100000000000001,True
ENZ_PAZY_482,PA,10,35,0.0,0.6100000000000001,True
ENZ_PAZY_482,PA,10,35,0.5,0.6100000000000001,True
ENZ_PAZY_482,PA,10,35,1.0,0.6100000000000001,True
ENZ_PAZY_482,PA,10,45,0.0,0.6100000000000001,True
ENZ_PAZY_482,PA,10,45,0.5,0.6100000000000001,True
ENZ_PAZY_482,PA,10,45,1.0,0.6100000000000001,True
ENZ_PAZY_482,PA,10,55,0.0,0.6100000000000001,True
ENZ_PAZY_482,PA,10,55,0.5,0.6100000000000001,True
ENZ_PAZY_482,PA,10,55,1.0,0.6100000000000001,True
ENZ_PAZY_482,PA,10,65,0.0,0.6100000000000001,True
ENZ_PAZY_482,PA,10,65,0.5,0.6100000000000001,True
ENZ_PAZY_482,PA,10,65,1.0,0.6100000000000001,True
ENZ_PAZY_500,PUR,6,25,0.0,0.6100000000000001,True
ENZ_PAZY_500,PUR,6,25,0.5,0.6100000000000001,True
ENZ_PAZY_500,PUR,6,25,1.0,0.6100000000000001,True
ENZ_PAZY_500,PUR,6,35,0.0,0.6100000000000001,True
ENZ_PAZY_500,PUR,6,35,0.5,0.6100000000000001,True
ENZ_PAZY_500,PUR,6,35,1.0,0.6100000000000001,True
ENZ_PAZY_500,PUR,6,45,0.0,0.6100000000000001,True
ENZ_PAZY_500,PUR,6,45,0.5,0.6100000000000001,True
ENZ_PAZY_500,PUR,6,45,1.0,0.6100000000000001,True
ENZ_PAZY_500,PUR,6,55,0.0,0.6100000000000001,True
ENZ_PAZY_500,PUR,6,55,0.5,0.6100000000000001,True
ENZ_PAZY_500,PUR,6,55,1.0,0.6100000000000001,True
ENZ_PAZY_500,PUR,6,65,0.0,0.6100000000000001,True
ENZ_PAZY_500,PUR,6,65,0.5,0.6100000000000001,True
ENZ_PAZY_500,PUR,6,65,1.0,0.6100000000000001,True
ENZ_PAZY_500,PUR,7,25,0.0,0.6100000000000001,True
ENZ_PAZY_500,PUR,7,25,0.5,0.6100000000000001,True
ENZ_PAZY_500,PUR,7,25,1.0,0.6100000000000001,True
ENZ_PAZY_500,PUR,7,35,0.0,0.6100000000000001,True
ENZ_PAZY_500,PUR,7,35,0.5,0.6100000000000001,True
ENZ_PAZY_500,PUR,7,35,1.0,0.6100000000000001,True
ENZ_PAZY_500,PUR,7,45,0.0,0.6100000000000001,True
ENZ_PAZY_500,PUR,7,45,0.5,0.6100000000000001,True
ENZ_PAZY_500,PUR,7,45,1.0,0.6100000000000001,True
ENZ_PAZY_500,PUR,7,55,0.0,0.6100000000000001,True
ENZ_PAZY_500,PUR,7,55,0.5,0.6100000000000001,True
ENZ_PAZY_500,PUR,7,55,1.0,0.6100000000000001,True
ENZ_PAZY_500,PUR,7,65,0.0,0.6100000000000001,True
ENZ_PAZY_500,PUR,7,65,0.5,0.6100000000000001,True
ENZ_PAZY_500,PUR,7,65,1.0,0.6100000000000001,True
ENZ_PAZY_500,PUR,8,25,0.0,0.6100000000000001,True
ENZ_PAZY_500,PUR,8,25,0.5,0.6100000000000001,True
ENZ_PAZY_500,PUR,8,25,1.0,0.6100000000000001,True
ENZ_PAZY_500,PUR,8,35,0.0,0.6100000000000001,True
ENZ_PAZY_500,PUR,8,35,0.5,0.6100000000000001,True
ENZ_PAZY_500,PUR,8,35,1.0,0.6100000000000001,True
ENZ_PAZY_500,PUR,8,45,0.0,0.6100000000000001,True
ENZ_PAZY_500,PUR,8,45,0.5,0.6100000000000001,True
ENZ_PAZY_500,PUR,8,45,1.0,0.6100000000000001,True
ENZ_PAZY_500,PUR,8,55,0.0,0.6100000000000001,True
ENZ_PAZY_500,PUR,8,55,0.5,0.6100000000000001,True
ENZ_PAZY_500,PUR,8,55,1.0,0.6100000000000001,True
ENZ_PAZY_500,PUR,8,65,0.0,0.6100000000000001,True
ENZ_PAZY_500,PUR,8,65,0.5,0.6100000000000001,True
ENZ_PAZY_500,PUR,8,65,1.0,0.6100000000000001,True
ENZ_PAZY_500,PUR,9,25,0.0,0.6100000000000001,True
ENZ_PAZY_500,PUR,9,25,0.5,0.6100000000000001,True
ENZ_PAZY_500,PUR,9,25,1.0,0.6100000000000001,True
ENZ_PAZY_500,PUR,9,35,0.0,0.6100000000000001,True
ENZ_PAZY_500,PUR,9,35,0.5,0.6100000000000001,True
ENZ_PAZY_500,PUR,9,35,1.0,0.6100000000000001,True
ENZ_PAZY_500,PUR,9,45,0.0,0.6100000000000001,True
ENZ_PAZY_500,PUR,9,45,0.5,0.6100000000000001,True
ENZ_PAZY_500,PUR,9,45,1.0,0.6100000000000001,True
ENZ_PAZY_500,PUR,9,55,0.0,0.6100000000000001,True
ENZ_PAZY_500,PUR,9,55,0.5,0.6100000000000001,True
ENZ_PAZY_500,PUR,9,55,1.0,0.6100000000000001,True
ENZ_PAZY_500,PUR,9,65,0.0,0.6100000000000001,True
ENZ_PAZY_500,PUR,9,65,0.5,0.6100000000000001,True
ENZ_PAZY_500,PUR,9,65,1.0,0.6100000000000001,True
ENZ_PAZY_500,PUR,10,25,0.0,0.6100000000000001,True
ENZ_PAZY_500,PUR,10,25,0.5,0.6100000000000001,True
ENZ_PAZY_500,PUR,10,25,1.0,0.6100000000000001,True
ENZ_PAZY_500,PUR,10,35,0.0,0.6100000000000001,True
ENZ_PAZY_500,PUR,10,35,0.5,0.6100000000000001,True
ENZ_PAZY_500,PUR,10,35,1.0,0.6100000000000001,True
ENZ_PAZY_500,PUR,10,45,0.0,0.6100000000000001,True
ENZ_PAZY_500,PUR,10,45,0.5,0.6100000000000001,True
ENZ_PAZY_500,PUR,10,45,1.0,0.6100000000000001,True
ENZ_PAZY_500,PUR,10,55,0.0,0.6100000000000001,True
ENZ_PAZY_500,PUR,10,55,0.5,0.6100000000000001,True
ENZ_PAZY_500,PUR,10,55,1.0,0.6100000000000001,True
ENZ_PAZY_500,PUR,10,65,0.0,0.6100000000000001,True
ENZ_PAZY_500,PUR,10,65,0.5,0.6100000000000001,True
ENZ_PAZY_500,PUR,10,65,1.0,0.6100000000000001,True
ENZ_PAZY_501,PUR,6,25,0.0,0.6100000000000001,True
ENZ_PAZY_501,PUR,6,25,0.5,0.6100000000000001,True
ENZ_PAZY_501,PUR,6,25,1.0,0.6100000000000001,True
ENZ_PAZY_501,PUR,6,35,0.0,0.6100000000000001,True
ENZ_PAZY_501,PUR,6,35,0.5,0.6100000000000001,True
ENZ_PAZY_501,PUR,6,35,1.0,0.6100000000000001,True
ENZ_PAZY_501,PUR,6,45,0.0,0.6100000000000001,True
ENZ_PAZY_501,PUR,6,45,0.5,0.6100000000000001,True
ENZ_PAZY_501,PUR,6,45,1.0,0.6100000000000001,True
ENZ_PAZY_501,PUR,6,55,0.0,0.6100000000000001,True
ENZ_PAZY_501,PUR,6,55,0.5,0.6100000000000001,True
ENZ_PAZY_501,PUR,6,55,1.0,0.6100000000000001,True
ENZ_PAZY_501,PUR,6,65,0.0,0.6100000000000001,True
ENZ_PAZY_501,PUR,6,65,0.5,0.6100000000000001,True
ENZ_PAZY_501,PUR,6,65,1.0,0.6100000000000001,True
ENZ_PAZY_501,PUR,7,25,0.0,0.6100000000000001,True
ENZ_PAZY_501,PUR,7,25,0.5,0.6100000000000001,True
ENZ_PAZY_501,PUR,7,25,1.0,0.6100000000000001,True
ENZ_PAZY_501,PUR,7,35,0.0,0.6100000000000001,True
ENZ_PAZY_501,PUR,7,35,0.5,0.6100000000000001,True
ENZ_PAZY_501,PUR,7,35,1.0,0.6100000000000001,True
ENZ_PAZY_501,PUR,7,45,0.0,0.6100000000000001,True
ENZ_PAZY_501,PUR,7,45,0.5,0.6100000000000001,True
ENZ_PAZY_501,PUR,7,45,1.0,0.6100000000000001,True
ENZ_PAZY_501,PUR,7,55,0.0,0.6100000000000001,True
ENZ_PAZY_501,PUR,7,55,0.5,0.6100000000000001,True
ENZ_PAZY_501,PUR,7,55,1.0,0.6100000000000001,True
ENZ_PAZY_501,PUR,7,65,0.0,0.6100000000000001,True
ENZ_PAZY_501,PUR,7,65,0.5,0.6100000000000001,True
ENZ_PAZY_501,PUR,7,65,1.0,0.6100000000000001,True
ENZ_PAZY_501,PUR,8,25,0.0,0.6100000000000001,True
ENZ_PAZY_501,PUR,8,25,0.5,0.6100000000000001,True
ENZ_PAZY_501,PUR,8,25,1.0,0.6100000000000001,True
ENZ_PAZY_501,PUR,8,35,0.0,0.6100000000000001,True
ENZ_PAZY_501,PUR,8,35,0.5,0.6100000000000001,True
ENZ_PAZY_501,PUR,8,35,1.0,0.6100000000000001,True
ENZ_PAZY_501,PUR,8,45,0.0,0.6100000000000001,True
ENZ_PAZY_501,PUR,8,45,0.5,0.6100000000000001,True
ENZ_PAZY_501,PUR,8,45,1.0,0.6100000000000001,True
ENZ_PAZY_501,PUR,8,55,0.0,0.6100000000000001,True
ENZ_PAZY_501,PUR,8,55,0.5,0.6100000000000001,True
ENZ_PAZY_501,PUR,8,55,1.0,0.6100000000000001,True
ENZ_PAZY_501,PUR,8,65,0.0,0.6100000000000001,True
ENZ_PAZY_501,PUR,8,65,0.5,0.6100000000000001,True
ENZ_PAZY_501,PUR,8,65,1.0,0.6100000000000001,True
ENZ_PAZY_501,PUR,9,25,0.0,0.6100000000000001,True
ENZ_PAZY_501,PUR,9,25,0.5,0.6100000000000001,True
ENZ_PAZY_501,PUR,9,25,1.0,0.6100000000000001,True
ENZ_PAZY_501,PUR,9,35,0.0,0.6100000000000001,True
ENZ_PAZY_501,PUR,9,35,0.5,0.6100000000000001,True
ENZ_PAZY_501,PUR,9,35,1.0,0.6100000000000001,True
ENZ_PAZY_501,PUR,9,45,0.0,0.6100000000000001,True
ENZ_PAZY_501,PUR,9,45,0.5,0.6100000000000001,True
ENZ_PAZY_501,PUR,9,45,1.0,0.6100000000000001,True
ENZ_PAZY_501,PUR,9,55,0.0,0.6100000000000001,True
ENZ_PAZY_501,PUR,9,55,0.5,0.6100000000000001,True
ENZ_PAZY_501,PUR,9,55,1.0,0.6100000000000001,True
ENZ_PAZY_501,PUR,9,65,0.0,0.6100000000000001,True
ENZ_PAZY_501,PUR,9,65,0.5,0.6100000000000001,True
ENZ_PAZY_501,PUR,9,65,1.0,0.6100000000000001,True
ENZ_PAZY_501,PUR,10,25,0.0,0.6100000000000001,True
ENZ_PAZY_501,PUR,10,25,0.5,0.6100000000000001,True
ENZ_PAZY_501,PUR,10,25,1.0,0.6100000000000001,True
ENZ_PAZY_501,PUR,10,35,0.0,0.6100000000000001,True
ENZ_PAZY_501,PUR,10,35,0.5,0.6100000000000001,True
ENZ_PAZY_501,PUR,10,35,1.0,0.6100000000000001,True
ENZ_PAZY_501,PUR,10,45,0.0,0.6100000000000001,True
ENZ_PAZY_501,PUR,10,45,0.5,0.6100000000000001,True
ENZ_PAZY_501,PUR,10,45,1.0,0.6100000000000001,True
ENZ_PAZY_501,PUR,10,55,0.0,0.6100000000000001,True
ENZ_PAZY_501,PUR,10,55,0.5,0.6100000000000001,True
ENZ_PAZY_501,PUR,10,55,1.0,0.6100000000000001,True
ENZ_PAZY_501,PUR,10,65,0.0,0.6100000000000001,True
ENZ_PAZY_501,PUR,10,65,0.5,0.6100000000000001,True
ENZ_PAZY_501,PUR,10,65,1.0,0.6100000000000001,True
ENZ_PAZY_54,PA,6,25,0.0,0.6100000000000001,True
ENZ_PAZY_54,PA,6,25,0.5,0.6100000000000001,True
ENZ_PAZY_54,PA,6,25,1.0,0.6100000000000001,True
ENZ_PAZY_54,PA,6,35,0.0,0.6100000000000001,True
ENZ_PAZY_54,PA,6,35,0.5,0.6100000000000001,True
ENZ_PAZY_54,PA,6,35,1.0,0.6100000000000001,True
ENZ_PAZY_54,PA,6,45,0.0,0.6100000000000001,True
ENZ_PAZY_54,PA,6,45,0.5,0.6100000000000001,True
ENZ_PAZY_54,PA,6,45,1.0,0.6100000000000001,True
ENZ_PAZY_54,PA,6,55,0.0,0.6100000000000001,True
ENZ_PAZY_54,PA,6,55,0.5,0.6100000000000001,True
ENZ_PAZY_54,PA,6,55,1.0,0.6100000000000001,True
ENZ_PAZY_54,PA,6,65,0.0,0.6100000000000001,True
ENZ_PAZY_54,PA,6,65,0.5,0.6100000000000001,True
ENZ_PAZY_54,PA,6,65,1.0,0.6100000000000001,True
ENZ_PAZY_54,PA,7,25,0.0,0.6100000000000001,True
ENZ_PAZY_54,PA,7,25,0.5,0.6100000000000001,True
ENZ_PAZY_54,PA,7,25,1.0,0.6100000000000001,True
ENZ_PAZY_54,PA,7,35,0.0,0.6100000000000001,True
ENZ_PAZY_54,PA,7,35,0.5,0.6100000000000001,True
ENZ_PAZY_54,PA,7,35,1.0,0.6100000000000001,True
ENZ_PAZY_54,PA,7,45,0.0,0.6100000000000001,True
ENZ_PAZY_54,PA,7,45,0.5,0.6100000000000001,True
ENZ_PAZY_54,PA,7,45,1.0,0.6100000000000001,True
ENZ_PAZY_54,PA,7,55,0.0,0.6100000000000001,True
ENZ_PAZY_54,PA,7,55,0.5,0.6100000000000001,True
ENZ_PAZY_54,PA,7,55,1.0,0.6100000000000001,True
ENZ_PAZY_54,PA,7,65,0.0,0.6100000000000001,True
ENZ_PAZY_54,PA,7,65,0.5,0.6100000000000001,True
ENZ_PAZY_54,PA,7,65,1.0,0.6100000000000001,True
ENZ_PAZY_54,PA,8,25,0.0,0.6100000000000001,True
ENZ_PAZY_54,PA,8,25,0.5,0.6100000000000001,True
ENZ_PAZY_54,PA,8,25,1.0,0.6100000000000001,True
ENZ_PAZY_54,PA,8,35,0.0,0.6100000000000001,True
ENZ_PAZY_54,PA,8,35,0.5,0.6100000000000001,True
ENZ_PAZY_54,PA,8,35,1.0,0.6100000000000001,True
ENZ_PAZY_54,PA,8,45,0.0,0.6100000000000001,True
ENZ_PAZY_54,PA,8,45,0.5,0.6100000000000001,True
ENZ_PAZY_54,PA,8,45,1.0,0.6100000000000001,True
ENZ_PAZY_54,PA,8,55,0.0,0.6100000000000001,True
ENZ_PAZY_54,PA,8,55,0.5,0.6100000000000001,True
ENZ_PAZY_54,PA,8,55,1.0,0.6100000000000001,True
ENZ_PAZY_54,PA,8,65,0.0,0.6100000000000001,True
ENZ_PAZY_54,PA,8,65,0.5,0.6100000000000001,True
ENZ_PAZY_54,PA,8,65,1.0,0.6100000000000001,True
ENZ_PAZY_54,PA,9,25,0.0,0.6100000000000001,True
ENZ_PAZY_54,PA,9,25,0.5,0.6100000000000001,True
ENZ_PAZY_54,PA,9,25,1.0,0.6100000000000001,True
ENZ_PAZY_54,PA,9,35,0.0,0.6100000000000001,True
ENZ_PAZY_54,PA,9,35,0.5,0.6100000000000001,True
ENZ_PAZY_54,PA,9,35,1.0,0.6100000000000001,True
ENZ_PAZY_54,PA,9,45,0.0,0.6100000000000001,True
ENZ_PAZY_54,PA,9,45,0.5,0.6100000000000001,True
ENZ_PAZY_54,PA,9,45,1.0,0.6100000000000001,True
ENZ_PAZY_54,PA,9,55,0.0,0.6100000000000001,True
ENZ_PAZY_54,PA,9,55,0.5,0.6100000000000001,True
ENZ_PAZY_54,PA,9,55,1.0,0.6100000000000001,True
ENZ_PAZY_54,PA,9,65,0.0,0.6100000000000001,True
ENZ_PAZY_54,PA,9,65,0.5,0.6100000000000001,True
ENZ_PAZY_54,PA,9,65,1.0,0.6100000000000001,True
ENZ_PAZY_54,PA,10,25,0.0,0.6100000000000001,True
ENZ_PAZY_54,PA,10,25,0.5,0.6100000000000001,True
ENZ_PAZY_54,PA,10,25,1.0,0.6100000000000001,True
ENZ_PAZY_54,PA,10,35,0.0,0.6100000000000001,True
ENZ_PAZY_54,PA,10,35,0.5,0.6100000000000001,True
ENZ_PAZY_54,PA,10,35,1.0,0.6100000000000001,True
ENZ_PAZY_54,PA,10,45,0.0,0.6100000000000001,True
ENZ_PAZY_54,PA,10,45,0.5,0.6100000000000001,True
ENZ_PAZY_54,PA,10,45,1.0,0.6100000000000001,True
ENZ_PAZY_54,PA,10,55,0.0,0.6100000000000001,True
ENZ_PAZY_54,PA,10,55,0.5,0.6100000000000001,True
ENZ_PAZY_54,PA,10,55,1.0,0.6100000000000001,True
ENZ_PAZY_54,PA,10,65,0.0,0.6100000000000001,True
ENZ_PAZY_54,PA,10,65,0.5,0.6100000000000001,True
ENZ_PAZY_54,PA,10,65,1.0,0.6100000000000001,True
ENZ_PAZY_59,PA,6,25,0.0,0.6100000000000001,True
ENZ_PAZY_59,PA,6,25,0.5,0.6100000000000001,True
ENZ_PAZY_59,PA,6,25,1.0,0.6100000000000001,True
ENZ_PAZY_59,PA,6,35,0.0,0.6100000000000001,True
ENZ_PAZY_59,PA,6,35,0.5,0.6100000000000001,True
ENZ_PAZY_59,PA,6,35,1.0,0.6100000000000001,True
ENZ_PAZY_59,PA,6,45,0.0,0.6100000000000001,True
ENZ_PAZY_59,PA,6,45,0.5,0.6100000000000001,True
ENZ_PAZY_59,PA,6,45,1.0,0.6100000000000001,True
ENZ_PAZY_59,PA,6,55,0.0,0.6100000000000001,True
ENZ_PAZY_59,PA,6,55,0.5,0.6100000000000001,True
ENZ_PAZY_59,PA,6,55,1.0,0.6100000000000001,True
ENZ_PAZY_59,PA,6,65,0.0,0.6100000000000001,True
ENZ_PAZY_59,PA,6,65,0.5,0.6100000000000001,True
ENZ_PAZY_59,PA,6,65,1.0,0.6100000000000001,True
ENZ_PAZY_59,PA,7,25,0.0,0.6100000000000001,True
ENZ_PAZY_59,PA,7,25,0.5,0.6100000000000001,True
ENZ_PAZY_59,PA,7,25,1.0,0.6100000000000001,True
ENZ_PAZY_59,PA,7,35,0.0,0.6100000000000001,True
ENZ_PAZY_59,PA,7,35,0.5,0.6100000000000001,True
ENZ_PAZY_59,PA,7,35,1.0,0.6100000000000001,True
ENZ_PAZY_59,PA,7,45,0.0,0.6100000000000001,True
ENZ_PAZY_59,PA,7,45,0.5,0.6100000000000001,True
ENZ_PAZY_59,PA,7,45,1.0,0.6100000000000001,True
ENZ_PAZY_59,PA,7,55,0.0,0.6100000000000001,True
ENZ_PAZY_59,PA,7,55,0.5,0.6100000000000001,True
ENZ_PAZY_59,PA,7,55,1.0,0.6100000000000001,True
ENZ_PAZY_59,PA,7,65,0.0,0.6100000000000001,True
ENZ_PAZY_59,PA,7,65,0.5,0.6100000000000001,True
ENZ_PAZY_59,PA,7,65,1.0,0.6100000000000001,True
ENZ_PAZY_59,PA,8,25,0.0,0.6100000000000001,True
ENZ_PAZY_59,PA,8,25,0.5,0.6100000000000001,True
ENZ_PAZY_59,PA,8,25,1.0,0.6100000000000001,True
ENZ_PAZY_59,PA,8,35,0.0,0.6100000000000001,True
ENZ_PAZY_59,PA,8,35,0.5,0.6100000000000001,True
ENZ_PAZY_59,PA,8,35,1.0,0.6100000000000001,True
ENZ_PAZY_59,PA,8,45,0.0,0.6100000000000001,True
ENZ_PAZY_59,PA,8,45,0.5,0.6100000000000001,True
ENZ_PAZY_59,PA,8,45,1.0,0.6100000000000001,True
ENZ_PAZY_59,PA,8,55,0.0,0.6100000000000001,True
ENZ_PAZY_59,PA,8,55,0.5,0.6100000000000001,True
ENZ_PAZY_59,PA,8,55,1.0,0.6100000000000001,True
ENZ_PAZY_59,PA,8,65,0.0,0.6100000000000001,True
ENZ_PAZY_59,PA,8,65,0.5,0.6100000000000001,True
ENZ_PAZY_59,PA,8,65,1.0,0.6100000000000001,True
ENZ_PAZY_59,PA,9,25,0.0,0.6100000000000001,True
ENZ_PAZY_59,PA,9,25,0.5,0.6100000000000001,True
ENZ_PAZY_59,PA,9,25,1.0,0.6100000000000001,True
ENZ_PAZY_59,PA,9,35,0.0,0.6100000000000001,True
ENZ_PAZY_59,PA,9,35,0.5,0.6100000000000001,True
ENZ_PAZY_59,PA,9,35,1.0,0.6100000000000001,True
ENZ_PAZY_59,PA,9,45,0.0,0.6100000000000001,True
ENZ_PAZY_59,PA,9,45,0.5,0.6100000000000001,True
ENZ_PAZY_59,PA,9,45,1.0,0.6100000000000001,True
ENZ_PAZY_59,PA,9,55,0.0,0.6100000000000001,True
ENZ_PAZY_59,PA,9,55,0.5,0.6100000000000001,True
ENZ_PAZY_59,PA,9,55,1.0,0.6100000000000001,True
ENZ_PAZY_59,PA,9,65,0.0,0.6100000000000001,True
ENZ_PAZY_59,PA,9,65,0.5,0.6100000000000001,True
ENZ_PAZY_59,PA,9,65,1.0,0.6100000000000001,True
ENZ_PAZY_59,PA,10,25,0.0,0.6100000000000001,True
ENZ_PAZY_59,PA,10,25,0.5,0.6100000000000001,True
ENZ_PAZY_59,PA,10,25,1.0,0.6100000000000001,True
ENZ_PAZY_59,PA,10,35,0.0,0.6100000000000001,True
ENZ_PAZY_59,PA,10,35,0.5,0.6100000000000001,True
ENZ_PAZY_59,PA,10,35,1.0,0.6100000000000001,True
ENZ_PAZY_59,PA,10,45,0.0,0.6100000000000001,True
ENZ_PAZY_59,PA,10,45,0.5,0.6100000000000001,True
ENZ_PAZY_59,PA,10,45,1.0,0.6100000000000001,True
ENZ_PAZY_59,PA,10,55,0.0,0.6100000000000001,True
ENZ_PAZY_59,PA,10,55,0.5,0.6100000000000001,True
ENZ_PAZY_59,PA,10,55,1.0,0.6100000000000001,True
ENZ_PAZY_59,PA,10,65,0.0,0.6100000000000001,True
ENZ_PAZY_59,PA,10,65,0.5,0.6100000000000001,True
ENZ_PAZY_59,PA,10,65,1.0,0.6100000000000001,True
ENZ_PAZY_61,PA,6,25,0.0,0.6100000000000001,True
ENZ_PAZY_61,PA,6,25,0.5,0.6100000000000001,True
ENZ_PAZY_61,PA,6,25,1.0,0.6100000000000001,True
ENZ_PAZY_61,PA,6,35,0.0,0.6100000000000001,True
ENZ_PAZY_61,PA,6,35,0.5,0.6100000000000001,True
ENZ_PAZY_61,PA,6,35,1.0,0.6100000000000001,True
ENZ_PAZY_61,PA,6,45,0.0,0.6100000000000001,True
ENZ_PAZY_61,PA,6,45,0.5,0.6100000000000001,True
ENZ_PAZY_61,PA,6,45,1.0,0.6100000000000001,True
ENZ_PAZY_61,PA,6,55,0.0,0.6100000000000001,True
ENZ_PAZY_61,PA,6,55,0.5,0.6100000000000001,True
ENZ_PAZY_61,PA,6,55,1.0,0.6100000000000001,True
ENZ_PAZY_61,PA,6,65,0.0,0.6100000000000001,True
ENZ_PAZY_61,PA,6,65,0.5,0.6100000000000001,True
ENZ_PAZY_61,PA,6,65,1.0,0.6100000000000001,True
ENZ_PAZY_61,PA,7,25,0.0,0.6100000000000001,True
ENZ_PAZY_61,PA,7,25,0.5,0.6100000000000001,True
ENZ_PAZY_61,PA,7,25,1.0,0.6100000000000001,True
ENZ_PAZY_61,PA,7,35,0.0,0.6100000000000001,True
ENZ_PAZY_61,PA,7,35,0.5,0.6100000000000001,True
ENZ_PAZY_61,PA,7,35,1.0,0.6100000000000001,True
ENZ_PAZY_61,PA,7,45,0.0,0.6100000000000001,True
ENZ_PAZY_61,PA,7,45,0.5,0.6100000000000001,True
ENZ_PAZY_61,PA,7,45,1.0,0.6100000000000001,True
ENZ_PAZY_61,PA,7,55,0.0,0.6100000000000001,True
ENZ_PAZY_61,PA,7,55,0.5,0.6100000000000001,True
ENZ_PAZY_61,PA,7,55,1.0,0.6100000000000001,True
ENZ_PAZY_61,PA,7,65,0.0,0.6100000000000001,True
ENZ_PAZY_61,PA,7,65,0.5,0.6100000000000001,True
ENZ_PAZY_61,PA,7,65,1.0,0.6100000000000001,True
ENZ_PAZY_61,PA,8,25,0.0,0.6100000000000001,True
ENZ_PAZY_61,PA,8,25,0.5,0.6100000000000001,True
ENZ_PAZY_61,PA,8,25,1.0,0.6100000000000001,True
ENZ_PAZY_61,PA,8,35,0.0,0.6100000000000001,True
ENZ_PAZY_61,PA,8,35,0.5,0.6100000000000001,True
ENZ_PAZY_61,PA,8,35,1.0,0.6100000000000001,True
ENZ_PAZY_61,PA,8,45,0.0,0.6100000000000001,True
ENZ_PAZY_61,PA,8,45,0.5,0.6100000000000001,True
ENZ_PAZY_61,PA,8,45,1.0,0.6100000000000001,True
ENZ_PAZY_61,PA,8,55,0.0,0.6100000000000001,True
ENZ_PAZY_61,PA,8,55,0.5,0.6100000000000001,True
ENZ_PAZY_61,PA,8,55,1.0,0.6100000000000001,True
ENZ_PAZY_61,PA,8,65,0.0,0.6100000000000001,True
ENZ_PAZY_61,PA,8,65,0.5,0.6100000000000001,True
ENZ_PAZY_61,PA,8,65,1.0,0.6100000000000001,True
ENZ_PAZY_61,PA,9,25,0.0,0.6100000000000001,True
ENZ_PAZY_61,PA,9,25,0.5,0.6100000000000001,True
ENZ_PAZY_61,PA,9,25,1.0,0.6100000000000001,True
ENZ_PAZY_61,PA,9,35,0.0,0.6100000000000001,True
ENZ_PAZY_61,PA,9,35,0.5,0.6100000000000001,True
ENZ_PAZY_61,PA,9,35,1.0,0.6100000000000001,True
ENZ_PAZY_61,PA,9,45,0.0,0.6100000000000001,True
ENZ_PAZY_61,PA,9,45,0.5,0.6100000000000001,True
ENZ_PAZY_61,PA,9,45,1.0,0.6100000000000001,True
ENZ_PAZY_61,PA,9,55,0.0,0.6100000000000001,True
ENZ_PAZY_61,PA,9,55,0.5,0.6100000000000001,True
ENZ_PAZY_61,PA,9,55,1.0,0.6100000000000001,True
ENZ_PAZY_61,PA,9,65,0.0,0.6100000000000001,True
ENZ_PAZY_61,PA,9,65,0.5,0.6100000000000001,True
ENZ_PAZY_61,PA,9,65,1.0,0.6100000000000001,True
ENZ_PAZY_61,PA,10,25,0.0,0.6100000000000001,True
ENZ_PAZY_61,PA,10,25,0.5,0.6100000000000001,True
ENZ_PAZY_61,PA,10,25,1.0,0.6100000000000001,True
ENZ_PAZY_61,PA,10,35,0.0,0.6100000000000001,True
ENZ_PAZY_61,PA,10,35,0.5,0.6100000000000001,True
ENZ_PAZY_61,PA,10,35,1.0,0.6100000000000001,True
ENZ_PAZY_61,PA,10,45,0.0,0.6100000000000001,True
ENZ_PAZY_61,PA,10,45,0.5,0.6100000000000001,True
ENZ_PAZY_61,PA,10,45,1.0,0.6100000000000001,True
ENZ_PAZY_61,PA,10,55,0.0,0.6100000000000001,True
ENZ_PAZY_61,PA,10,55,0.5,0.6100000000000001,True
ENZ_PAZY_61,PA,10,55,1.0,0.6100000000000001,True
ENZ_PAZY_61,PA,10,65,0.0,0.6100000000000001,True
ENZ_PAZY_61,PA,10,65,0.5,0.6100000000000001,True
ENZ_PAZY_61,PA,10,65,1.0,0.6100000000000001,True
ENZ_PAZY_62,PA,6,25,0.0,0.6100000000000001,True
ENZ_PAZY_62,PA,6,25,0.5,0.6100000000000001,True
ENZ_PAZY_62,PA,6,25,1.0,0.6100000000000001,True
ENZ_PAZY_62,PA,6,35,0.0,0.6100000000000001,True
ENZ_PAZY_62,PA,6,35,0.5,0.6100000000000001,True
ENZ_PAZY_62,PA,6,35,1.0,0.6100000000000001,True
ENZ_PAZY_62,PA,6,45,0.0,0.6100000000000001,True
ENZ_PAZY_62,PA,6,45,0.5,0.6100000000000001,True
ENZ_PAZY_62,PA,6,45,1.0,0.6100000000000001,True
ENZ_PAZY_62,PA,6,55,0.0,0.6100000000000001,True
ENZ_PAZY_62,PA,6,55,0.5,0.6100000000000001,True
ENZ_PAZY_62,PA,6,55,1.0,0.6100000000000001,True
ENZ_PAZY_62,PA,6,65,0.0,0.6100000000000001,True
ENZ_PAZY_62,PA,6,65,0.5,0.6100000000000001,True
ENZ_PAZY_62,PA,6,65,1.0,0.6100000000000001,True
ENZ_PAZY_62,PA,7,25,0.0,0.6100000000000001,True
ENZ_PAZY_62,PA,7,25,0.5,0.6100000000000001,True
ENZ_PAZY_62,PA,7,25,1.0,0.6100000000000001,True
ENZ_PAZY_62,PA,7,35,0.0,0.6100000000000001,True
ENZ_PAZY_62,PA,7,35,0.5,0.6100000000000001,True
ENZ_PAZY_62,PA,7,35,1.0,0.6100000000000001,True
ENZ_PAZY_62,PA,7,45,0.0,0.6100000000000001,True
ENZ_PAZY_62,PA,7,45,0.5,0.6100000000000001,True
ENZ_PAZY_62,PA,7,45,1.0,0.6100000000000001,True
ENZ_PAZY_62,PA,7,55,0.0,0.6100000000000001,True
ENZ_PAZY_62,PA,7,55,0.5,0.6100000000000001,True
ENZ_PAZY_62,PA,7,55,1.0,0.6100000000000001,True
ENZ_PAZY_62,PA,7,65,0.0,0.6100000000000001,True
ENZ_PAZY_62,PA,7,65,0.5,0.6100000000000001,True
ENZ_PAZY_62,PA,7,65,1.0,0.6100000000000001,True
ENZ_PAZY_62,PA,8,25,0.0,0.6100000000000001,True
ENZ_PAZY_62,PA,8,25,0.5,0.6100000000000001,True
ENZ_PAZY_62,PA,8,25,1.0,0.6100000000000001,True
ENZ_PAZY_62,PA,8,35,0.0,0.6100000000000001,True
ENZ_PAZY_62,PA,8,35,0.5,0.6100000000000001,True
ENZ_PAZY_62,PA,8,35,1.0,0.6100000000000001,True
ENZ_PAZY_62,PA,8,45,0.0,0.6100000000000001,True
ENZ_PAZY_62,PA,8,45,0.5,0.6100000000000001,True
ENZ_PAZY_62,PA,8,45,1.0,0.6100000000000001,True
ENZ_PAZY_62,PA,8,55,0.0,0.6100000000000001,True
ENZ_PAZY_62,PA,8,55,0.5,0.6100000000000001,True
ENZ_PAZY_62,PA,8,55,1.0,0.6100000000000001,True
ENZ_PAZY_62,PA,8,65,0.0,0.6100000000000001,True
ENZ_PAZY_62,PA,8,65,0.5,0.6100000000000001,True
ENZ_PAZY_62,PA,8,65,1.0,0.6100000000000001,True
ENZ_PAZY_62,PA,9,25,0.0,0.6100000000000001,True
ENZ_PAZY_62,PA,9,25,0.5,0.6100000000000001,True
ENZ_PAZY_62,PA,9,25,1.0,0.6100000000000001,True
ENZ_PAZY_62,PA,9,35,0.0,0.6100000000000001,True
ENZ_PAZY_62,PA,9,35,0.5,0.6100000000000001,True
ENZ_PAZY_62,PA,9,35,1.0,0.6100000000000001,True
ENZ_PAZY_62,PA,9,45,0.0,0.6100000000000001,True
ENZ_PAZY_62,PA,9,45,0.5,0.6100000000000001,True
ENZ_PAZY_62,PA,9,45,1.0,0.6100000000000001,True
ENZ_PAZY_62,PA,9,55,0.0,0.6100000000000001,True
ENZ_PAZY_62,PA,9,55,0.5,0.6100000000000001,True
ENZ_PAZY_62,PA,9,55,1.0,0.6100000000000001,True
ENZ_PAZY_62,PA,9,65,0.0,0.6100000000000001,True
ENZ_PAZY_62,PA,9,65,0.5,0.6100000000000001,True
ENZ_PAZY_62,PA,9,65,1.0,0.6100000000000001,True
ENZ_PAZY_62,PA,10,25,0.0,0.6100000000000001,True
ENZ_PAZY_62,PA,10,25,0.5,0.6100000000000001,True
ENZ_PAZY_62,PA,10,25,1.0,0.6100000000000001,True
ENZ_PAZY_62,PA,10,35,0.0,0.6100000000000001,True
ENZ_PAZY_62,PA,10,35,0.5,0.6100000000000001,True
ENZ_PAZY_62,PA,10,35,1.0,0.6100000000000001,True
ENZ_PAZY_62,PA,10,45,0.0,0.6100000000000001,True
ENZ_PAZY_62,PA,10,45,0.5,0.6100000000000001,True
ENZ_PAZY_62,PA,10,45,1.0,0.6100000000000001,True
ENZ_PAZY_62,PA,10,55,0.0,0.6100000000000001,True
ENZ_PAZY_62,PA,10,55,0.5,0.6100000000000001,True
ENZ_PAZY_62,PA,10,55,1.0,0.6100000000000001,True
ENZ_PAZY_62,PA,10,65,0.0,0.6100000000000001,True
ENZ_PAZY_62,PA,10,65,0.5,0.6100000000000001,True
ENZ_PAZY_62,PA,10,65,1.0,0.6100000000000001,True
ENZ_PAZY_63,PA,6,25,0.0,0.6100000000000001,True
ENZ_PAZY_63,PA,6,25,0.5,0.6100000000000001,True
ENZ_PAZY_63,PA,6,25,1.0,0.6100000000000001,True
ENZ_PAZY_63,PA,6,35,0.0,0.6100000000000001,True
ENZ_PAZY_63,PA,6,35,0.5,0.6100000000000001,True
ENZ_PAZY_63,PA,6,35,1.0,0.6100000000000001,True
ENZ_PAZY_63,PA,6,45,0.0,0.6100000000000001,True
ENZ_PAZY_63,PA,6,45,0.5,0.6100000000000001,True
ENZ_PAZY_63,PA,6,45,1.0,0.6100000000000001,True
ENZ_PAZY_63,PA,6,55,0.0,0.6100000000000001,True
ENZ_PAZY_63,PA,6,55,0.5,0.6100000000000001,True
ENZ_PAZY_63,PA,6,55,1.0,0.6100000000000001,True
ENZ_PAZY_63,PA,6,65,0.0,0.6100000000000001,True
ENZ_PAZY_63,PA,6,65,0.5,0.6100000000000001,True
ENZ_PAZY_63,PA,6,65,1.0,0.6100000000000001,True
ENZ_PAZY_63,PA,7,25,0.0,0.6100000000000001,True
ENZ_PAZY_63,PA,7,25,0.5,0.6100000000000001,True
ENZ_PAZY_63,PA,7,25,1.0,0.6100000000000001,True
ENZ_PAZY_63,PA,7,35,0.0,0.6100000000000001,True
ENZ_PAZY_63,PA,7,35,0.5,0.6100000000000001,True
ENZ_PAZY_63,PA,7,35,1.0,0.6100000000000001,True
ENZ_PAZY_63,PA,7,45,0.0,0.6100000000000001,True
ENZ_PAZY_63,PA,7,45,0.5,0.6100000000000001,True
ENZ_PAZY_63,PA,7,45,1.0,0.6100000000000001,True
ENZ_PAZY_63,PA,7,55,0.0,0.6100000000000001,True
ENZ_PAZY_63,PA,7,55,0.5,0.6100000000000001,True
ENZ_PAZY_63,PA,7,55,1.0,0.6100000000000001,True
ENZ_PAZY_63,PA,7,65,0.0,0.6100000000000001,True
ENZ_PAZY_63,PA,7,65,0.5,0.6100000000000001,True
ENZ_PAZY_63,PA,7,65,1.0,0.6100000000000001,True
ENZ_PAZY_63,PA,8,25,0.0,0.6100000000000001,True
ENZ_PAZY_63,PA,8,25,0.5,0.6100000000000001,True
ENZ_PAZY_63,PA,8,25,1.0,0.6100000000000001,True
ENZ_PAZY_63,PA,8,35,0.0,0.6100000000000001,True
ENZ_PAZY_63,PA,8,35,0.5,0.6100000000000001,True
ENZ_PAZY_63,PA,8,35,1.0,0.6100000000000001,True
ENZ_PAZY_63,PA,8,45,0.0,0.6100000000000001,True
ENZ_PAZY_63,PA,8,45,0.5,0.6100000000000001,True
ENZ_PAZY_63,PA,8,45,1.0,0.6100000000000001,True
ENZ_PAZY_63,PA,8,55,0.0,0.6100000000000001,True
ENZ_PAZY_63,PA,8,55,0.5,0.6100000000000001,True
ENZ_PAZY_63,PA,8,55,1.0,0.6100000000000001,True
ENZ_PAZY_63,PA,8,65,0.0,0.6100000000000001,True
ENZ_PAZY_63,PA,8,65,0.5,0.6100000000000001,True
ENZ_PAZY_63,PA,8,65,1.0,0.6100000000000001,True
ENZ_PAZY_63,PA,9,25,0.0,0.6100000000000001,True
ENZ_PAZY_63,PA,9,25,0.5,0.6100000000000001,True
ENZ_PAZY_63,PA,9,25,1.0,0.6100000000000001,True
ENZ_PAZY_63,PA,9,35,0.0,0.6100000000000001,True
ENZ_PAZY_63,PA,9,35,0.5,0.6100000000000001,True
ENZ_PAZY_63,PA,9,35,1.0,0.6100000000000001,True
ENZ_PAZY_63,PA,9,45,0.0,0.6100000000000001,True
ENZ_PAZY_63,PA,9,45,0.5,0.6100000000000001,True
ENZ_PAZY_63,PA,9,45,1.0,0.6100000000000001,True
ENZ_PAZY_63,PA,9,55,0.0,0.6100000000000001,True
ENZ_PAZY_63,PA,9,55,0.5,0.6100000000000001,True
ENZ_PAZY_63,PA,9,55,1.0,0.6100000000000001,True
ENZ_PAZY_63,PA,9,65,0.0,0.6100000000000001,True
ENZ_PAZY_63,PA,9,65,0.5,0.6100000000000001,True
ENZ_PAZY_63,PA,9,65,1.0,0.6100000000000001,True
ENZ_PAZY_63,PA,10,25,0.0,0.6100000000000001,True
ENZ_PAZY_63,PA,10,25,0.5,0.6100000000000001,True
ENZ_PAZY_63,PA,10,25,1.0,0.6100000000000001,True
ENZ_PAZY_63,PA,10,35,0.0,0.6100000000000001,True
ENZ_PAZY_63,PA,10,35,0.5,0.6100000000000001,True
ENZ_PAZY_63,PA,10,35,1.0,0.6100000000000001,True
ENZ_PAZY_63,PA,10,45,0.0,0.6100000000000001,True
ENZ_PAZY_63,PA,10,45,0.5,0.6100000000000001,True
ENZ_PAZY_63,PA,10,45,1.0,0.6100000000000001,True
ENZ_PAZY_63,PA,10,55,0.0,0.6100000000000001,True
ENZ_PAZY_63,PA,10,55,0.5,0.6100000000000001,True
ENZ_PAZY_63,PA,10,55,1.0,0.6100000000000001,True
ENZ_PAZY_63,PA,10,65,0.0,0.6100000000000001,True
ENZ_PAZY_63,PA,10,65,0.5,0.6100000000000001,True
ENZ_PAZY_63,PA,10,65,1.0,0.6100000000000001,True
ENZ_PAZY_65,PA,6,25,0.0,0.6100000000000001,True
ENZ_PAZY_65,PA,6,25,0.5,0.6100000000000001,True
ENZ_PAZY_65,PA,6,25,1.0,0.6100000000000001,True
ENZ_PAZY_65,PA,6,35,0.0,0.6100000000000001,True
ENZ_PAZY_65,PA,6,35,0.5,0.6100000000000001,True
ENZ_PAZY_65,PA,6,35,1.0,0.6100000000000001,True
ENZ_PAZY_65,PA,6,45,0.0,0.6100000000000001,True
ENZ_PAZY_65,PA,6,45,0.5,0.6100000000000001,True
ENZ_PAZY_65,PA,6,45,1.0,0.6100000000000001,True
ENZ_PAZY_65,PA,6,55,0.0,0.6100000000000001,True
ENZ_PAZY_65,PA,6,55,0.5,0.6100000000000001,True
ENZ_PAZY_65,PA,6,55,1.0,0.6100000000000001,True
ENZ_PAZY_65,PA,6,65,0.0,0.6100000000000001,True
ENZ_PAZY_65,PA,6,65,0.5,0.6100000000000001,True
ENZ_PAZY_65,PA,6,65,1.0,0.6100000000000001,True
ENZ_PAZY_65,PA,7,25,0.0,0.6100000000000001,True
ENZ_PAZY_65,PA,7,25,0.5,0.6100000000000001,True
ENZ_PAZY_65,PA,7,25,1.0,0.6100000000000001,True
ENZ_PAZY_65,PA,7,35,0.0,0.6100000000000001,True
ENZ_PAZY_65,PA,7,35,0.5,0.6100000000000001,True
ENZ_PAZY_65,PA,7,35,1.0,0.6100000000000001,True
ENZ_PAZY_65,PA,7,45,0.0,0.6100000000000001,True
ENZ_PAZY_65,PA,7,45,0.5,0.6100000000000001,True
ENZ_PAZY_65,PA,7,45,1.0,0.6100000000000001,True
ENZ_PAZY_65,PA,7,55,0.0,0.6100000000000001,True
ENZ_PAZY_65,PA,7,55,0.5,0.6100000000000001,True
ENZ_PAZY_65,PA,7,55,1.0,0.6100000000000001,True
ENZ_PAZY_65,PA,7,65,0.0,0.6100000000000001,True
ENZ_PAZY_65,PA,7,65,0.5,0.6100000000000001,True
ENZ_PAZY_65,PA,7,65,1.0,0.6100000000000001,True
ENZ_PAZY_65,PA,8,25,0.0,0.6100000000000001,True
ENZ_PAZY_65,PA,8,25,0.5,0.6100000000000001,True
ENZ_PAZY_65,PA,8,25,1.0,0.6100000000000001,True
ENZ_PAZY_65,PA,8,35,0.0,0.6100000000000001,True
ENZ_PAZY_65,PA,8,35,0.5,0.6100000000000001,True
ENZ_PAZY_65,PA,8,35,1.0,0.6100000000000001,True
ENZ_PAZY_65,PA,8,45,0.0,0.6100000000000001,True
ENZ_PAZY_65,PA,8,45,0.5,0.6100000000000001,True
ENZ_PAZY_65,PA,8,45,1.0,0.6100000000000001,True
ENZ_PAZY_65,PA,8,55,0.0,0.6100000000000001,True
ENZ_PAZY_65,PA,8,55,0.5,0.6100000000000001,True
ENZ_PAZY_65,PA,8,55,1.0,0.6100000000000001,True
ENZ_PAZY_65,PA,8,65,0.0,0.6100000000000001,True
ENZ_PAZY_65,PA,8,65,0.5,0.6100000000000001,True
ENZ_PAZY_65,PA,8,65,1.0,0.6100000000000001,True
ENZ_PAZY_65,PA,9,25,0.0,0.6100000000000001,True
ENZ_PAZY_65,PA,9,25,0.5,0.6100000000000001,True
ENZ_PAZY_65,PA,9,25,1.0,0.6100000000000001,True
ENZ_PAZY_65,PA,9,35,0.0,0.6100000000000001,True
ENZ_PAZY_65,PA,9,35,0.5,0.6100000000000001,True
ENZ_PAZY_65,PA,9,35,1.0,0.6100000000000001,True
ENZ_PAZY_65,PA,9,45,0.0,0.6100000000000001,True
ENZ_PAZY_65,PA,9,45,0.5,0.6100000000000001,True
ENZ_PAZY_65,PA,9,45,1.0,0.6100000000000001,True
ENZ_PAZY_65,PA,9,55,0.0,0.6100000000000001,True
ENZ_PAZY_65,PA,9,55,0.5,0.6100000000000001,True
ENZ_PAZY_65,PA,9,55,1.0,0.6100000000000001,True
ENZ_PAZY_65,PA,9,65,0.0,0.6100000000000001,True
ENZ_PAZY_65,PA,9,65,0.5,0.6100000000000001,True
ENZ_PAZY_65,PA,9,65,1.0,0.6100000000000001,True
ENZ_PAZY_65,PA,10,25,0.0,0.6100000000000001,True
ENZ_PAZY_65,PA,10,25,0.5,0.6100000000000001,True
ENZ_PAZY_65,PA,10,25,1.0,0.6100000000000001,True
ENZ_PAZY_65,PA,10,35,0.0,0.6100000000000001,True
ENZ_PAZY_65,PA,10,35,0.5,0.6100000000000001,True
ENZ_PAZY_65,PA,10,35,1.0,0.6100000000000001,True
ENZ_PAZY_65,PA,10,45,0.0,0.6100000000000001,True
ENZ_PAZY_65,PA,10,45,0.5,0.6100000000000001,True
ENZ_PAZY_65,PA,10,45,1.0,0.6100000000000001,True
ENZ_PAZY_65,PA,10,55,0.0,0.6100000000000001,True
ENZ_PAZY_65,PA,10,55,0.5,0.6100000000000001,True
ENZ_PAZY_65,PA,10,55,1.0,0.6100000000000001,True
ENZ_PAZY_65,PA,10,65,0.0,0.6100000000000001,True
ENZ_PAZY_65,PA,10,65,0.5,0.6100000000000001,True
ENZ_PAZY_65,PA,10,65,1.0,0.6100000000000001,True
